id,method,setting_id,batch_number
1,debiased_pc,1,1
2,debiased_pc,1,2
3,debiased_pc,1,3
4,debiased_pc,1,4
5,debiased_pc,1,5
6,debiased_pc,1,6
7,debiased_pc,1,7
8,debiased_pc,1,8
9,debiased_pc,1,9
10,debiased_pc,1,10
11,debiased_pc,1,11
12,debiased_pc,1,12
13,debiased_pc,1,13
14,debiased_pc,1,14
15,debiased_pc,1,15
16,debiased_pc,1,16
17,debiased_pc,1,17
18,debiased_pc,1,18
19,debiased_pc,1,19
20,debiased_pc,1,20
21,debiased_pc,1,21
22,debiased_pc,1,22
23,debiased_pc,1,23
24,debiased_pc,1,24
25,debiased_pc,1,25
26,debiased_pc,1,26
27,debiased_pc,1,27
28,debiased_pc,1,28
29,debiased_pc,1,29
30,debiased_pc,1,30
31,debiased_pc,1,31
32,debiased_pc,1,32
33,debiased_pc,1,33
34,debiased_pc,1,34
35,debiased_pc,1,35
36,debiased_pc,1,36
37,debiased_pc,1,37
38,debiased_pc,1,38
39,debiased_pc,1,39
40,debiased_pc,1,40
41,debiased_pc,1,41
42,debiased_pc,1,42
43,debiased_pc,1,43
44,debiased_pc,1,44
45,debiased_pc,1,45
46,debiased_pc,1,46
47,debiased_pc,1,47
48,debiased_pc,1,48
49,debiased_pc,1,49
50,debiased_pc,1,50
51,debiased_pc,1,51
52,debiased_pc,1,52
53,debiased_pc,1,53
54,debiased_pc,1,54
55,debiased_pc,1,55
56,debiased_pc,1,56
57,debiased_pc,1,57
58,debiased_pc,1,58
59,debiased_pc,1,59
60,debiased_pc,1,60
61,debiased_pc,1,61
62,debiased_pc,1,62
63,debiased_pc,1,63
64,debiased_pc,1,64
65,debiased_pc,1,65
66,debiased_pc,1,66
67,debiased_pc,1,67
68,debiased_pc,1,68
69,debiased_pc,1,69
70,debiased_pc,1,70
71,debiased_pc,1,71
72,debiased_pc,1,72
73,debiased_pc,1,73
74,debiased_pc,1,74
75,debiased_pc,1,75
76,debiased_pc,1,76
77,debiased_pc,1,77
78,debiased_pc,1,78
79,debiased_pc,1,79
80,debiased_pc,1,80
81,debiased_pc,1,81
82,debiased_pc,1,82
83,debiased_pc,1,83
84,debiased_pc,1,84
85,debiased_pc,1,85
86,debiased_pc,1,86
87,debiased_pc,1,87
88,debiased_pc,1,88
89,debiased_pc,1,89
90,debiased_pc,1,90
91,debiased_pc,1,91
92,debiased_pc,1,92
93,debiased_pc,1,93
94,debiased_pc,1,94
95,debiased_pc,1,95
96,debiased_pc,1,96
97,debiased_pc,1,97
98,debiased_pc,1,98
99,debiased_pc,1,99
100,debiased_pc,1,100
101,oracle_pc,1,1
102,oracle_pc,1,2
103,oracle_pc,1,3
104,oracle_pc,1,4
105,oracle_pc,1,5
106,oracle_pc,1,6
107,oracle_pc,1,7
108,oracle_pc,1,8
109,oracle_pc,1,9
110,oracle_pc,1,10
111,oracle_pc,1,11
112,oracle_pc,1,12
113,oracle_pc,1,13
114,oracle_pc,1,14
115,oracle_pc,1,15
116,oracle_pc,1,16
117,oracle_pc,1,17
118,oracle_pc,1,18
119,oracle_pc,1,19
120,oracle_pc,1,20
121,oracle_pc,1,21
122,oracle_pc,1,22
123,oracle_pc,1,23
124,oracle_pc,1,24
125,oracle_pc,1,25
126,oracle_pc,1,26
127,oracle_pc,1,27
128,oracle_pc,1,28
129,oracle_pc,1,29
130,oracle_pc,1,30
131,oracle_pc,1,31
132,oracle_pc,1,32
133,oracle_pc,1,33
134,oracle_pc,1,34
135,oracle_pc,1,35
136,oracle_pc,1,36
137,oracle_pc,1,37
138,oracle_pc,1,38
139,oracle_pc,1,39
140,oracle_pc,1,40
141,oracle_pc,1,41
142,oracle_pc,1,42
143,oracle_pc,1,43
144,oracle_pc,1,44
145,oracle_pc,1,45
146,oracle_pc,1,46
147,oracle_pc,1,47
148,oracle_pc,1,48
149,oracle_pc,1,49
150,oracle_pc,1,50
151,oracle_pc,1,51
152,oracle_pc,1,52
153,oracle_pc,1,53
154,oracle_pc,1,54
155,oracle_pc,1,55
156,oracle_pc,1,56
157,oracle_pc,1,57
158,oracle_pc,1,58
159,oracle_pc,1,59
160,oracle_pc,1,60
161,oracle_pc,1,61
162,oracle_pc,1,62
163,oracle_pc,1,63
164,oracle_pc,1,64
165,oracle_pc,1,65
166,oracle_pc,1,66
167,oracle_pc,1,67
168,oracle_pc,1,68
169,oracle_pc,1,69
170,oracle_pc,1,70
171,oracle_pc,1,71
172,oracle_pc,1,72
173,oracle_pc,1,73
174,oracle_pc,1,74
175,oracle_pc,1,75
176,oracle_pc,1,76
177,oracle_pc,1,77
178,oracle_pc,1,78
179,oracle_pc,1,79
180,oracle_pc,1,80
181,oracle_pc,1,81
182,oracle_pc,1,82
183,oracle_pc,1,83
184,oracle_pc,1,84
185,oracle_pc,1,85
186,oracle_pc,1,86
187,oracle_pc,1,87
188,oracle_pc,1,88
189,oracle_pc,1,89
190,oracle_pc,1,90
191,oracle_pc,1,91
192,oracle_pc,1,92
193,oracle_pc,1,93
194,oracle_pc,1,94
195,oracle_pc,1,95
196,oracle_pc,1,96
197,oracle_pc,1,97
198,oracle_pc,1,98
199,oracle_pc,1,99
200,oracle_pc,1,100
201,plug_in_pc,1,1
202,plug_in_pc,1,2
203,plug_in_pc,1,3
204,plug_in_pc,1,4
205,plug_in_pc,1,5
206,plug_in_pc,1,6
207,plug_in_pc,1,7
208,plug_in_pc,1,8
209,plug_in_pc,1,9
210,plug_in_pc,1,10
211,plug_in_pc,1,11
212,plug_in_pc,1,12
213,plug_in_pc,1,13
214,plug_in_pc,1,14
215,plug_in_pc,1,15
216,plug_in_pc,1,16
217,plug_in_pc,1,17
218,plug_in_pc,1,18
219,plug_in_pc,1,19
220,plug_in_pc,1,20
221,plug_in_pc,1,21
222,plug_in_pc,1,22
223,plug_in_pc,1,23
224,plug_in_pc,1,24
225,plug_in_pc,1,25
226,plug_in_pc,1,26
227,plug_in_pc,1,27
228,plug_in_pc,1,28
229,plug_in_pc,1,29
230,plug_in_pc,1,30
231,plug_in_pc,1,31
232,plug_in_pc,1,32
233,plug_in_pc,1,33
234,plug_in_pc,1,34
235,plug_in_pc,1,35
236,plug_in_pc,1,36
237,plug_in_pc,1,37
238,plug_in_pc,1,38
239,plug_in_pc,1,39
240,plug_in_pc,1,40
241,plug_in_pc,1,41
242,plug_in_pc,1,42
243,plug_in_pc,1,43
244,plug_in_pc,1,44
245,plug_in_pc,1,45
246,plug_in_pc,1,46
247,plug_in_pc,1,47
248,plug_in_pc,1,48
249,plug_in_pc,1,49
250,plug_in_pc,1,50
251,plug_in_pc,1,51
252,plug_in_pc,1,52
253,plug_in_pc,1,53
254,plug_in_pc,1,54
255,plug_in_pc,1,55
256,plug_in_pc,1,56
257,plug_in_pc,1,57
258,plug_in_pc,1,58
259,plug_in_pc,1,59
260,plug_in_pc,1,60
261,plug_in_pc,1,61
262,plug_in_pc,1,62
263,plug_in_pc,1,63
264,plug_in_pc,1,64
265,plug_in_pc,1,65
266,plug_in_pc,1,66
267,plug_in_pc,1,67
268,plug_in_pc,1,68
269,plug_in_pc,1,69
270,plug_in_pc,1,70
271,plug_in_pc,1,71
272,plug_in_pc,1,72
273,plug_in_pc,1,73
274,plug_in_pc,1,74
275,plug_in_pc,1,75
276,plug_in_pc,1,76
277,plug_in_pc,1,77
278,plug_in_pc,1,78
279,plug_in_pc,1,79
280,plug_in_pc,1,80
281,plug_in_pc,1,81
282,plug_in_pc,1,82
283,plug_in_pc,1,83
284,plug_in_pc,1,84
285,plug_in_pc,1,85
286,plug_in_pc,1,86
287,plug_in_pc,1,87
288,plug_in_pc,1,88
289,plug_in_pc,1,89
290,plug_in_pc,1,90
291,plug_in_pc,1,91
292,plug_in_pc,1,92
293,plug_in_pc,1,93
294,plug_in_pc,1,94
295,plug_in_pc,1,95
296,plug_in_pc,1,96
297,plug_in_pc,1,97
298,plug_in_pc,1,98
299,plug_in_pc,1,99
300,plug_in_pc,1,100
301,debiased_pc,2,1
302,debiased_pc,2,2
303,debiased_pc,2,3
304,debiased_pc,2,4
305,debiased_pc,2,5
306,debiased_pc,2,6
307,debiased_pc,2,7
308,debiased_pc,2,8
309,debiased_pc,2,9
310,debiased_pc,2,10
311,debiased_pc,2,11
312,debiased_pc,2,12
313,debiased_pc,2,13
314,debiased_pc,2,14
315,debiased_pc,2,15
316,debiased_pc,2,16
317,debiased_pc,2,17
318,debiased_pc,2,18
319,debiased_pc,2,19
320,debiased_pc,2,20
321,debiased_pc,2,21
322,debiased_pc,2,22
323,debiased_pc,2,23
324,debiased_pc,2,24
325,debiased_pc,2,25
326,debiased_pc,2,26
327,debiased_pc,2,27
328,debiased_pc,2,28
329,debiased_pc,2,29
330,debiased_pc,2,30
331,debiased_pc,2,31
332,debiased_pc,2,32
333,debiased_pc,2,33
334,debiased_pc,2,34
335,debiased_pc,2,35
336,debiased_pc,2,36
337,debiased_pc,2,37
338,debiased_pc,2,38
339,debiased_pc,2,39
340,debiased_pc,2,40
341,debiased_pc,2,41
342,debiased_pc,2,42
343,debiased_pc,2,43
344,debiased_pc,2,44
345,debiased_pc,2,45
346,debiased_pc,2,46
347,debiased_pc,2,47
348,debiased_pc,2,48
349,debiased_pc,2,49
350,debiased_pc,2,50
351,debiased_pc,2,51
352,debiased_pc,2,52
353,debiased_pc,2,53
354,debiased_pc,2,54
355,debiased_pc,2,55
356,debiased_pc,2,56
357,debiased_pc,2,57
358,debiased_pc,2,58
359,debiased_pc,2,59
360,debiased_pc,2,60
361,debiased_pc,2,61
362,debiased_pc,2,62
363,debiased_pc,2,63
364,debiased_pc,2,64
365,debiased_pc,2,65
366,debiased_pc,2,66
367,debiased_pc,2,67
368,debiased_pc,2,68
369,debiased_pc,2,69
370,debiased_pc,2,70
371,debiased_pc,2,71
372,debiased_pc,2,72
373,debiased_pc,2,73
374,debiased_pc,2,74
375,debiased_pc,2,75
376,debiased_pc,2,76
377,debiased_pc,2,77
378,debiased_pc,2,78
379,debiased_pc,2,79
380,debiased_pc,2,80
381,debiased_pc,2,81
382,debiased_pc,2,82
383,debiased_pc,2,83
384,debiased_pc,2,84
385,debiased_pc,2,85
386,debiased_pc,2,86
387,debiased_pc,2,87
388,debiased_pc,2,88
389,debiased_pc,2,89
390,debiased_pc,2,90
391,debiased_pc,2,91
392,debiased_pc,2,92
393,debiased_pc,2,93
394,debiased_pc,2,94
395,debiased_pc,2,95
396,debiased_pc,2,96
397,debiased_pc,2,97
398,debiased_pc,2,98
399,debiased_pc,2,99
400,debiased_pc,2,100
401,oracle_pc,2,1
402,oracle_pc,2,2
403,oracle_pc,2,3
404,oracle_pc,2,4
405,oracle_pc,2,5
406,oracle_pc,2,6
407,oracle_pc,2,7
408,oracle_pc,2,8
409,oracle_pc,2,9
410,oracle_pc,2,10
411,oracle_pc,2,11
412,oracle_pc,2,12
413,oracle_pc,2,13
414,oracle_pc,2,14
415,oracle_pc,2,15
416,oracle_pc,2,16
417,oracle_pc,2,17
418,oracle_pc,2,18
419,oracle_pc,2,19
420,oracle_pc,2,20
421,oracle_pc,2,21
422,oracle_pc,2,22
423,oracle_pc,2,23
424,oracle_pc,2,24
425,oracle_pc,2,25
426,oracle_pc,2,26
427,oracle_pc,2,27
428,oracle_pc,2,28
429,oracle_pc,2,29
430,oracle_pc,2,30
431,oracle_pc,2,31
432,oracle_pc,2,32
433,oracle_pc,2,33
434,oracle_pc,2,34
435,oracle_pc,2,35
436,oracle_pc,2,36
437,oracle_pc,2,37
438,oracle_pc,2,38
439,oracle_pc,2,39
440,oracle_pc,2,40
441,oracle_pc,2,41
442,oracle_pc,2,42
443,oracle_pc,2,43
444,oracle_pc,2,44
445,oracle_pc,2,45
446,oracle_pc,2,46
447,oracle_pc,2,47
448,oracle_pc,2,48
449,oracle_pc,2,49
450,oracle_pc,2,50
451,oracle_pc,2,51
452,oracle_pc,2,52
453,oracle_pc,2,53
454,oracle_pc,2,54
455,oracle_pc,2,55
456,oracle_pc,2,56
457,oracle_pc,2,57
458,oracle_pc,2,58
459,oracle_pc,2,59
460,oracle_pc,2,60
461,oracle_pc,2,61
462,oracle_pc,2,62
463,oracle_pc,2,63
464,oracle_pc,2,64
465,oracle_pc,2,65
466,oracle_pc,2,66
467,oracle_pc,2,67
468,oracle_pc,2,68
469,oracle_pc,2,69
470,oracle_pc,2,70
471,oracle_pc,2,71
472,oracle_pc,2,72
473,oracle_pc,2,73
474,oracle_pc,2,74
475,oracle_pc,2,75
476,oracle_pc,2,76
477,oracle_pc,2,77
478,oracle_pc,2,78
479,oracle_pc,2,79
480,oracle_pc,2,80
481,oracle_pc,2,81
482,oracle_pc,2,82
483,oracle_pc,2,83
484,oracle_pc,2,84
485,oracle_pc,2,85
486,oracle_pc,2,86
487,oracle_pc,2,87
488,oracle_pc,2,88
489,oracle_pc,2,89
490,oracle_pc,2,90
491,oracle_pc,2,91
492,oracle_pc,2,92
493,oracle_pc,2,93
494,oracle_pc,2,94
495,oracle_pc,2,95
496,oracle_pc,2,96
497,oracle_pc,2,97
498,oracle_pc,2,98
499,oracle_pc,2,99
500,oracle_pc,2,100
501,plug_in_pc,2,1
502,plug_in_pc,2,2
503,plug_in_pc,2,3
504,plug_in_pc,2,4
505,plug_in_pc,2,5
506,plug_in_pc,2,6
507,plug_in_pc,2,7
508,plug_in_pc,2,8
509,plug_in_pc,2,9
510,plug_in_pc,2,10
511,plug_in_pc,2,11
512,plug_in_pc,2,12
513,plug_in_pc,2,13
514,plug_in_pc,2,14
515,plug_in_pc,2,15
516,plug_in_pc,2,16
517,plug_in_pc,2,17
518,plug_in_pc,2,18
519,plug_in_pc,2,19
520,plug_in_pc,2,20
521,plug_in_pc,2,21
522,plug_in_pc,2,22
523,plug_in_pc,2,23
524,plug_in_pc,2,24
525,plug_in_pc,2,25
526,plug_in_pc,2,26
527,plug_in_pc,2,27
528,plug_in_pc,2,28
529,plug_in_pc,2,29
530,plug_in_pc,2,30
531,plug_in_pc,2,31
532,plug_in_pc,2,32
533,plug_in_pc,2,33
534,plug_in_pc,2,34
535,plug_in_pc,2,35
536,plug_in_pc,2,36
537,plug_in_pc,2,37
538,plug_in_pc,2,38
539,plug_in_pc,2,39
540,plug_in_pc,2,40
541,plug_in_pc,2,41
542,plug_in_pc,2,42
543,plug_in_pc,2,43
544,plug_in_pc,2,44
545,plug_in_pc,2,45
546,plug_in_pc,2,46
547,plug_in_pc,2,47
548,plug_in_pc,2,48
549,plug_in_pc,2,49
550,plug_in_pc,2,50
551,plug_in_pc,2,51
552,plug_in_pc,2,52
553,plug_in_pc,2,53
554,plug_in_pc,2,54
555,plug_in_pc,2,55
556,plug_in_pc,2,56
557,plug_in_pc,2,57
558,plug_in_pc,2,58
559,plug_in_pc,2,59
560,plug_in_pc,2,60
561,plug_in_pc,2,61
562,plug_in_pc,2,62
563,plug_in_pc,2,63
564,plug_in_pc,2,64
565,plug_in_pc,2,65
566,plug_in_pc,2,66
567,plug_in_pc,2,67
568,plug_in_pc,2,68
569,plug_in_pc,2,69
570,plug_in_pc,2,70
571,plug_in_pc,2,71
572,plug_in_pc,2,72
573,plug_in_pc,2,73
574,plug_in_pc,2,74
575,plug_in_pc,2,75
576,plug_in_pc,2,76
577,plug_in_pc,2,77
578,plug_in_pc,2,78
579,plug_in_pc,2,79
580,plug_in_pc,2,80
581,plug_in_pc,2,81
582,plug_in_pc,2,82
583,plug_in_pc,2,83
584,plug_in_pc,2,84
585,plug_in_pc,2,85
586,plug_in_pc,2,86
587,plug_in_pc,2,87
588,plug_in_pc,2,88
589,plug_in_pc,2,89
590,plug_in_pc,2,90
591,plug_in_pc,2,91
592,plug_in_pc,2,92
593,plug_in_pc,2,93
594,plug_in_pc,2,94
595,plug_in_pc,2,95
596,plug_in_pc,2,96
597,plug_in_pc,2,97
598,plug_in_pc,2,98
599,plug_in_pc,2,99
600,plug_in_pc,2,100
601,debiased_pc,3,1
602,debiased_pc,3,2
603,debiased_pc,3,3
604,debiased_pc,3,4
605,debiased_pc,3,5
606,debiased_pc,3,6
607,debiased_pc,3,7
608,debiased_pc,3,8
609,debiased_pc,3,9
610,debiased_pc,3,10
611,debiased_pc,3,11
612,debiased_pc,3,12
613,debiased_pc,3,13
614,debiased_pc,3,14
615,debiased_pc,3,15
616,debiased_pc,3,16
617,debiased_pc,3,17
618,debiased_pc,3,18
619,debiased_pc,3,19
620,debiased_pc,3,20
621,debiased_pc,3,21
622,debiased_pc,3,22
623,debiased_pc,3,23
624,debiased_pc,3,24
625,debiased_pc,3,25
626,debiased_pc,3,26
627,debiased_pc,3,27
628,debiased_pc,3,28
629,debiased_pc,3,29
630,debiased_pc,3,30
631,debiased_pc,3,31
632,debiased_pc,3,32
633,debiased_pc,3,33
634,debiased_pc,3,34
635,debiased_pc,3,35
636,debiased_pc,3,36
637,debiased_pc,3,37
638,debiased_pc,3,38
639,debiased_pc,3,39
640,debiased_pc,3,40
641,debiased_pc,3,41
642,debiased_pc,3,42
643,debiased_pc,3,43
644,debiased_pc,3,44
645,debiased_pc,3,45
646,debiased_pc,3,46
647,debiased_pc,3,47
648,debiased_pc,3,48
649,debiased_pc,3,49
650,debiased_pc,3,50
651,debiased_pc,3,51
652,debiased_pc,3,52
653,debiased_pc,3,53
654,debiased_pc,3,54
655,debiased_pc,3,55
656,debiased_pc,3,56
657,debiased_pc,3,57
658,debiased_pc,3,58
659,debiased_pc,3,59
660,debiased_pc,3,60
661,debiased_pc,3,61
662,debiased_pc,3,62
663,debiased_pc,3,63
664,debiased_pc,3,64
665,debiased_pc,3,65
666,debiased_pc,3,66
667,debiased_pc,3,67
668,debiased_pc,3,68
669,debiased_pc,3,69
670,debiased_pc,3,70
671,debiased_pc,3,71
672,debiased_pc,3,72
673,debiased_pc,3,73
674,debiased_pc,3,74
675,debiased_pc,3,75
676,debiased_pc,3,76
677,debiased_pc,3,77
678,debiased_pc,3,78
679,debiased_pc,3,79
680,debiased_pc,3,80
681,debiased_pc,3,81
682,debiased_pc,3,82
683,debiased_pc,3,83
684,debiased_pc,3,84
685,debiased_pc,3,85
686,debiased_pc,3,86
687,debiased_pc,3,87
688,debiased_pc,3,88
689,debiased_pc,3,89
690,debiased_pc,3,90
691,debiased_pc,3,91
692,debiased_pc,3,92
693,debiased_pc,3,93
694,debiased_pc,3,94
695,debiased_pc,3,95
696,debiased_pc,3,96
697,debiased_pc,3,97
698,debiased_pc,3,98
699,debiased_pc,3,99
700,debiased_pc,3,100
701,oracle_pc,3,1
702,oracle_pc,3,2
703,oracle_pc,3,3
704,oracle_pc,3,4
705,oracle_pc,3,5
706,oracle_pc,3,6
707,oracle_pc,3,7
708,oracle_pc,3,8
709,oracle_pc,3,9
710,oracle_pc,3,10
711,oracle_pc,3,11
712,oracle_pc,3,12
713,oracle_pc,3,13
714,oracle_pc,3,14
715,oracle_pc,3,15
716,oracle_pc,3,16
717,oracle_pc,3,17
718,oracle_pc,3,18
719,oracle_pc,3,19
720,oracle_pc,3,20
721,oracle_pc,3,21
722,oracle_pc,3,22
723,oracle_pc,3,23
724,oracle_pc,3,24
725,oracle_pc,3,25
726,oracle_pc,3,26
727,oracle_pc,3,27
728,oracle_pc,3,28
729,oracle_pc,3,29
730,oracle_pc,3,30
731,oracle_pc,3,31
732,oracle_pc,3,32
733,oracle_pc,3,33
734,oracle_pc,3,34
735,oracle_pc,3,35
736,oracle_pc,3,36
737,oracle_pc,3,37
738,oracle_pc,3,38
739,oracle_pc,3,39
740,oracle_pc,3,40
741,oracle_pc,3,41
742,oracle_pc,3,42
743,oracle_pc,3,43
744,oracle_pc,3,44
745,oracle_pc,3,45
746,oracle_pc,3,46
747,oracle_pc,3,47
748,oracle_pc,3,48
749,oracle_pc,3,49
750,oracle_pc,3,50
751,oracle_pc,3,51
752,oracle_pc,3,52
753,oracle_pc,3,53
754,oracle_pc,3,54
755,oracle_pc,3,55
756,oracle_pc,3,56
757,oracle_pc,3,57
758,oracle_pc,3,58
759,oracle_pc,3,59
760,oracle_pc,3,60
761,oracle_pc,3,61
762,oracle_pc,3,62
763,oracle_pc,3,63
764,oracle_pc,3,64
765,oracle_pc,3,65
766,oracle_pc,3,66
767,oracle_pc,3,67
768,oracle_pc,3,68
769,oracle_pc,3,69
770,oracle_pc,3,70
771,oracle_pc,3,71
772,oracle_pc,3,72
773,oracle_pc,3,73
774,oracle_pc,3,74
775,oracle_pc,3,75
776,oracle_pc,3,76
777,oracle_pc,3,77
778,oracle_pc,3,78
779,oracle_pc,3,79
780,oracle_pc,3,80
781,oracle_pc,3,81
782,oracle_pc,3,82
783,oracle_pc,3,83
784,oracle_pc,3,84
785,oracle_pc,3,85
786,oracle_pc,3,86
787,oracle_pc,3,87
788,oracle_pc,3,88
789,oracle_pc,3,89
790,oracle_pc,3,90
791,oracle_pc,3,91
792,oracle_pc,3,92
793,oracle_pc,3,93
794,oracle_pc,3,94
795,oracle_pc,3,95
796,oracle_pc,3,96
797,oracle_pc,3,97
798,oracle_pc,3,98
799,oracle_pc,3,99
800,oracle_pc,3,100
801,plug_in_pc,3,1
802,plug_in_pc,3,2
803,plug_in_pc,3,3
804,plug_in_pc,3,4
805,plug_in_pc,3,5
806,plug_in_pc,3,6
807,plug_in_pc,3,7
808,plug_in_pc,3,8
809,plug_in_pc,3,9
810,plug_in_pc,3,10
811,plug_in_pc,3,11
812,plug_in_pc,3,12
813,plug_in_pc,3,13
814,plug_in_pc,3,14
815,plug_in_pc,3,15
816,plug_in_pc,3,16
817,plug_in_pc,3,17
818,plug_in_pc,3,18
819,plug_in_pc,3,19
820,plug_in_pc,3,20
821,plug_in_pc,3,21
822,plug_in_pc,3,22
823,plug_in_pc,3,23
824,plug_in_pc,3,24
825,plug_in_pc,3,25
826,plug_in_pc,3,26
827,plug_in_pc,3,27
828,plug_in_pc,3,28
829,plug_in_pc,3,29
830,plug_in_pc,3,30
831,plug_in_pc,3,31
832,plug_in_pc,3,32
833,plug_in_pc,3,33
834,plug_in_pc,3,34
835,plug_in_pc,3,35
836,plug_in_pc,3,36
837,plug_in_pc,3,37
838,plug_in_pc,3,38
839,plug_in_pc,3,39
840,plug_in_pc,3,40
841,plug_in_pc,3,41
842,plug_in_pc,3,42
843,plug_in_pc,3,43
844,plug_in_pc,3,44
845,plug_in_pc,3,45
846,plug_in_pc,3,46
847,plug_in_pc,3,47
848,plug_in_pc,3,48
849,plug_in_pc,3,49
850,plug_in_pc,3,50
851,plug_in_pc,3,51
852,plug_in_pc,3,52
853,plug_in_pc,3,53
854,plug_in_pc,3,54
855,plug_in_pc,3,55
856,plug_in_pc,3,56
857,plug_in_pc,3,57
858,plug_in_pc,3,58
859,plug_in_pc,3,59
860,plug_in_pc,3,60
861,plug_in_pc,3,61
862,plug_in_pc,3,62
863,plug_in_pc,3,63
864,plug_in_pc,3,64
865,plug_in_pc,3,65
866,plug_in_pc,3,66
867,plug_in_pc,3,67
868,plug_in_pc,3,68
869,plug_in_pc,3,69
870,plug_in_pc,3,70
871,plug_in_pc,3,71
872,plug_in_pc,3,72
873,plug_in_pc,3,73
874,plug_in_pc,3,74
875,plug_in_pc,3,75
876,plug_in_pc,3,76
877,plug_in_pc,3,77
878,plug_in_pc,3,78
879,plug_in_pc,3,79
880,plug_in_pc,3,80
881,plug_in_pc,3,81
882,plug_in_pc,3,82
883,plug_in_pc,3,83
884,plug_in_pc,3,84
885,plug_in_pc,3,85
886,plug_in_pc,3,86
887,plug_in_pc,3,87
888,plug_in_pc,3,88
889,plug_in_pc,3,89
890,plug_in_pc,3,90
891,plug_in_pc,3,91
892,plug_in_pc,3,92
893,plug_in_pc,3,93
894,plug_in_pc,3,94
895,plug_in_pc,3,95
896,plug_in_pc,3,96
897,plug_in_pc,3,97
898,plug_in_pc,3,98
899,plug_in_pc,3,99
900,plug_in_pc,3,100
901,debiased_pc,4,1
902,debiased_pc,4,2
903,debiased_pc,4,3
904,debiased_pc,4,4
905,debiased_pc,4,5
906,debiased_pc,4,6
907,debiased_pc,4,7
908,debiased_pc,4,8
909,debiased_pc,4,9
910,debiased_pc,4,10
911,debiased_pc,4,11
912,debiased_pc,4,12
913,debiased_pc,4,13
914,debiased_pc,4,14
915,debiased_pc,4,15
916,debiased_pc,4,16
917,debiased_pc,4,17
918,debiased_pc,4,18
919,debiased_pc,4,19
920,debiased_pc,4,20
921,debiased_pc,4,21
922,debiased_pc,4,22
923,debiased_pc,4,23
924,debiased_pc,4,24
925,debiased_pc,4,25
926,debiased_pc,4,26
927,debiased_pc,4,27
928,debiased_pc,4,28
929,debiased_pc,4,29
930,debiased_pc,4,30
931,debiased_pc,4,31
932,debiased_pc,4,32
933,debiased_pc,4,33
934,debiased_pc,4,34
935,debiased_pc,4,35
936,debiased_pc,4,36
937,debiased_pc,4,37
938,debiased_pc,4,38
939,debiased_pc,4,39
940,debiased_pc,4,40
941,debiased_pc,4,41
942,debiased_pc,4,42
943,debiased_pc,4,43
944,debiased_pc,4,44
945,debiased_pc,4,45
946,debiased_pc,4,46
947,debiased_pc,4,47
948,debiased_pc,4,48
949,debiased_pc,4,49
950,debiased_pc,4,50
951,debiased_pc,4,51
952,debiased_pc,4,52
953,debiased_pc,4,53
954,debiased_pc,4,54
955,debiased_pc,4,55
956,debiased_pc,4,56
957,debiased_pc,4,57
958,debiased_pc,4,58
959,debiased_pc,4,59
960,debiased_pc,4,60
961,debiased_pc,4,61
962,debiased_pc,4,62
963,debiased_pc,4,63
964,debiased_pc,4,64
965,debiased_pc,4,65
966,debiased_pc,4,66
967,debiased_pc,4,67
968,debiased_pc,4,68
969,debiased_pc,4,69
970,debiased_pc,4,70
971,debiased_pc,4,71
972,debiased_pc,4,72
973,debiased_pc,4,73
974,debiased_pc,4,74
975,debiased_pc,4,75
976,debiased_pc,4,76
977,debiased_pc,4,77
978,debiased_pc,4,78
979,debiased_pc,4,79
980,debiased_pc,4,80
981,debiased_pc,4,81
982,debiased_pc,4,82
983,debiased_pc,4,83
984,debiased_pc,4,84
985,debiased_pc,4,85
986,debiased_pc,4,86
987,debiased_pc,4,87
988,debiased_pc,4,88
989,debiased_pc,4,89
990,debiased_pc,4,90
991,debiased_pc,4,91
992,debiased_pc,4,92
993,debiased_pc,4,93
994,debiased_pc,4,94
995,debiased_pc,4,95
996,debiased_pc,4,96
997,debiased_pc,4,97
998,debiased_pc,4,98
999,debiased_pc,4,99
1000,debiased_pc,4,100
1001,oracle_pc,4,1
1002,oracle_pc,4,2
1003,oracle_pc,4,3
1004,oracle_pc,4,4
1005,oracle_pc,4,5
1006,oracle_pc,4,6
1007,oracle_pc,4,7
1008,oracle_pc,4,8
1009,oracle_pc,4,9
1010,oracle_pc,4,10
1011,oracle_pc,4,11
1012,oracle_pc,4,12
1013,oracle_pc,4,13
1014,oracle_pc,4,14
1015,oracle_pc,4,15
1016,oracle_pc,4,16
1017,oracle_pc,4,17
1018,oracle_pc,4,18
1019,oracle_pc,4,19
1020,oracle_pc,4,20
1021,oracle_pc,4,21
1022,oracle_pc,4,22
1023,oracle_pc,4,23
1024,oracle_pc,4,24
1025,oracle_pc,4,25
1026,oracle_pc,4,26
1027,oracle_pc,4,27
1028,oracle_pc,4,28
1029,oracle_pc,4,29
1030,oracle_pc,4,30
1031,oracle_pc,4,31
1032,oracle_pc,4,32
1033,oracle_pc,4,33
1034,oracle_pc,4,34
1035,oracle_pc,4,35
1036,oracle_pc,4,36
1037,oracle_pc,4,37
1038,oracle_pc,4,38
1039,oracle_pc,4,39
1040,oracle_pc,4,40
1041,oracle_pc,4,41
1042,oracle_pc,4,42
1043,oracle_pc,4,43
1044,oracle_pc,4,44
1045,oracle_pc,4,45
1046,oracle_pc,4,46
1047,oracle_pc,4,47
1048,oracle_pc,4,48
1049,oracle_pc,4,49
1050,oracle_pc,4,50
1051,oracle_pc,4,51
1052,oracle_pc,4,52
1053,oracle_pc,4,53
1054,oracle_pc,4,54
1055,oracle_pc,4,55
1056,oracle_pc,4,56
1057,oracle_pc,4,57
1058,oracle_pc,4,58
1059,oracle_pc,4,59
1060,oracle_pc,4,60
1061,oracle_pc,4,61
1062,oracle_pc,4,62
1063,oracle_pc,4,63
1064,oracle_pc,4,64
1065,oracle_pc,4,65
1066,oracle_pc,4,66
1067,oracle_pc,4,67
1068,oracle_pc,4,68
1069,oracle_pc,4,69
1070,oracle_pc,4,70
1071,oracle_pc,4,71
1072,oracle_pc,4,72
1073,oracle_pc,4,73
1074,oracle_pc,4,74
1075,oracle_pc,4,75
1076,oracle_pc,4,76
1077,oracle_pc,4,77
1078,oracle_pc,4,78
1079,oracle_pc,4,79
1080,oracle_pc,4,80
1081,oracle_pc,4,81
1082,oracle_pc,4,82
1083,oracle_pc,4,83
1084,oracle_pc,4,84
1085,oracle_pc,4,85
1086,oracle_pc,4,86
1087,oracle_pc,4,87
1088,oracle_pc,4,88
1089,oracle_pc,4,89
1090,oracle_pc,4,90
1091,oracle_pc,4,91
1092,oracle_pc,4,92
1093,oracle_pc,4,93
1094,oracle_pc,4,94
1095,oracle_pc,4,95
1096,oracle_pc,4,96
1097,oracle_pc,4,97
1098,oracle_pc,4,98
1099,oracle_pc,4,99
1100,oracle_pc,4,100
1101,plug_in_pc,4,1
1102,plug_in_pc,4,2
1103,plug_in_pc,4,3
1104,plug_in_pc,4,4
1105,plug_in_pc,4,5
1106,plug_in_pc,4,6
1107,plug_in_pc,4,7
1108,plug_in_pc,4,8
1109,plug_in_pc,4,9
1110,plug_in_pc,4,10
1111,plug_in_pc,4,11
1112,plug_in_pc,4,12
1113,plug_in_pc,4,13
1114,plug_in_pc,4,14
1115,plug_in_pc,4,15
1116,plug_in_pc,4,16
1117,plug_in_pc,4,17
1118,plug_in_pc,4,18
1119,plug_in_pc,4,19
1120,plug_in_pc,4,20
1121,plug_in_pc,4,21
1122,plug_in_pc,4,22
1123,plug_in_pc,4,23
1124,plug_in_pc,4,24
1125,plug_in_pc,4,25
1126,plug_in_pc,4,26
1127,plug_in_pc,4,27
1128,plug_in_pc,4,28
1129,plug_in_pc,4,29
1130,plug_in_pc,4,30
1131,plug_in_pc,4,31
1132,plug_in_pc,4,32
1133,plug_in_pc,4,33
1134,plug_in_pc,4,34
1135,plug_in_pc,4,35
1136,plug_in_pc,4,36
1137,plug_in_pc,4,37
1138,plug_in_pc,4,38
1139,plug_in_pc,4,39
1140,plug_in_pc,4,40
1141,plug_in_pc,4,41
1142,plug_in_pc,4,42
1143,plug_in_pc,4,43
1144,plug_in_pc,4,44
1145,plug_in_pc,4,45
1146,plug_in_pc,4,46
1147,plug_in_pc,4,47
1148,plug_in_pc,4,48
1149,plug_in_pc,4,49
1150,plug_in_pc,4,50
1151,plug_in_pc,4,51
1152,plug_in_pc,4,52
1153,plug_in_pc,4,53
1154,plug_in_pc,4,54
1155,plug_in_pc,4,55
1156,plug_in_pc,4,56
1157,plug_in_pc,4,57
1158,plug_in_pc,4,58
1159,plug_in_pc,4,59
1160,plug_in_pc,4,60
1161,plug_in_pc,4,61
1162,plug_in_pc,4,62
1163,plug_in_pc,4,63
1164,plug_in_pc,4,64
1165,plug_in_pc,4,65
1166,plug_in_pc,4,66
1167,plug_in_pc,4,67
1168,plug_in_pc,4,68
1169,plug_in_pc,4,69
1170,plug_in_pc,4,70
1171,plug_in_pc,4,71
1172,plug_in_pc,4,72
1173,plug_in_pc,4,73
1174,plug_in_pc,4,74
1175,plug_in_pc,4,75
1176,plug_in_pc,4,76
1177,plug_in_pc,4,77
1178,plug_in_pc,4,78
1179,plug_in_pc,4,79
1180,plug_in_pc,4,80
1181,plug_in_pc,4,81
1182,plug_in_pc,4,82
1183,plug_in_pc,4,83
1184,plug_in_pc,4,84
1185,plug_in_pc,4,85
1186,plug_in_pc,4,86
1187,plug_in_pc,4,87
1188,plug_in_pc,4,88
1189,plug_in_pc,4,89
1190,plug_in_pc,4,90
1191,plug_in_pc,4,91
1192,plug_in_pc,4,92
1193,plug_in_pc,4,93
1194,plug_in_pc,4,94
1195,plug_in_pc,4,95
1196,plug_in_pc,4,96
1197,plug_in_pc,4,97
1198,plug_in_pc,4,98
1199,plug_in_pc,4,99
1200,plug_in_pc,4,100
1201,debiased_pc,5,1
1202,debiased_pc,5,2
1203,debiased_pc,5,3
1204,debiased_pc,5,4
1205,debiased_pc,5,5
1206,debiased_pc,5,6
1207,debiased_pc,5,7
1208,debiased_pc,5,8
1209,debiased_pc,5,9
1210,debiased_pc,5,10
1211,debiased_pc,5,11
1212,debiased_pc,5,12
1213,debiased_pc,5,13
1214,debiased_pc,5,14
1215,debiased_pc,5,15
1216,debiased_pc,5,16
1217,debiased_pc,5,17
1218,debiased_pc,5,18
1219,debiased_pc,5,19
1220,debiased_pc,5,20
1221,debiased_pc,5,21
1222,debiased_pc,5,22
1223,debiased_pc,5,23
1224,debiased_pc,5,24
1225,debiased_pc,5,25
1226,debiased_pc,5,26
1227,debiased_pc,5,27
1228,debiased_pc,5,28
1229,debiased_pc,5,29
1230,debiased_pc,5,30
1231,debiased_pc,5,31
1232,debiased_pc,5,32
1233,debiased_pc,5,33
1234,debiased_pc,5,34
1235,debiased_pc,5,35
1236,debiased_pc,5,36
1237,debiased_pc,5,37
1238,debiased_pc,5,38
1239,debiased_pc,5,39
1240,debiased_pc,5,40
1241,debiased_pc,5,41
1242,debiased_pc,5,42
1243,debiased_pc,5,43
1244,debiased_pc,5,44
1245,debiased_pc,5,45
1246,debiased_pc,5,46
1247,debiased_pc,5,47
1248,debiased_pc,5,48
1249,debiased_pc,5,49
1250,debiased_pc,5,50
1251,debiased_pc,5,51
1252,debiased_pc,5,52
1253,debiased_pc,5,53
1254,debiased_pc,5,54
1255,debiased_pc,5,55
1256,debiased_pc,5,56
1257,debiased_pc,5,57
1258,debiased_pc,5,58
1259,debiased_pc,5,59
1260,debiased_pc,5,60
1261,debiased_pc,5,61
1262,debiased_pc,5,62
1263,debiased_pc,5,63
1264,debiased_pc,5,64
1265,debiased_pc,5,65
1266,debiased_pc,5,66
1267,debiased_pc,5,67
1268,debiased_pc,5,68
1269,debiased_pc,5,69
1270,debiased_pc,5,70
1271,debiased_pc,5,71
1272,debiased_pc,5,72
1273,debiased_pc,5,73
1274,debiased_pc,5,74
1275,debiased_pc,5,75
1276,debiased_pc,5,76
1277,debiased_pc,5,77
1278,debiased_pc,5,78
1279,debiased_pc,5,79
1280,debiased_pc,5,80
1281,debiased_pc,5,81
1282,debiased_pc,5,82
1283,debiased_pc,5,83
1284,debiased_pc,5,84
1285,debiased_pc,5,85
1286,debiased_pc,5,86
1287,debiased_pc,5,87
1288,debiased_pc,5,88
1289,debiased_pc,5,89
1290,debiased_pc,5,90
1291,debiased_pc,5,91
1292,debiased_pc,5,92
1293,debiased_pc,5,93
1294,debiased_pc,5,94
1295,debiased_pc,5,95
1296,debiased_pc,5,96
1297,debiased_pc,5,97
1298,debiased_pc,5,98
1299,debiased_pc,5,99
1300,debiased_pc,5,100
1301,oracle_pc,5,1
1302,oracle_pc,5,2
1303,oracle_pc,5,3
1304,oracle_pc,5,4
1305,oracle_pc,5,5
1306,oracle_pc,5,6
1307,oracle_pc,5,7
1308,oracle_pc,5,8
1309,oracle_pc,5,9
1310,oracle_pc,5,10
1311,oracle_pc,5,11
1312,oracle_pc,5,12
1313,oracle_pc,5,13
1314,oracle_pc,5,14
1315,oracle_pc,5,15
1316,oracle_pc,5,16
1317,oracle_pc,5,17
1318,oracle_pc,5,18
1319,oracle_pc,5,19
1320,oracle_pc,5,20
1321,oracle_pc,5,21
1322,oracle_pc,5,22
1323,oracle_pc,5,23
1324,oracle_pc,5,24
1325,oracle_pc,5,25
1326,oracle_pc,5,26
1327,oracle_pc,5,27
1328,oracle_pc,5,28
1329,oracle_pc,5,29
1330,oracle_pc,5,30
1331,oracle_pc,5,31
1332,oracle_pc,5,32
1333,oracle_pc,5,33
1334,oracle_pc,5,34
1335,oracle_pc,5,35
1336,oracle_pc,5,36
1337,oracle_pc,5,37
1338,oracle_pc,5,38
1339,oracle_pc,5,39
1340,oracle_pc,5,40
1341,oracle_pc,5,41
1342,oracle_pc,5,42
1343,oracle_pc,5,43
1344,oracle_pc,5,44
1345,oracle_pc,5,45
1346,oracle_pc,5,46
1347,oracle_pc,5,47
1348,oracle_pc,5,48
1349,oracle_pc,5,49
1350,oracle_pc,5,50
1351,oracle_pc,5,51
1352,oracle_pc,5,52
1353,oracle_pc,5,53
1354,oracle_pc,5,54
1355,oracle_pc,5,55
1356,oracle_pc,5,56
1357,oracle_pc,5,57
1358,oracle_pc,5,58
1359,oracle_pc,5,59
1360,oracle_pc,5,60
1361,oracle_pc,5,61
1362,oracle_pc,5,62
1363,oracle_pc,5,63
1364,oracle_pc,5,64
1365,oracle_pc,5,65
1366,oracle_pc,5,66
1367,oracle_pc,5,67
1368,oracle_pc,5,68
1369,oracle_pc,5,69
1370,oracle_pc,5,70
1371,oracle_pc,5,71
1372,oracle_pc,5,72
1373,oracle_pc,5,73
1374,oracle_pc,5,74
1375,oracle_pc,5,75
1376,oracle_pc,5,76
1377,oracle_pc,5,77
1378,oracle_pc,5,78
1379,oracle_pc,5,79
1380,oracle_pc,5,80
1381,oracle_pc,5,81
1382,oracle_pc,5,82
1383,oracle_pc,5,83
1384,oracle_pc,5,84
1385,oracle_pc,5,85
1386,oracle_pc,5,86
1387,oracle_pc,5,87
1388,oracle_pc,5,88
1389,oracle_pc,5,89
1390,oracle_pc,5,90
1391,oracle_pc,5,91
1392,oracle_pc,5,92
1393,oracle_pc,5,93
1394,oracle_pc,5,94
1395,oracle_pc,5,95
1396,oracle_pc,5,96
1397,oracle_pc,5,97
1398,oracle_pc,5,98
1399,oracle_pc,5,99
1400,oracle_pc,5,100
1401,plug_in_pc,5,1
1402,plug_in_pc,5,2
1403,plug_in_pc,5,3
1404,plug_in_pc,5,4
1405,plug_in_pc,5,5
1406,plug_in_pc,5,6
1407,plug_in_pc,5,7
1408,plug_in_pc,5,8
1409,plug_in_pc,5,9
1410,plug_in_pc,5,10
1411,plug_in_pc,5,11
1412,plug_in_pc,5,12
1413,plug_in_pc,5,13
1414,plug_in_pc,5,14
1415,plug_in_pc,5,15
1416,plug_in_pc,5,16
1417,plug_in_pc,5,17
1418,plug_in_pc,5,18
1419,plug_in_pc,5,19
1420,plug_in_pc,5,20
1421,plug_in_pc,5,21
1422,plug_in_pc,5,22
1423,plug_in_pc,5,23
1424,plug_in_pc,5,24
1425,plug_in_pc,5,25
1426,plug_in_pc,5,26
1427,plug_in_pc,5,27
1428,plug_in_pc,5,28
1429,plug_in_pc,5,29
1430,plug_in_pc,5,30
1431,plug_in_pc,5,31
1432,plug_in_pc,5,32
1433,plug_in_pc,5,33
1434,plug_in_pc,5,34
1435,plug_in_pc,5,35
1436,plug_in_pc,5,36
1437,plug_in_pc,5,37
1438,plug_in_pc,5,38
1439,plug_in_pc,5,39
1440,plug_in_pc,5,40
1441,plug_in_pc,5,41
1442,plug_in_pc,5,42
1443,plug_in_pc,5,43
1444,plug_in_pc,5,44
1445,plug_in_pc,5,45
1446,plug_in_pc,5,46
1447,plug_in_pc,5,47
1448,plug_in_pc,5,48
1449,plug_in_pc,5,49
1450,plug_in_pc,5,50
1451,plug_in_pc,5,51
1452,plug_in_pc,5,52
1453,plug_in_pc,5,53
1454,plug_in_pc,5,54
1455,plug_in_pc,5,55
1456,plug_in_pc,5,56
1457,plug_in_pc,5,57
1458,plug_in_pc,5,58
1459,plug_in_pc,5,59
1460,plug_in_pc,5,60
1461,plug_in_pc,5,61
1462,plug_in_pc,5,62
1463,plug_in_pc,5,63
1464,plug_in_pc,5,64
1465,plug_in_pc,5,65
1466,plug_in_pc,5,66
1467,plug_in_pc,5,67
1468,plug_in_pc,5,68
1469,plug_in_pc,5,69
1470,plug_in_pc,5,70
1471,plug_in_pc,5,71
1472,plug_in_pc,5,72
1473,plug_in_pc,5,73
1474,plug_in_pc,5,74
1475,plug_in_pc,5,75
1476,plug_in_pc,5,76
1477,plug_in_pc,5,77
1478,plug_in_pc,5,78
1479,plug_in_pc,5,79
1480,plug_in_pc,5,80
1481,plug_in_pc,5,81
1482,plug_in_pc,5,82
1483,plug_in_pc,5,83
1484,plug_in_pc,5,84
1485,plug_in_pc,5,85
1486,plug_in_pc,5,86
1487,plug_in_pc,5,87
1488,plug_in_pc,5,88
1489,plug_in_pc,5,89
1490,plug_in_pc,5,90
1491,plug_in_pc,5,91
1492,plug_in_pc,5,92
1493,plug_in_pc,5,93
1494,plug_in_pc,5,94
1495,plug_in_pc,5,95
1496,plug_in_pc,5,96
1497,plug_in_pc,5,97
1498,plug_in_pc,5,98
1499,plug_in_pc,5,99
1500,plug_in_pc,5,100
1501,debiased_pc,6,1
1502,debiased_pc,6,2
1503,debiased_pc,6,3
1504,debiased_pc,6,4
1505,debiased_pc,6,5
1506,debiased_pc,6,6
1507,debiased_pc,6,7
1508,debiased_pc,6,8
1509,debiased_pc,6,9
1510,debiased_pc,6,10
1511,debiased_pc,6,11
1512,debiased_pc,6,12
1513,debiased_pc,6,13
1514,debiased_pc,6,14
1515,debiased_pc,6,15
1516,debiased_pc,6,16
1517,debiased_pc,6,17
1518,debiased_pc,6,18
1519,debiased_pc,6,19
1520,debiased_pc,6,20
1521,debiased_pc,6,21
1522,debiased_pc,6,22
1523,debiased_pc,6,23
1524,debiased_pc,6,24
1525,debiased_pc,6,25
1526,debiased_pc,6,26
1527,debiased_pc,6,27
1528,debiased_pc,6,28
1529,debiased_pc,6,29
1530,debiased_pc,6,30
1531,debiased_pc,6,31
1532,debiased_pc,6,32
1533,debiased_pc,6,33
1534,debiased_pc,6,34
1535,debiased_pc,6,35
1536,debiased_pc,6,36
1537,debiased_pc,6,37
1538,debiased_pc,6,38
1539,debiased_pc,6,39
1540,debiased_pc,6,40
1541,debiased_pc,6,41
1542,debiased_pc,6,42
1543,debiased_pc,6,43
1544,debiased_pc,6,44
1545,debiased_pc,6,45
1546,debiased_pc,6,46
1547,debiased_pc,6,47
1548,debiased_pc,6,48
1549,debiased_pc,6,49
1550,debiased_pc,6,50
1551,debiased_pc,6,51
1552,debiased_pc,6,52
1553,debiased_pc,6,53
1554,debiased_pc,6,54
1555,debiased_pc,6,55
1556,debiased_pc,6,56
1557,debiased_pc,6,57
1558,debiased_pc,6,58
1559,debiased_pc,6,59
1560,debiased_pc,6,60
1561,debiased_pc,6,61
1562,debiased_pc,6,62
1563,debiased_pc,6,63
1564,debiased_pc,6,64
1565,debiased_pc,6,65
1566,debiased_pc,6,66
1567,debiased_pc,6,67
1568,debiased_pc,6,68
1569,debiased_pc,6,69
1570,debiased_pc,6,70
1571,debiased_pc,6,71
1572,debiased_pc,6,72
1573,debiased_pc,6,73
1574,debiased_pc,6,74
1575,debiased_pc,6,75
1576,debiased_pc,6,76
1577,debiased_pc,6,77
1578,debiased_pc,6,78
1579,debiased_pc,6,79
1580,debiased_pc,6,80
1581,debiased_pc,6,81
1582,debiased_pc,6,82
1583,debiased_pc,6,83
1584,debiased_pc,6,84
1585,debiased_pc,6,85
1586,debiased_pc,6,86
1587,debiased_pc,6,87
1588,debiased_pc,6,88
1589,debiased_pc,6,89
1590,debiased_pc,6,90
1591,debiased_pc,6,91
1592,debiased_pc,6,92
1593,debiased_pc,6,93
1594,debiased_pc,6,94
1595,debiased_pc,6,95
1596,debiased_pc,6,96
1597,debiased_pc,6,97
1598,debiased_pc,6,98
1599,debiased_pc,6,99
1600,debiased_pc,6,100
1601,oracle_pc,6,1
1602,oracle_pc,6,2
1603,oracle_pc,6,3
1604,oracle_pc,6,4
1605,oracle_pc,6,5
1606,oracle_pc,6,6
1607,oracle_pc,6,7
1608,oracle_pc,6,8
1609,oracle_pc,6,9
1610,oracle_pc,6,10
1611,oracle_pc,6,11
1612,oracle_pc,6,12
1613,oracle_pc,6,13
1614,oracle_pc,6,14
1615,oracle_pc,6,15
1616,oracle_pc,6,16
1617,oracle_pc,6,17
1618,oracle_pc,6,18
1619,oracle_pc,6,19
1620,oracle_pc,6,20
1621,oracle_pc,6,21
1622,oracle_pc,6,22
1623,oracle_pc,6,23
1624,oracle_pc,6,24
1625,oracle_pc,6,25
1626,oracle_pc,6,26
1627,oracle_pc,6,27
1628,oracle_pc,6,28
1629,oracle_pc,6,29
1630,oracle_pc,6,30
1631,oracle_pc,6,31
1632,oracle_pc,6,32
1633,oracle_pc,6,33
1634,oracle_pc,6,34
1635,oracle_pc,6,35
1636,oracle_pc,6,36
1637,oracle_pc,6,37
1638,oracle_pc,6,38
1639,oracle_pc,6,39
1640,oracle_pc,6,40
1641,oracle_pc,6,41
1642,oracle_pc,6,42
1643,oracle_pc,6,43
1644,oracle_pc,6,44
1645,oracle_pc,6,45
1646,oracle_pc,6,46
1647,oracle_pc,6,47
1648,oracle_pc,6,48
1649,oracle_pc,6,49
1650,oracle_pc,6,50
1651,oracle_pc,6,51
1652,oracle_pc,6,52
1653,oracle_pc,6,53
1654,oracle_pc,6,54
1655,oracle_pc,6,55
1656,oracle_pc,6,56
1657,oracle_pc,6,57
1658,oracle_pc,6,58
1659,oracle_pc,6,59
1660,oracle_pc,6,60
1661,oracle_pc,6,61
1662,oracle_pc,6,62
1663,oracle_pc,6,63
1664,oracle_pc,6,64
1665,oracle_pc,6,65
1666,oracle_pc,6,66
1667,oracle_pc,6,67
1668,oracle_pc,6,68
1669,oracle_pc,6,69
1670,oracle_pc,6,70
1671,oracle_pc,6,71
1672,oracle_pc,6,72
1673,oracle_pc,6,73
1674,oracle_pc,6,74
1675,oracle_pc,6,75
1676,oracle_pc,6,76
1677,oracle_pc,6,77
1678,oracle_pc,6,78
1679,oracle_pc,6,79
1680,oracle_pc,6,80
1681,oracle_pc,6,81
1682,oracle_pc,6,82
1683,oracle_pc,6,83
1684,oracle_pc,6,84
1685,oracle_pc,6,85
1686,oracle_pc,6,86
1687,oracle_pc,6,87
1688,oracle_pc,6,88
1689,oracle_pc,6,89
1690,oracle_pc,6,90
1691,oracle_pc,6,91
1692,oracle_pc,6,92
1693,oracle_pc,6,93
1694,oracle_pc,6,94
1695,oracle_pc,6,95
1696,oracle_pc,6,96
1697,oracle_pc,6,97
1698,oracle_pc,6,98
1699,oracle_pc,6,99
1700,oracle_pc,6,100
1701,plug_in_pc,6,1
1702,plug_in_pc,6,2
1703,plug_in_pc,6,3
1704,plug_in_pc,6,4
1705,plug_in_pc,6,5
1706,plug_in_pc,6,6
1707,plug_in_pc,6,7
1708,plug_in_pc,6,8
1709,plug_in_pc,6,9
1710,plug_in_pc,6,10
1711,plug_in_pc,6,11
1712,plug_in_pc,6,12
1713,plug_in_pc,6,13
1714,plug_in_pc,6,14
1715,plug_in_pc,6,15
1716,plug_in_pc,6,16
1717,plug_in_pc,6,17
1718,plug_in_pc,6,18
1719,plug_in_pc,6,19
1720,plug_in_pc,6,20
1721,plug_in_pc,6,21
1722,plug_in_pc,6,22
1723,plug_in_pc,6,23
1724,plug_in_pc,6,24
1725,plug_in_pc,6,25
1726,plug_in_pc,6,26
1727,plug_in_pc,6,27
1728,plug_in_pc,6,28
1729,plug_in_pc,6,29
1730,plug_in_pc,6,30
1731,plug_in_pc,6,31
1732,plug_in_pc,6,32
1733,plug_in_pc,6,33
1734,plug_in_pc,6,34
1735,plug_in_pc,6,35
1736,plug_in_pc,6,36
1737,plug_in_pc,6,37
1738,plug_in_pc,6,38
1739,plug_in_pc,6,39
1740,plug_in_pc,6,40
1741,plug_in_pc,6,41
1742,plug_in_pc,6,42
1743,plug_in_pc,6,43
1744,plug_in_pc,6,44
1745,plug_in_pc,6,45
1746,plug_in_pc,6,46
1747,plug_in_pc,6,47
1748,plug_in_pc,6,48
1749,plug_in_pc,6,49
1750,plug_in_pc,6,50
1751,plug_in_pc,6,51
1752,plug_in_pc,6,52
1753,plug_in_pc,6,53
1754,plug_in_pc,6,54
1755,plug_in_pc,6,55
1756,plug_in_pc,6,56
1757,plug_in_pc,6,57
1758,plug_in_pc,6,58
1759,plug_in_pc,6,59
1760,plug_in_pc,6,60
1761,plug_in_pc,6,61
1762,plug_in_pc,6,62
1763,plug_in_pc,6,63
1764,plug_in_pc,6,64
1765,plug_in_pc,6,65
1766,plug_in_pc,6,66
1767,plug_in_pc,6,67
1768,plug_in_pc,6,68
1769,plug_in_pc,6,69
1770,plug_in_pc,6,70
1771,plug_in_pc,6,71
1772,plug_in_pc,6,72
1773,plug_in_pc,6,73
1774,plug_in_pc,6,74
1775,plug_in_pc,6,75
1776,plug_in_pc,6,76
1777,plug_in_pc,6,77
1778,plug_in_pc,6,78
1779,plug_in_pc,6,79
1780,plug_in_pc,6,80
1781,plug_in_pc,6,81
1782,plug_in_pc,6,82
1783,plug_in_pc,6,83
1784,plug_in_pc,6,84
1785,plug_in_pc,6,85
1786,plug_in_pc,6,86
1787,plug_in_pc,6,87
1788,plug_in_pc,6,88
1789,plug_in_pc,6,89
1790,plug_in_pc,6,90
1791,plug_in_pc,6,91
1792,plug_in_pc,6,92
1793,plug_in_pc,6,93
1794,plug_in_pc,6,94
1795,plug_in_pc,6,95
1796,plug_in_pc,6,96
1797,plug_in_pc,6,97
1798,plug_in_pc,6,98
1799,plug_in_pc,6,99
1800,plug_in_pc,6,100
1801,debiased_pc,7,1
1802,debiased_pc,7,2
1803,debiased_pc,7,3
1804,debiased_pc,7,4
1805,debiased_pc,7,5
1806,debiased_pc,7,6
1807,debiased_pc,7,7
1808,debiased_pc,7,8
1809,debiased_pc,7,9
1810,debiased_pc,7,10
1811,debiased_pc,7,11
1812,debiased_pc,7,12
1813,debiased_pc,7,13
1814,debiased_pc,7,14
1815,debiased_pc,7,15
1816,debiased_pc,7,16
1817,debiased_pc,7,17
1818,debiased_pc,7,18
1819,debiased_pc,7,19
1820,debiased_pc,7,20
1821,debiased_pc,7,21
1822,debiased_pc,7,22
1823,debiased_pc,7,23
1824,debiased_pc,7,24
1825,debiased_pc,7,25
1826,debiased_pc,7,26
1827,debiased_pc,7,27
1828,debiased_pc,7,28
1829,debiased_pc,7,29
1830,debiased_pc,7,30
1831,debiased_pc,7,31
1832,debiased_pc,7,32
1833,debiased_pc,7,33
1834,debiased_pc,7,34
1835,debiased_pc,7,35
1836,debiased_pc,7,36
1837,debiased_pc,7,37
1838,debiased_pc,7,38
1839,debiased_pc,7,39
1840,debiased_pc,7,40
1841,debiased_pc,7,41
1842,debiased_pc,7,42
1843,debiased_pc,7,43
1844,debiased_pc,7,44
1845,debiased_pc,7,45
1846,debiased_pc,7,46
1847,debiased_pc,7,47
1848,debiased_pc,7,48
1849,debiased_pc,7,49
1850,debiased_pc,7,50
1851,debiased_pc,7,51
1852,debiased_pc,7,52
1853,debiased_pc,7,53
1854,debiased_pc,7,54
1855,debiased_pc,7,55
1856,debiased_pc,7,56
1857,debiased_pc,7,57
1858,debiased_pc,7,58
1859,debiased_pc,7,59
1860,debiased_pc,7,60
1861,debiased_pc,7,61
1862,debiased_pc,7,62
1863,debiased_pc,7,63
1864,debiased_pc,7,64
1865,debiased_pc,7,65
1866,debiased_pc,7,66
1867,debiased_pc,7,67
1868,debiased_pc,7,68
1869,debiased_pc,7,69
1870,debiased_pc,7,70
1871,debiased_pc,7,71
1872,debiased_pc,7,72
1873,debiased_pc,7,73
1874,debiased_pc,7,74
1875,debiased_pc,7,75
1876,debiased_pc,7,76
1877,debiased_pc,7,77
1878,debiased_pc,7,78
1879,debiased_pc,7,79
1880,debiased_pc,7,80
1881,debiased_pc,7,81
1882,debiased_pc,7,82
1883,debiased_pc,7,83
1884,debiased_pc,7,84
1885,debiased_pc,7,85
1886,debiased_pc,7,86
1887,debiased_pc,7,87
1888,debiased_pc,7,88
1889,debiased_pc,7,89
1890,debiased_pc,7,90
1891,debiased_pc,7,91
1892,debiased_pc,7,92
1893,debiased_pc,7,93
1894,debiased_pc,7,94
1895,debiased_pc,7,95
1896,debiased_pc,7,96
1897,debiased_pc,7,97
1898,debiased_pc,7,98
1899,debiased_pc,7,99
1900,debiased_pc,7,100
1901,oracle_pc,7,1
1902,oracle_pc,7,2
1903,oracle_pc,7,3
1904,oracle_pc,7,4
1905,oracle_pc,7,5
1906,oracle_pc,7,6
1907,oracle_pc,7,7
1908,oracle_pc,7,8
1909,oracle_pc,7,9
1910,oracle_pc,7,10
1911,oracle_pc,7,11
1912,oracle_pc,7,12
1913,oracle_pc,7,13
1914,oracle_pc,7,14
1915,oracle_pc,7,15
1916,oracle_pc,7,16
1917,oracle_pc,7,17
1918,oracle_pc,7,18
1919,oracle_pc,7,19
1920,oracle_pc,7,20
1921,oracle_pc,7,21
1922,oracle_pc,7,22
1923,oracle_pc,7,23
1924,oracle_pc,7,24
1925,oracle_pc,7,25
1926,oracle_pc,7,26
1927,oracle_pc,7,27
1928,oracle_pc,7,28
1929,oracle_pc,7,29
1930,oracle_pc,7,30
1931,oracle_pc,7,31
1932,oracle_pc,7,32
1933,oracle_pc,7,33
1934,oracle_pc,7,34
1935,oracle_pc,7,35
1936,oracle_pc,7,36
1937,oracle_pc,7,37
1938,oracle_pc,7,38
1939,oracle_pc,7,39
1940,oracle_pc,7,40
1941,oracle_pc,7,41
1942,oracle_pc,7,42
1943,oracle_pc,7,43
1944,oracle_pc,7,44
1945,oracle_pc,7,45
1946,oracle_pc,7,46
1947,oracle_pc,7,47
1948,oracle_pc,7,48
1949,oracle_pc,7,49
1950,oracle_pc,7,50
1951,oracle_pc,7,51
1952,oracle_pc,7,52
1953,oracle_pc,7,53
1954,oracle_pc,7,54
1955,oracle_pc,7,55
1956,oracle_pc,7,56
1957,oracle_pc,7,57
1958,oracle_pc,7,58
1959,oracle_pc,7,59
1960,oracle_pc,7,60
1961,oracle_pc,7,61
1962,oracle_pc,7,62
1963,oracle_pc,7,63
1964,oracle_pc,7,64
1965,oracle_pc,7,65
1966,oracle_pc,7,66
1967,oracle_pc,7,67
1968,oracle_pc,7,68
1969,oracle_pc,7,69
1970,oracle_pc,7,70
1971,oracle_pc,7,71
1972,oracle_pc,7,72
1973,oracle_pc,7,73
1974,oracle_pc,7,74
1975,oracle_pc,7,75
1976,oracle_pc,7,76
1977,oracle_pc,7,77
1978,oracle_pc,7,78
1979,oracle_pc,7,79
1980,oracle_pc,7,80
1981,oracle_pc,7,81
1982,oracle_pc,7,82
1983,oracle_pc,7,83
1984,oracle_pc,7,84
1985,oracle_pc,7,85
1986,oracle_pc,7,86
1987,oracle_pc,7,87
1988,oracle_pc,7,88
1989,oracle_pc,7,89
1990,oracle_pc,7,90
1991,oracle_pc,7,91
1992,oracle_pc,7,92
1993,oracle_pc,7,93
1994,oracle_pc,7,94
1995,oracle_pc,7,95
1996,oracle_pc,7,96
1997,oracle_pc,7,97
1998,oracle_pc,7,98
1999,oracle_pc,7,99
2000,oracle_pc,7,100
2001,plug_in_pc,7,1
2002,plug_in_pc,7,2
2003,plug_in_pc,7,3
2004,plug_in_pc,7,4
2005,plug_in_pc,7,5
2006,plug_in_pc,7,6
2007,plug_in_pc,7,7
2008,plug_in_pc,7,8
2009,plug_in_pc,7,9
2010,plug_in_pc,7,10
2011,plug_in_pc,7,11
2012,plug_in_pc,7,12
2013,plug_in_pc,7,13
2014,plug_in_pc,7,14
2015,plug_in_pc,7,15
2016,plug_in_pc,7,16
2017,plug_in_pc,7,17
2018,plug_in_pc,7,18
2019,plug_in_pc,7,19
2020,plug_in_pc,7,20
2021,plug_in_pc,7,21
2022,plug_in_pc,7,22
2023,plug_in_pc,7,23
2024,plug_in_pc,7,24
2025,plug_in_pc,7,25
2026,plug_in_pc,7,26
2027,plug_in_pc,7,27
2028,plug_in_pc,7,28
2029,plug_in_pc,7,29
2030,plug_in_pc,7,30
2031,plug_in_pc,7,31
2032,plug_in_pc,7,32
2033,plug_in_pc,7,33
2034,plug_in_pc,7,34
2035,plug_in_pc,7,35
2036,plug_in_pc,7,36
2037,plug_in_pc,7,37
2038,plug_in_pc,7,38
2039,plug_in_pc,7,39
2040,plug_in_pc,7,40
2041,plug_in_pc,7,41
2042,plug_in_pc,7,42
2043,plug_in_pc,7,43
2044,plug_in_pc,7,44
2045,plug_in_pc,7,45
2046,plug_in_pc,7,46
2047,plug_in_pc,7,47
2048,plug_in_pc,7,48
2049,plug_in_pc,7,49
2050,plug_in_pc,7,50
2051,plug_in_pc,7,51
2052,plug_in_pc,7,52
2053,plug_in_pc,7,53
2054,plug_in_pc,7,54
2055,plug_in_pc,7,55
2056,plug_in_pc,7,56
2057,plug_in_pc,7,57
2058,plug_in_pc,7,58
2059,plug_in_pc,7,59
2060,plug_in_pc,7,60
2061,plug_in_pc,7,61
2062,plug_in_pc,7,62
2063,plug_in_pc,7,63
2064,plug_in_pc,7,64
2065,plug_in_pc,7,65
2066,plug_in_pc,7,66
2067,plug_in_pc,7,67
2068,plug_in_pc,7,68
2069,plug_in_pc,7,69
2070,plug_in_pc,7,70
2071,plug_in_pc,7,71
2072,plug_in_pc,7,72
2073,plug_in_pc,7,73
2074,plug_in_pc,7,74
2075,plug_in_pc,7,75
2076,plug_in_pc,7,76
2077,plug_in_pc,7,77
2078,plug_in_pc,7,78
2079,plug_in_pc,7,79
2080,plug_in_pc,7,80
2081,plug_in_pc,7,81
2082,plug_in_pc,7,82
2083,plug_in_pc,7,83
2084,plug_in_pc,7,84
2085,plug_in_pc,7,85
2086,plug_in_pc,7,86
2087,plug_in_pc,7,87
2088,plug_in_pc,7,88
2089,plug_in_pc,7,89
2090,plug_in_pc,7,90
2091,plug_in_pc,7,91
2092,plug_in_pc,7,92
2093,plug_in_pc,7,93
2094,plug_in_pc,7,94
2095,plug_in_pc,7,95
2096,plug_in_pc,7,96
2097,plug_in_pc,7,97
2098,plug_in_pc,7,98
2099,plug_in_pc,7,99
2100,plug_in_pc,7,100
2101,debiased_pc,8,1
2102,debiased_pc,8,2
2103,debiased_pc,8,3
2104,debiased_pc,8,4
2105,debiased_pc,8,5
2106,debiased_pc,8,6
2107,debiased_pc,8,7
2108,debiased_pc,8,8
2109,debiased_pc,8,9
2110,debiased_pc,8,10
2111,debiased_pc,8,11
2112,debiased_pc,8,12
2113,debiased_pc,8,13
2114,debiased_pc,8,14
2115,debiased_pc,8,15
2116,debiased_pc,8,16
2117,debiased_pc,8,17
2118,debiased_pc,8,18
2119,debiased_pc,8,19
2120,debiased_pc,8,20
2121,debiased_pc,8,21
2122,debiased_pc,8,22
2123,debiased_pc,8,23
2124,debiased_pc,8,24
2125,debiased_pc,8,25
2126,debiased_pc,8,26
2127,debiased_pc,8,27
2128,debiased_pc,8,28
2129,debiased_pc,8,29
2130,debiased_pc,8,30
2131,debiased_pc,8,31
2132,debiased_pc,8,32
2133,debiased_pc,8,33
2134,debiased_pc,8,34
2135,debiased_pc,8,35
2136,debiased_pc,8,36
2137,debiased_pc,8,37
2138,debiased_pc,8,38
2139,debiased_pc,8,39
2140,debiased_pc,8,40
2141,debiased_pc,8,41
2142,debiased_pc,8,42
2143,debiased_pc,8,43
2144,debiased_pc,8,44
2145,debiased_pc,8,45
2146,debiased_pc,8,46
2147,debiased_pc,8,47
2148,debiased_pc,8,48
2149,debiased_pc,8,49
2150,debiased_pc,8,50
2151,debiased_pc,8,51
2152,debiased_pc,8,52
2153,debiased_pc,8,53
2154,debiased_pc,8,54
2155,debiased_pc,8,55
2156,debiased_pc,8,56
2157,debiased_pc,8,57
2158,debiased_pc,8,58
2159,debiased_pc,8,59
2160,debiased_pc,8,60
2161,debiased_pc,8,61
2162,debiased_pc,8,62
2163,debiased_pc,8,63
2164,debiased_pc,8,64
2165,debiased_pc,8,65
2166,debiased_pc,8,66
2167,debiased_pc,8,67
2168,debiased_pc,8,68
2169,debiased_pc,8,69
2170,debiased_pc,8,70
2171,debiased_pc,8,71
2172,debiased_pc,8,72
2173,debiased_pc,8,73
2174,debiased_pc,8,74
2175,debiased_pc,8,75
2176,debiased_pc,8,76
2177,debiased_pc,8,77
2178,debiased_pc,8,78
2179,debiased_pc,8,79
2180,debiased_pc,8,80
2181,debiased_pc,8,81
2182,debiased_pc,8,82
2183,debiased_pc,8,83
2184,debiased_pc,8,84
2185,debiased_pc,8,85
2186,debiased_pc,8,86
2187,debiased_pc,8,87
2188,debiased_pc,8,88
2189,debiased_pc,8,89
2190,debiased_pc,8,90
2191,debiased_pc,8,91
2192,debiased_pc,8,92
2193,debiased_pc,8,93
2194,debiased_pc,8,94
2195,debiased_pc,8,95
2196,debiased_pc,8,96
2197,debiased_pc,8,97
2198,debiased_pc,8,98
2199,debiased_pc,8,99
2200,debiased_pc,8,100
2201,oracle_pc,8,1
2202,oracle_pc,8,2
2203,oracle_pc,8,3
2204,oracle_pc,8,4
2205,oracle_pc,8,5
2206,oracle_pc,8,6
2207,oracle_pc,8,7
2208,oracle_pc,8,8
2209,oracle_pc,8,9
2210,oracle_pc,8,10
2211,oracle_pc,8,11
2212,oracle_pc,8,12
2213,oracle_pc,8,13
2214,oracle_pc,8,14
2215,oracle_pc,8,15
2216,oracle_pc,8,16
2217,oracle_pc,8,17
2218,oracle_pc,8,18
2219,oracle_pc,8,19
2220,oracle_pc,8,20
2221,oracle_pc,8,21
2222,oracle_pc,8,22
2223,oracle_pc,8,23
2224,oracle_pc,8,24
2225,oracle_pc,8,25
2226,oracle_pc,8,26
2227,oracle_pc,8,27
2228,oracle_pc,8,28
2229,oracle_pc,8,29
2230,oracle_pc,8,30
2231,oracle_pc,8,31
2232,oracle_pc,8,32
2233,oracle_pc,8,33
2234,oracle_pc,8,34
2235,oracle_pc,8,35
2236,oracle_pc,8,36
2237,oracle_pc,8,37
2238,oracle_pc,8,38
2239,oracle_pc,8,39
2240,oracle_pc,8,40
2241,oracle_pc,8,41
2242,oracle_pc,8,42
2243,oracle_pc,8,43
2244,oracle_pc,8,44
2245,oracle_pc,8,45
2246,oracle_pc,8,46
2247,oracle_pc,8,47
2248,oracle_pc,8,48
2249,oracle_pc,8,49
2250,oracle_pc,8,50
2251,oracle_pc,8,51
2252,oracle_pc,8,52
2253,oracle_pc,8,53
2254,oracle_pc,8,54
2255,oracle_pc,8,55
2256,oracle_pc,8,56
2257,oracle_pc,8,57
2258,oracle_pc,8,58
2259,oracle_pc,8,59
2260,oracle_pc,8,60
2261,oracle_pc,8,61
2262,oracle_pc,8,62
2263,oracle_pc,8,63
2264,oracle_pc,8,64
2265,oracle_pc,8,65
2266,oracle_pc,8,66
2267,oracle_pc,8,67
2268,oracle_pc,8,68
2269,oracle_pc,8,69
2270,oracle_pc,8,70
2271,oracle_pc,8,71
2272,oracle_pc,8,72
2273,oracle_pc,8,73
2274,oracle_pc,8,74
2275,oracle_pc,8,75
2276,oracle_pc,8,76
2277,oracle_pc,8,77
2278,oracle_pc,8,78
2279,oracle_pc,8,79
2280,oracle_pc,8,80
2281,oracle_pc,8,81
2282,oracle_pc,8,82
2283,oracle_pc,8,83
2284,oracle_pc,8,84
2285,oracle_pc,8,85
2286,oracle_pc,8,86
2287,oracle_pc,8,87
2288,oracle_pc,8,88
2289,oracle_pc,8,89
2290,oracle_pc,8,90
2291,oracle_pc,8,91
2292,oracle_pc,8,92
2293,oracle_pc,8,93
2294,oracle_pc,8,94
2295,oracle_pc,8,95
2296,oracle_pc,8,96
2297,oracle_pc,8,97
2298,oracle_pc,8,98
2299,oracle_pc,8,99
2300,oracle_pc,8,100
2301,plug_in_pc,8,1
2302,plug_in_pc,8,2
2303,plug_in_pc,8,3
2304,plug_in_pc,8,4
2305,plug_in_pc,8,5
2306,plug_in_pc,8,6
2307,plug_in_pc,8,7
2308,plug_in_pc,8,8
2309,plug_in_pc,8,9
2310,plug_in_pc,8,10
2311,plug_in_pc,8,11
2312,plug_in_pc,8,12
2313,plug_in_pc,8,13
2314,plug_in_pc,8,14
2315,plug_in_pc,8,15
2316,plug_in_pc,8,16
2317,plug_in_pc,8,17
2318,plug_in_pc,8,18
2319,plug_in_pc,8,19
2320,plug_in_pc,8,20
2321,plug_in_pc,8,21
2322,plug_in_pc,8,22
2323,plug_in_pc,8,23
2324,plug_in_pc,8,24
2325,plug_in_pc,8,25
2326,plug_in_pc,8,26
2327,plug_in_pc,8,27
2328,plug_in_pc,8,28
2329,plug_in_pc,8,29
2330,plug_in_pc,8,30
2331,plug_in_pc,8,31
2332,plug_in_pc,8,32
2333,plug_in_pc,8,33
2334,plug_in_pc,8,34
2335,plug_in_pc,8,35
2336,plug_in_pc,8,36
2337,plug_in_pc,8,37
2338,plug_in_pc,8,38
2339,plug_in_pc,8,39
2340,plug_in_pc,8,40
2341,plug_in_pc,8,41
2342,plug_in_pc,8,42
2343,plug_in_pc,8,43
2344,plug_in_pc,8,44
2345,plug_in_pc,8,45
2346,plug_in_pc,8,46
2347,plug_in_pc,8,47
2348,plug_in_pc,8,48
2349,plug_in_pc,8,49
2350,plug_in_pc,8,50
2351,plug_in_pc,8,51
2352,plug_in_pc,8,52
2353,plug_in_pc,8,53
2354,plug_in_pc,8,54
2355,plug_in_pc,8,55
2356,plug_in_pc,8,56
2357,plug_in_pc,8,57
2358,plug_in_pc,8,58
2359,plug_in_pc,8,59
2360,plug_in_pc,8,60
2361,plug_in_pc,8,61
2362,plug_in_pc,8,62
2363,plug_in_pc,8,63
2364,plug_in_pc,8,64
2365,plug_in_pc,8,65
2366,plug_in_pc,8,66
2367,plug_in_pc,8,67
2368,plug_in_pc,8,68
2369,plug_in_pc,8,69
2370,plug_in_pc,8,70
2371,plug_in_pc,8,71
2372,plug_in_pc,8,72
2373,plug_in_pc,8,73
2374,plug_in_pc,8,74
2375,plug_in_pc,8,75
2376,plug_in_pc,8,76
2377,plug_in_pc,8,77
2378,plug_in_pc,8,78
2379,plug_in_pc,8,79
2380,plug_in_pc,8,80
2381,plug_in_pc,8,81
2382,plug_in_pc,8,82
2383,plug_in_pc,8,83
2384,plug_in_pc,8,84
2385,plug_in_pc,8,85
2386,plug_in_pc,8,86
2387,plug_in_pc,8,87
2388,plug_in_pc,8,88
2389,plug_in_pc,8,89
2390,plug_in_pc,8,90
2391,plug_in_pc,8,91
2392,plug_in_pc,8,92
2393,plug_in_pc,8,93
2394,plug_in_pc,8,94
2395,plug_in_pc,8,95
2396,plug_in_pc,8,96
2397,plug_in_pc,8,97
2398,plug_in_pc,8,98
2399,plug_in_pc,8,99
2400,plug_in_pc,8,100
2401,debiased_pc,9,1
2402,debiased_pc,9,2
2403,debiased_pc,9,3
2404,debiased_pc,9,4
2405,debiased_pc,9,5
2406,debiased_pc,9,6
2407,debiased_pc,9,7
2408,debiased_pc,9,8
2409,debiased_pc,9,9
2410,debiased_pc,9,10
2411,debiased_pc,9,11
2412,debiased_pc,9,12
2413,debiased_pc,9,13
2414,debiased_pc,9,14
2415,debiased_pc,9,15
2416,debiased_pc,9,16
2417,debiased_pc,9,17
2418,debiased_pc,9,18
2419,debiased_pc,9,19
2420,debiased_pc,9,20
2421,debiased_pc,9,21
2422,debiased_pc,9,22
2423,debiased_pc,9,23
2424,debiased_pc,9,24
2425,debiased_pc,9,25
2426,debiased_pc,9,26
2427,debiased_pc,9,27
2428,debiased_pc,9,28
2429,debiased_pc,9,29
2430,debiased_pc,9,30
2431,debiased_pc,9,31
2432,debiased_pc,9,32
2433,debiased_pc,9,33
2434,debiased_pc,9,34
2435,debiased_pc,9,35
2436,debiased_pc,9,36
2437,debiased_pc,9,37
2438,debiased_pc,9,38
2439,debiased_pc,9,39
2440,debiased_pc,9,40
2441,debiased_pc,9,41
2442,debiased_pc,9,42
2443,debiased_pc,9,43
2444,debiased_pc,9,44
2445,debiased_pc,9,45
2446,debiased_pc,9,46
2447,debiased_pc,9,47
2448,debiased_pc,9,48
2449,debiased_pc,9,49
2450,debiased_pc,9,50
2451,debiased_pc,9,51
2452,debiased_pc,9,52
2453,debiased_pc,9,53
2454,debiased_pc,9,54
2455,debiased_pc,9,55
2456,debiased_pc,9,56
2457,debiased_pc,9,57
2458,debiased_pc,9,58
2459,debiased_pc,9,59
2460,debiased_pc,9,60
2461,debiased_pc,9,61
2462,debiased_pc,9,62
2463,debiased_pc,9,63
2464,debiased_pc,9,64
2465,debiased_pc,9,65
2466,debiased_pc,9,66
2467,debiased_pc,9,67
2468,debiased_pc,9,68
2469,debiased_pc,9,69
2470,debiased_pc,9,70
2471,debiased_pc,9,71
2472,debiased_pc,9,72
2473,debiased_pc,9,73
2474,debiased_pc,9,74
2475,debiased_pc,9,75
2476,debiased_pc,9,76
2477,debiased_pc,9,77
2478,debiased_pc,9,78
2479,debiased_pc,9,79
2480,debiased_pc,9,80
2481,debiased_pc,9,81
2482,debiased_pc,9,82
2483,debiased_pc,9,83
2484,debiased_pc,9,84
2485,debiased_pc,9,85
2486,debiased_pc,9,86
2487,debiased_pc,9,87
2488,debiased_pc,9,88
2489,debiased_pc,9,89
2490,debiased_pc,9,90
2491,debiased_pc,9,91
2492,debiased_pc,9,92
2493,debiased_pc,9,93
2494,debiased_pc,9,94
2495,debiased_pc,9,95
2496,debiased_pc,9,96
2497,debiased_pc,9,97
2498,debiased_pc,9,98
2499,debiased_pc,9,99
2500,debiased_pc,9,100
2501,oracle_pc,9,1
2502,oracle_pc,9,2
2503,oracle_pc,9,3
2504,oracle_pc,9,4
2505,oracle_pc,9,5
2506,oracle_pc,9,6
2507,oracle_pc,9,7
2508,oracle_pc,9,8
2509,oracle_pc,9,9
2510,oracle_pc,9,10
2511,oracle_pc,9,11
2512,oracle_pc,9,12
2513,oracle_pc,9,13
2514,oracle_pc,9,14
2515,oracle_pc,9,15
2516,oracle_pc,9,16
2517,oracle_pc,9,17
2518,oracle_pc,9,18
2519,oracle_pc,9,19
2520,oracle_pc,9,20
2521,oracle_pc,9,21
2522,oracle_pc,9,22
2523,oracle_pc,9,23
2524,oracle_pc,9,24
2525,oracle_pc,9,25
2526,oracle_pc,9,26
2527,oracle_pc,9,27
2528,oracle_pc,9,28
2529,oracle_pc,9,29
2530,oracle_pc,9,30
2531,oracle_pc,9,31
2532,oracle_pc,9,32
2533,oracle_pc,9,33
2534,oracle_pc,9,34
2535,oracle_pc,9,35
2536,oracle_pc,9,36
2537,oracle_pc,9,37
2538,oracle_pc,9,38
2539,oracle_pc,9,39
2540,oracle_pc,9,40
2541,oracle_pc,9,41
2542,oracle_pc,9,42
2543,oracle_pc,9,43
2544,oracle_pc,9,44
2545,oracle_pc,9,45
2546,oracle_pc,9,46
2547,oracle_pc,9,47
2548,oracle_pc,9,48
2549,oracle_pc,9,49
2550,oracle_pc,9,50
2551,oracle_pc,9,51
2552,oracle_pc,9,52
2553,oracle_pc,9,53
2554,oracle_pc,9,54
2555,oracle_pc,9,55
2556,oracle_pc,9,56
2557,oracle_pc,9,57
2558,oracle_pc,9,58
2559,oracle_pc,9,59
2560,oracle_pc,9,60
2561,oracle_pc,9,61
2562,oracle_pc,9,62
2563,oracle_pc,9,63
2564,oracle_pc,9,64
2565,oracle_pc,9,65
2566,oracle_pc,9,66
2567,oracle_pc,9,67
2568,oracle_pc,9,68
2569,oracle_pc,9,69
2570,oracle_pc,9,70
2571,oracle_pc,9,71
2572,oracle_pc,9,72
2573,oracle_pc,9,73
2574,oracle_pc,9,74
2575,oracle_pc,9,75
2576,oracle_pc,9,76
2577,oracle_pc,9,77
2578,oracle_pc,9,78
2579,oracle_pc,9,79
2580,oracle_pc,9,80
2581,oracle_pc,9,81
2582,oracle_pc,9,82
2583,oracle_pc,9,83
2584,oracle_pc,9,84
2585,oracle_pc,9,85
2586,oracle_pc,9,86
2587,oracle_pc,9,87
2588,oracle_pc,9,88
2589,oracle_pc,9,89
2590,oracle_pc,9,90
2591,oracle_pc,9,91
2592,oracle_pc,9,92
2593,oracle_pc,9,93
2594,oracle_pc,9,94
2595,oracle_pc,9,95
2596,oracle_pc,9,96
2597,oracle_pc,9,97
2598,oracle_pc,9,98
2599,oracle_pc,9,99
2600,oracle_pc,9,100
2601,plug_in_pc,9,1
2602,plug_in_pc,9,2
2603,plug_in_pc,9,3
2604,plug_in_pc,9,4
2605,plug_in_pc,9,5
2606,plug_in_pc,9,6
2607,plug_in_pc,9,7
2608,plug_in_pc,9,8
2609,plug_in_pc,9,9
2610,plug_in_pc,9,10
2611,plug_in_pc,9,11
2612,plug_in_pc,9,12
2613,plug_in_pc,9,13
2614,plug_in_pc,9,14
2615,plug_in_pc,9,15
2616,plug_in_pc,9,16
2617,plug_in_pc,9,17
2618,plug_in_pc,9,18
2619,plug_in_pc,9,19
2620,plug_in_pc,9,20
2621,plug_in_pc,9,21
2622,plug_in_pc,9,22
2623,plug_in_pc,9,23
2624,plug_in_pc,9,24
2625,plug_in_pc,9,25
2626,plug_in_pc,9,26
2627,plug_in_pc,9,27
2628,plug_in_pc,9,28
2629,plug_in_pc,9,29
2630,plug_in_pc,9,30
2631,plug_in_pc,9,31
2632,plug_in_pc,9,32
2633,plug_in_pc,9,33
2634,plug_in_pc,9,34
2635,plug_in_pc,9,35
2636,plug_in_pc,9,36
2637,plug_in_pc,9,37
2638,plug_in_pc,9,38
2639,plug_in_pc,9,39
2640,plug_in_pc,9,40
2641,plug_in_pc,9,41
2642,plug_in_pc,9,42
2643,plug_in_pc,9,43
2644,plug_in_pc,9,44
2645,plug_in_pc,9,45
2646,plug_in_pc,9,46
2647,plug_in_pc,9,47
2648,plug_in_pc,9,48
2649,plug_in_pc,9,49
2650,plug_in_pc,9,50
2651,plug_in_pc,9,51
2652,plug_in_pc,9,52
2653,plug_in_pc,9,53
2654,plug_in_pc,9,54
2655,plug_in_pc,9,55
2656,plug_in_pc,9,56
2657,plug_in_pc,9,57
2658,plug_in_pc,9,58
2659,plug_in_pc,9,59
2660,plug_in_pc,9,60
2661,plug_in_pc,9,61
2662,plug_in_pc,9,62
2663,plug_in_pc,9,63
2664,plug_in_pc,9,64
2665,plug_in_pc,9,65
2666,plug_in_pc,9,66
2667,plug_in_pc,9,67
2668,plug_in_pc,9,68
2669,plug_in_pc,9,69
2670,plug_in_pc,9,70
2671,plug_in_pc,9,71
2672,plug_in_pc,9,72
2673,plug_in_pc,9,73
2674,plug_in_pc,9,74
2675,plug_in_pc,9,75
2676,plug_in_pc,9,76
2677,plug_in_pc,9,77
2678,plug_in_pc,9,78
2679,plug_in_pc,9,79
2680,plug_in_pc,9,80
2681,plug_in_pc,9,81
2682,plug_in_pc,9,82
2683,plug_in_pc,9,83
2684,plug_in_pc,9,84
2685,plug_in_pc,9,85
2686,plug_in_pc,9,86
2687,plug_in_pc,9,87
2688,plug_in_pc,9,88
2689,plug_in_pc,9,89
2690,plug_in_pc,9,90
2691,plug_in_pc,9,91
2692,plug_in_pc,9,92
2693,plug_in_pc,9,93
2694,plug_in_pc,9,94
2695,plug_in_pc,9,95
2696,plug_in_pc,9,96
2697,plug_in_pc,9,97
2698,plug_in_pc,9,98
2699,plug_in_pc,9,99
2700,plug_in_pc,9,100
2701,debiased_pc,10,1
2702,debiased_pc,10,2
2703,debiased_pc,10,3
2704,debiased_pc,10,4
2705,debiased_pc,10,5
2706,debiased_pc,10,6
2707,debiased_pc,10,7
2708,debiased_pc,10,8
2709,debiased_pc,10,9
2710,debiased_pc,10,10
2711,debiased_pc,10,11
2712,debiased_pc,10,12
2713,debiased_pc,10,13
2714,debiased_pc,10,14
2715,debiased_pc,10,15
2716,debiased_pc,10,16
2717,debiased_pc,10,17
2718,debiased_pc,10,18
2719,debiased_pc,10,19
2720,debiased_pc,10,20
2721,debiased_pc,10,21
2722,debiased_pc,10,22
2723,debiased_pc,10,23
2724,debiased_pc,10,24
2725,debiased_pc,10,25
2726,debiased_pc,10,26
2727,debiased_pc,10,27
2728,debiased_pc,10,28
2729,debiased_pc,10,29
2730,debiased_pc,10,30
2731,debiased_pc,10,31
2732,debiased_pc,10,32
2733,debiased_pc,10,33
2734,debiased_pc,10,34
2735,debiased_pc,10,35
2736,debiased_pc,10,36
2737,debiased_pc,10,37
2738,debiased_pc,10,38
2739,debiased_pc,10,39
2740,debiased_pc,10,40
2741,debiased_pc,10,41
2742,debiased_pc,10,42
2743,debiased_pc,10,43
2744,debiased_pc,10,44
2745,debiased_pc,10,45
2746,debiased_pc,10,46
2747,debiased_pc,10,47
2748,debiased_pc,10,48
2749,debiased_pc,10,49
2750,debiased_pc,10,50
2751,debiased_pc,10,51
2752,debiased_pc,10,52
2753,debiased_pc,10,53
2754,debiased_pc,10,54
2755,debiased_pc,10,55
2756,debiased_pc,10,56
2757,debiased_pc,10,57
2758,debiased_pc,10,58
2759,debiased_pc,10,59
2760,debiased_pc,10,60
2761,debiased_pc,10,61
2762,debiased_pc,10,62
2763,debiased_pc,10,63
2764,debiased_pc,10,64
2765,debiased_pc,10,65
2766,debiased_pc,10,66
2767,debiased_pc,10,67
2768,debiased_pc,10,68
2769,debiased_pc,10,69
2770,debiased_pc,10,70
2771,debiased_pc,10,71
2772,debiased_pc,10,72
2773,debiased_pc,10,73
2774,debiased_pc,10,74
2775,debiased_pc,10,75
2776,debiased_pc,10,76
2777,debiased_pc,10,77
2778,debiased_pc,10,78
2779,debiased_pc,10,79
2780,debiased_pc,10,80
2781,debiased_pc,10,81
2782,debiased_pc,10,82
2783,debiased_pc,10,83
2784,debiased_pc,10,84
2785,debiased_pc,10,85
2786,debiased_pc,10,86
2787,debiased_pc,10,87
2788,debiased_pc,10,88
2789,debiased_pc,10,89
2790,debiased_pc,10,90
2791,debiased_pc,10,91
2792,debiased_pc,10,92
2793,debiased_pc,10,93
2794,debiased_pc,10,94
2795,debiased_pc,10,95
2796,debiased_pc,10,96
2797,debiased_pc,10,97
2798,debiased_pc,10,98
2799,debiased_pc,10,99
2800,debiased_pc,10,100
2801,oracle_pc,10,1
2802,oracle_pc,10,2
2803,oracle_pc,10,3
2804,oracle_pc,10,4
2805,oracle_pc,10,5
2806,oracle_pc,10,6
2807,oracle_pc,10,7
2808,oracle_pc,10,8
2809,oracle_pc,10,9
2810,oracle_pc,10,10
2811,oracle_pc,10,11
2812,oracle_pc,10,12
2813,oracle_pc,10,13
2814,oracle_pc,10,14
2815,oracle_pc,10,15
2816,oracle_pc,10,16
2817,oracle_pc,10,17
2818,oracle_pc,10,18
2819,oracle_pc,10,19
2820,oracle_pc,10,20
2821,oracle_pc,10,21
2822,oracle_pc,10,22
2823,oracle_pc,10,23
2824,oracle_pc,10,24
2825,oracle_pc,10,25
2826,oracle_pc,10,26
2827,oracle_pc,10,27
2828,oracle_pc,10,28
2829,oracle_pc,10,29
2830,oracle_pc,10,30
2831,oracle_pc,10,31
2832,oracle_pc,10,32
2833,oracle_pc,10,33
2834,oracle_pc,10,34
2835,oracle_pc,10,35
2836,oracle_pc,10,36
2837,oracle_pc,10,37
2838,oracle_pc,10,38
2839,oracle_pc,10,39
2840,oracle_pc,10,40
2841,oracle_pc,10,41
2842,oracle_pc,10,42
2843,oracle_pc,10,43
2844,oracle_pc,10,44
2845,oracle_pc,10,45
2846,oracle_pc,10,46
2847,oracle_pc,10,47
2848,oracle_pc,10,48
2849,oracle_pc,10,49
2850,oracle_pc,10,50
2851,oracle_pc,10,51
2852,oracle_pc,10,52
2853,oracle_pc,10,53
2854,oracle_pc,10,54
2855,oracle_pc,10,55
2856,oracle_pc,10,56
2857,oracle_pc,10,57
2858,oracle_pc,10,58
2859,oracle_pc,10,59
2860,oracle_pc,10,60
2861,oracle_pc,10,61
2862,oracle_pc,10,62
2863,oracle_pc,10,63
2864,oracle_pc,10,64
2865,oracle_pc,10,65
2866,oracle_pc,10,66
2867,oracle_pc,10,67
2868,oracle_pc,10,68
2869,oracle_pc,10,69
2870,oracle_pc,10,70
2871,oracle_pc,10,71
2872,oracle_pc,10,72
2873,oracle_pc,10,73
2874,oracle_pc,10,74
2875,oracle_pc,10,75
2876,oracle_pc,10,76
2877,oracle_pc,10,77
2878,oracle_pc,10,78
2879,oracle_pc,10,79
2880,oracle_pc,10,80
2881,oracle_pc,10,81
2882,oracle_pc,10,82
2883,oracle_pc,10,83
2884,oracle_pc,10,84
2885,oracle_pc,10,85
2886,oracle_pc,10,86
2887,oracle_pc,10,87
2888,oracle_pc,10,88
2889,oracle_pc,10,89
2890,oracle_pc,10,90
2891,oracle_pc,10,91
2892,oracle_pc,10,92
2893,oracle_pc,10,93
2894,oracle_pc,10,94
2895,oracle_pc,10,95
2896,oracle_pc,10,96
2897,oracle_pc,10,97
2898,oracle_pc,10,98
2899,oracle_pc,10,99
2900,oracle_pc,10,100
2901,plug_in_pc,10,1
2902,plug_in_pc,10,2
2903,plug_in_pc,10,3
2904,plug_in_pc,10,4
2905,plug_in_pc,10,5
2906,plug_in_pc,10,6
2907,plug_in_pc,10,7
2908,plug_in_pc,10,8
2909,plug_in_pc,10,9
2910,plug_in_pc,10,10
2911,plug_in_pc,10,11
2912,plug_in_pc,10,12
2913,plug_in_pc,10,13
2914,plug_in_pc,10,14
2915,plug_in_pc,10,15
2916,plug_in_pc,10,16
2917,plug_in_pc,10,17
2918,plug_in_pc,10,18
2919,plug_in_pc,10,19
2920,plug_in_pc,10,20
2921,plug_in_pc,10,21
2922,plug_in_pc,10,22
2923,plug_in_pc,10,23
2924,plug_in_pc,10,24
2925,plug_in_pc,10,25
2926,plug_in_pc,10,26
2927,plug_in_pc,10,27
2928,plug_in_pc,10,28
2929,plug_in_pc,10,29
2930,plug_in_pc,10,30
2931,plug_in_pc,10,31
2932,plug_in_pc,10,32
2933,plug_in_pc,10,33
2934,plug_in_pc,10,34
2935,plug_in_pc,10,35
2936,plug_in_pc,10,36
2937,plug_in_pc,10,37
2938,plug_in_pc,10,38
2939,plug_in_pc,10,39
2940,plug_in_pc,10,40
2941,plug_in_pc,10,41
2942,plug_in_pc,10,42
2943,plug_in_pc,10,43
2944,plug_in_pc,10,44
2945,plug_in_pc,10,45
2946,plug_in_pc,10,46
2947,plug_in_pc,10,47
2948,plug_in_pc,10,48
2949,plug_in_pc,10,49
2950,plug_in_pc,10,50
2951,plug_in_pc,10,51
2952,plug_in_pc,10,52
2953,plug_in_pc,10,53
2954,plug_in_pc,10,54
2955,plug_in_pc,10,55
2956,plug_in_pc,10,56
2957,plug_in_pc,10,57
2958,plug_in_pc,10,58
2959,plug_in_pc,10,59
2960,plug_in_pc,10,60
2961,plug_in_pc,10,61
2962,plug_in_pc,10,62
2963,plug_in_pc,10,63
2964,plug_in_pc,10,64
2965,plug_in_pc,10,65
2966,plug_in_pc,10,66
2967,plug_in_pc,10,67
2968,plug_in_pc,10,68
2969,plug_in_pc,10,69
2970,plug_in_pc,10,70
2971,plug_in_pc,10,71
2972,plug_in_pc,10,72
2973,plug_in_pc,10,73
2974,plug_in_pc,10,74
2975,plug_in_pc,10,75
2976,plug_in_pc,10,76
2977,plug_in_pc,10,77
2978,plug_in_pc,10,78
2979,plug_in_pc,10,79
2980,plug_in_pc,10,80
2981,plug_in_pc,10,81
2982,plug_in_pc,10,82
2983,plug_in_pc,10,83
2984,plug_in_pc,10,84
2985,plug_in_pc,10,85
2986,plug_in_pc,10,86
2987,plug_in_pc,10,87
2988,plug_in_pc,10,88
2989,plug_in_pc,10,89
2990,plug_in_pc,10,90
2991,plug_in_pc,10,91
2992,plug_in_pc,10,92
2993,plug_in_pc,10,93
2994,plug_in_pc,10,94
2995,plug_in_pc,10,95
2996,plug_in_pc,10,96
2997,plug_in_pc,10,97
2998,plug_in_pc,10,98
2999,plug_in_pc,10,99
3000,plug_in_pc,10,100
3001,debiased_pc,11,1
3002,debiased_pc,11,2
3003,debiased_pc,11,3
3004,debiased_pc,11,4
3005,debiased_pc,11,5
3006,debiased_pc,11,6
3007,debiased_pc,11,7
3008,debiased_pc,11,8
3009,debiased_pc,11,9
3010,debiased_pc,11,10
3011,debiased_pc,11,11
3012,debiased_pc,11,12
3013,debiased_pc,11,13
3014,debiased_pc,11,14
3015,debiased_pc,11,15
3016,debiased_pc,11,16
3017,debiased_pc,11,17
3018,debiased_pc,11,18
3019,debiased_pc,11,19
3020,debiased_pc,11,20
3021,debiased_pc,11,21
3022,debiased_pc,11,22
3023,debiased_pc,11,23
3024,debiased_pc,11,24
3025,debiased_pc,11,25
3026,debiased_pc,11,26
3027,debiased_pc,11,27
3028,debiased_pc,11,28
3029,debiased_pc,11,29
3030,debiased_pc,11,30
3031,debiased_pc,11,31
3032,debiased_pc,11,32
3033,debiased_pc,11,33
3034,debiased_pc,11,34
3035,debiased_pc,11,35
3036,debiased_pc,11,36
3037,debiased_pc,11,37
3038,debiased_pc,11,38
3039,debiased_pc,11,39
3040,debiased_pc,11,40
3041,debiased_pc,11,41
3042,debiased_pc,11,42
3043,debiased_pc,11,43
3044,debiased_pc,11,44
3045,debiased_pc,11,45
3046,debiased_pc,11,46
3047,debiased_pc,11,47
3048,debiased_pc,11,48
3049,debiased_pc,11,49
3050,debiased_pc,11,50
3051,debiased_pc,11,51
3052,debiased_pc,11,52
3053,debiased_pc,11,53
3054,debiased_pc,11,54
3055,debiased_pc,11,55
3056,debiased_pc,11,56
3057,debiased_pc,11,57
3058,debiased_pc,11,58
3059,debiased_pc,11,59
3060,debiased_pc,11,60
3061,debiased_pc,11,61
3062,debiased_pc,11,62
3063,debiased_pc,11,63
3064,debiased_pc,11,64
3065,debiased_pc,11,65
3066,debiased_pc,11,66
3067,debiased_pc,11,67
3068,debiased_pc,11,68
3069,debiased_pc,11,69
3070,debiased_pc,11,70
3071,debiased_pc,11,71
3072,debiased_pc,11,72
3073,debiased_pc,11,73
3074,debiased_pc,11,74
3075,debiased_pc,11,75
3076,debiased_pc,11,76
3077,debiased_pc,11,77
3078,debiased_pc,11,78
3079,debiased_pc,11,79
3080,debiased_pc,11,80
3081,debiased_pc,11,81
3082,debiased_pc,11,82
3083,debiased_pc,11,83
3084,debiased_pc,11,84
3085,debiased_pc,11,85
3086,debiased_pc,11,86
3087,debiased_pc,11,87
3088,debiased_pc,11,88
3089,debiased_pc,11,89
3090,debiased_pc,11,90
3091,debiased_pc,11,91
3092,debiased_pc,11,92
3093,debiased_pc,11,93
3094,debiased_pc,11,94
3095,debiased_pc,11,95
3096,debiased_pc,11,96
3097,debiased_pc,11,97
3098,debiased_pc,11,98
3099,debiased_pc,11,99
3100,debiased_pc,11,100
3101,oracle_pc,11,1
3102,oracle_pc,11,2
3103,oracle_pc,11,3
3104,oracle_pc,11,4
3105,oracle_pc,11,5
3106,oracle_pc,11,6
3107,oracle_pc,11,7
3108,oracle_pc,11,8
3109,oracle_pc,11,9
3110,oracle_pc,11,10
3111,oracle_pc,11,11
3112,oracle_pc,11,12
3113,oracle_pc,11,13
3114,oracle_pc,11,14
3115,oracle_pc,11,15
3116,oracle_pc,11,16
3117,oracle_pc,11,17
3118,oracle_pc,11,18
3119,oracle_pc,11,19
3120,oracle_pc,11,20
3121,oracle_pc,11,21
3122,oracle_pc,11,22
3123,oracle_pc,11,23
3124,oracle_pc,11,24
3125,oracle_pc,11,25
3126,oracle_pc,11,26
3127,oracle_pc,11,27
3128,oracle_pc,11,28
3129,oracle_pc,11,29
3130,oracle_pc,11,30
3131,oracle_pc,11,31
3132,oracle_pc,11,32
3133,oracle_pc,11,33
3134,oracle_pc,11,34
3135,oracle_pc,11,35
3136,oracle_pc,11,36
3137,oracle_pc,11,37
3138,oracle_pc,11,38
3139,oracle_pc,11,39
3140,oracle_pc,11,40
3141,oracle_pc,11,41
3142,oracle_pc,11,42
3143,oracle_pc,11,43
3144,oracle_pc,11,44
3145,oracle_pc,11,45
3146,oracle_pc,11,46
3147,oracle_pc,11,47
3148,oracle_pc,11,48
3149,oracle_pc,11,49
3150,oracle_pc,11,50
3151,oracle_pc,11,51
3152,oracle_pc,11,52
3153,oracle_pc,11,53
3154,oracle_pc,11,54
3155,oracle_pc,11,55
3156,oracle_pc,11,56
3157,oracle_pc,11,57
3158,oracle_pc,11,58
3159,oracle_pc,11,59
3160,oracle_pc,11,60
3161,oracle_pc,11,61
3162,oracle_pc,11,62
3163,oracle_pc,11,63
3164,oracle_pc,11,64
3165,oracle_pc,11,65
3166,oracle_pc,11,66
3167,oracle_pc,11,67
3168,oracle_pc,11,68
3169,oracle_pc,11,69
3170,oracle_pc,11,70
3171,oracle_pc,11,71
3172,oracle_pc,11,72
3173,oracle_pc,11,73
3174,oracle_pc,11,74
3175,oracle_pc,11,75
3176,oracle_pc,11,76
3177,oracle_pc,11,77
3178,oracle_pc,11,78
3179,oracle_pc,11,79
3180,oracle_pc,11,80
3181,oracle_pc,11,81
3182,oracle_pc,11,82
3183,oracle_pc,11,83
3184,oracle_pc,11,84
3185,oracle_pc,11,85
3186,oracle_pc,11,86
3187,oracle_pc,11,87
3188,oracle_pc,11,88
3189,oracle_pc,11,89
3190,oracle_pc,11,90
3191,oracle_pc,11,91
3192,oracle_pc,11,92
3193,oracle_pc,11,93
3194,oracle_pc,11,94
3195,oracle_pc,11,95
3196,oracle_pc,11,96
3197,oracle_pc,11,97
3198,oracle_pc,11,98
3199,oracle_pc,11,99
3200,oracle_pc,11,100
3201,plug_in_pc,11,1
3202,plug_in_pc,11,2
3203,plug_in_pc,11,3
3204,plug_in_pc,11,4
3205,plug_in_pc,11,5
3206,plug_in_pc,11,6
3207,plug_in_pc,11,7
3208,plug_in_pc,11,8
3209,plug_in_pc,11,9
3210,plug_in_pc,11,10
3211,plug_in_pc,11,11
3212,plug_in_pc,11,12
3213,plug_in_pc,11,13
3214,plug_in_pc,11,14
3215,plug_in_pc,11,15
3216,plug_in_pc,11,16
3217,plug_in_pc,11,17
3218,plug_in_pc,11,18
3219,plug_in_pc,11,19
3220,plug_in_pc,11,20
3221,plug_in_pc,11,21
3222,plug_in_pc,11,22
3223,plug_in_pc,11,23
3224,plug_in_pc,11,24
3225,plug_in_pc,11,25
3226,plug_in_pc,11,26
3227,plug_in_pc,11,27
3228,plug_in_pc,11,28
3229,plug_in_pc,11,29
3230,plug_in_pc,11,30
3231,plug_in_pc,11,31
3232,plug_in_pc,11,32
3233,plug_in_pc,11,33
3234,plug_in_pc,11,34
3235,plug_in_pc,11,35
3236,plug_in_pc,11,36
3237,plug_in_pc,11,37
3238,plug_in_pc,11,38
3239,plug_in_pc,11,39
3240,plug_in_pc,11,40
3241,plug_in_pc,11,41
3242,plug_in_pc,11,42
3243,plug_in_pc,11,43
3244,plug_in_pc,11,44
3245,plug_in_pc,11,45
3246,plug_in_pc,11,46
3247,plug_in_pc,11,47
3248,plug_in_pc,11,48
3249,plug_in_pc,11,49
3250,plug_in_pc,11,50
3251,plug_in_pc,11,51
3252,plug_in_pc,11,52
3253,plug_in_pc,11,53
3254,plug_in_pc,11,54
3255,plug_in_pc,11,55
3256,plug_in_pc,11,56
3257,plug_in_pc,11,57
3258,plug_in_pc,11,58
3259,plug_in_pc,11,59
3260,plug_in_pc,11,60
3261,plug_in_pc,11,61
3262,plug_in_pc,11,62
3263,plug_in_pc,11,63
3264,plug_in_pc,11,64
3265,plug_in_pc,11,65
3266,plug_in_pc,11,66
3267,plug_in_pc,11,67
3268,plug_in_pc,11,68
3269,plug_in_pc,11,69
3270,plug_in_pc,11,70
3271,plug_in_pc,11,71
3272,plug_in_pc,11,72
3273,plug_in_pc,11,73
3274,plug_in_pc,11,74
3275,plug_in_pc,11,75
3276,plug_in_pc,11,76
3277,plug_in_pc,11,77
3278,plug_in_pc,11,78
3279,plug_in_pc,11,79
3280,plug_in_pc,11,80
3281,plug_in_pc,11,81
3282,plug_in_pc,11,82
3283,plug_in_pc,11,83
3284,plug_in_pc,11,84
3285,plug_in_pc,11,85
3286,plug_in_pc,11,86
3287,plug_in_pc,11,87
3288,plug_in_pc,11,88
3289,plug_in_pc,11,89
3290,plug_in_pc,11,90
3291,plug_in_pc,11,91
3292,plug_in_pc,11,92
3293,plug_in_pc,11,93
3294,plug_in_pc,11,94
3295,plug_in_pc,11,95
3296,plug_in_pc,11,96
3297,plug_in_pc,11,97
3298,plug_in_pc,11,98
3299,plug_in_pc,11,99
3300,plug_in_pc,11,100
3301,debiased_pc,12,1
3302,debiased_pc,12,2
3303,debiased_pc,12,3
3304,debiased_pc,12,4
3305,debiased_pc,12,5
3306,debiased_pc,12,6
3307,debiased_pc,12,7
3308,debiased_pc,12,8
3309,debiased_pc,12,9
3310,debiased_pc,12,10
3311,debiased_pc,12,11
3312,debiased_pc,12,12
3313,debiased_pc,12,13
3314,debiased_pc,12,14
3315,debiased_pc,12,15
3316,debiased_pc,12,16
3317,debiased_pc,12,17
3318,debiased_pc,12,18
3319,debiased_pc,12,19
3320,debiased_pc,12,20
3321,debiased_pc,12,21
3322,debiased_pc,12,22
3323,debiased_pc,12,23
3324,debiased_pc,12,24
3325,debiased_pc,12,25
3326,debiased_pc,12,26
3327,debiased_pc,12,27
3328,debiased_pc,12,28
3329,debiased_pc,12,29
3330,debiased_pc,12,30
3331,debiased_pc,12,31
3332,debiased_pc,12,32
3333,debiased_pc,12,33
3334,debiased_pc,12,34
3335,debiased_pc,12,35
3336,debiased_pc,12,36
3337,debiased_pc,12,37
3338,debiased_pc,12,38
3339,debiased_pc,12,39
3340,debiased_pc,12,40
3341,debiased_pc,12,41
3342,debiased_pc,12,42
3343,debiased_pc,12,43
3344,debiased_pc,12,44
3345,debiased_pc,12,45
3346,debiased_pc,12,46
3347,debiased_pc,12,47
3348,debiased_pc,12,48
3349,debiased_pc,12,49
3350,debiased_pc,12,50
3351,debiased_pc,12,51
3352,debiased_pc,12,52
3353,debiased_pc,12,53
3354,debiased_pc,12,54
3355,debiased_pc,12,55
3356,debiased_pc,12,56
3357,debiased_pc,12,57
3358,debiased_pc,12,58
3359,debiased_pc,12,59
3360,debiased_pc,12,60
3361,debiased_pc,12,61
3362,debiased_pc,12,62
3363,debiased_pc,12,63
3364,debiased_pc,12,64
3365,debiased_pc,12,65
3366,debiased_pc,12,66
3367,debiased_pc,12,67
3368,debiased_pc,12,68
3369,debiased_pc,12,69
3370,debiased_pc,12,70
3371,debiased_pc,12,71
3372,debiased_pc,12,72
3373,debiased_pc,12,73
3374,debiased_pc,12,74
3375,debiased_pc,12,75
3376,debiased_pc,12,76
3377,debiased_pc,12,77
3378,debiased_pc,12,78
3379,debiased_pc,12,79
3380,debiased_pc,12,80
3381,debiased_pc,12,81
3382,debiased_pc,12,82
3383,debiased_pc,12,83
3384,debiased_pc,12,84
3385,debiased_pc,12,85
3386,debiased_pc,12,86
3387,debiased_pc,12,87
3388,debiased_pc,12,88
3389,debiased_pc,12,89
3390,debiased_pc,12,90
3391,debiased_pc,12,91
3392,debiased_pc,12,92
3393,debiased_pc,12,93
3394,debiased_pc,12,94
3395,debiased_pc,12,95
3396,debiased_pc,12,96
3397,debiased_pc,12,97
3398,debiased_pc,12,98
3399,debiased_pc,12,99
3400,debiased_pc,12,100
3401,oracle_pc,12,1
3402,oracle_pc,12,2
3403,oracle_pc,12,3
3404,oracle_pc,12,4
3405,oracle_pc,12,5
3406,oracle_pc,12,6
3407,oracle_pc,12,7
3408,oracle_pc,12,8
3409,oracle_pc,12,9
3410,oracle_pc,12,10
3411,oracle_pc,12,11
3412,oracle_pc,12,12
3413,oracle_pc,12,13
3414,oracle_pc,12,14
3415,oracle_pc,12,15
3416,oracle_pc,12,16
3417,oracle_pc,12,17
3418,oracle_pc,12,18
3419,oracle_pc,12,19
3420,oracle_pc,12,20
3421,oracle_pc,12,21
3422,oracle_pc,12,22
3423,oracle_pc,12,23
3424,oracle_pc,12,24
3425,oracle_pc,12,25
3426,oracle_pc,12,26
3427,oracle_pc,12,27
3428,oracle_pc,12,28
3429,oracle_pc,12,29
3430,oracle_pc,12,30
3431,oracle_pc,12,31
3432,oracle_pc,12,32
3433,oracle_pc,12,33
3434,oracle_pc,12,34
3435,oracle_pc,12,35
3436,oracle_pc,12,36
3437,oracle_pc,12,37
3438,oracle_pc,12,38
3439,oracle_pc,12,39
3440,oracle_pc,12,40
3441,oracle_pc,12,41
3442,oracle_pc,12,42
3443,oracle_pc,12,43
3444,oracle_pc,12,44
3445,oracle_pc,12,45
3446,oracle_pc,12,46
3447,oracle_pc,12,47
3448,oracle_pc,12,48
3449,oracle_pc,12,49
3450,oracle_pc,12,50
3451,oracle_pc,12,51
3452,oracle_pc,12,52
3453,oracle_pc,12,53
3454,oracle_pc,12,54
3455,oracle_pc,12,55
3456,oracle_pc,12,56
3457,oracle_pc,12,57
3458,oracle_pc,12,58
3459,oracle_pc,12,59
3460,oracle_pc,12,60
3461,oracle_pc,12,61
3462,oracle_pc,12,62
3463,oracle_pc,12,63
3464,oracle_pc,12,64
3465,oracle_pc,12,65
3466,oracle_pc,12,66
3467,oracle_pc,12,67
3468,oracle_pc,12,68
3469,oracle_pc,12,69
3470,oracle_pc,12,70
3471,oracle_pc,12,71
3472,oracle_pc,12,72
3473,oracle_pc,12,73
3474,oracle_pc,12,74
3475,oracle_pc,12,75
3476,oracle_pc,12,76
3477,oracle_pc,12,77
3478,oracle_pc,12,78
3479,oracle_pc,12,79
3480,oracle_pc,12,80
3481,oracle_pc,12,81
3482,oracle_pc,12,82
3483,oracle_pc,12,83
3484,oracle_pc,12,84
3485,oracle_pc,12,85
3486,oracle_pc,12,86
3487,oracle_pc,12,87
3488,oracle_pc,12,88
3489,oracle_pc,12,89
3490,oracle_pc,12,90
3491,oracle_pc,12,91
3492,oracle_pc,12,92
3493,oracle_pc,12,93
3494,oracle_pc,12,94
3495,oracle_pc,12,95
3496,oracle_pc,12,96
3497,oracle_pc,12,97
3498,oracle_pc,12,98
3499,oracle_pc,12,99
3500,oracle_pc,12,100
3501,plug_in_pc,12,1
3502,plug_in_pc,12,2
3503,plug_in_pc,12,3
3504,plug_in_pc,12,4
3505,plug_in_pc,12,5
3506,plug_in_pc,12,6
3507,plug_in_pc,12,7
3508,plug_in_pc,12,8
3509,plug_in_pc,12,9
3510,plug_in_pc,12,10
3511,plug_in_pc,12,11
3512,plug_in_pc,12,12
3513,plug_in_pc,12,13
3514,plug_in_pc,12,14
3515,plug_in_pc,12,15
3516,plug_in_pc,12,16
3517,plug_in_pc,12,17
3518,plug_in_pc,12,18
3519,plug_in_pc,12,19
3520,plug_in_pc,12,20
3521,plug_in_pc,12,21
3522,plug_in_pc,12,22
3523,plug_in_pc,12,23
3524,plug_in_pc,12,24
3525,plug_in_pc,12,25
3526,plug_in_pc,12,26
3527,plug_in_pc,12,27
3528,plug_in_pc,12,28
3529,plug_in_pc,12,29
3530,plug_in_pc,12,30
3531,plug_in_pc,12,31
3532,plug_in_pc,12,32
3533,plug_in_pc,12,33
3534,plug_in_pc,12,34
3535,plug_in_pc,12,35
3536,plug_in_pc,12,36
3537,plug_in_pc,12,37
3538,plug_in_pc,12,38
3539,plug_in_pc,12,39
3540,plug_in_pc,12,40
3541,plug_in_pc,12,41
3542,plug_in_pc,12,42
3543,plug_in_pc,12,43
3544,plug_in_pc,12,44
3545,plug_in_pc,12,45
3546,plug_in_pc,12,46
3547,plug_in_pc,12,47
3548,plug_in_pc,12,48
3549,plug_in_pc,12,49
3550,plug_in_pc,12,50
3551,plug_in_pc,12,51
3552,plug_in_pc,12,52
3553,plug_in_pc,12,53
3554,plug_in_pc,12,54
3555,plug_in_pc,12,55
3556,plug_in_pc,12,56
3557,plug_in_pc,12,57
3558,plug_in_pc,12,58
3559,plug_in_pc,12,59
3560,plug_in_pc,12,60
3561,plug_in_pc,12,61
3562,plug_in_pc,12,62
3563,plug_in_pc,12,63
3564,plug_in_pc,12,64
3565,plug_in_pc,12,65
3566,plug_in_pc,12,66
3567,plug_in_pc,12,67
3568,plug_in_pc,12,68
3569,plug_in_pc,12,69
3570,plug_in_pc,12,70
3571,plug_in_pc,12,71
3572,plug_in_pc,12,72
3573,plug_in_pc,12,73
3574,plug_in_pc,12,74
3575,plug_in_pc,12,75
3576,plug_in_pc,12,76
3577,plug_in_pc,12,77
3578,plug_in_pc,12,78
3579,plug_in_pc,12,79
3580,plug_in_pc,12,80
3581,plug_in_pc,12,81
3582,plug_in_pc,12,82
3583,plug_in_pc,12,83
3584,plug_in_pc,12,84
3585,plug_in_pc,12,85
3586,plug_in_pc,12,86
3587,plug_in_pc,12,87
3588,plug_in_pc,12,88
3589,plug_in_pc,12,89
3590,plug_in_pc,12,90
3591,plug_in_pc,12,91
3592,plug_in_pc,12,92
3593,plug_in_pc,12,93
3594,plug_in_pc,12,94
3595,plug_in_pc,12,95
3596,plug_in_pc,12,96
3597,plug_in_pc,12,97
3598,plug_in_pc,12,98
3599,plug_in_pc,12,99
3600,plug_in_pc,12,100
3601,debiased_pc,13,1
3602,debiased_pc,13,2
3603,debiased_pc,13,3
3604,debiased_pc,13,4
3605,debiased_pc,13,5
3606,debiased_pc,13,6
3607,debiased_pc,13,7
3608,debiased_pc,13,8
3609,debiased_pc,13,9
3610,debiased_pc,13,10
3611,debiased_pc,13,11
3612,debiased_pc,13,12
3613,debiased_pc,13,13
3614,debiased_pc,13,14
3615,debiased_pc,13,15
3616,debiased_pc,13,16
3617,debiased_pc,13,17
3618,debiased_pc,13,18
3619,debiased_pc,13,19
3620,debiased_pc,13,20
3621,debiased_pc,13,21
3622,debiased_pc,13,22
3623,debiased_pc,13,23
3624,debiased_pc,13,24
3625,debiased_pc,13,25
3626,debiased_pc,13,26
3627,debiased_pc,13,27
3628,debiased_pc,13,28
3629,debiased_pc,13,29
3630,debiased_pc,13,30
3631,debiased_pc,13,31
3632,debiased_pc,13,32
3633,debiased_pc,13,33
3634,debiased_pc,13,34
3635,debiased_pc,13,35
3636,debiased_pc,13,36
3637,debiased_pc,13,37
3638,debiased_pc,13,38
3639,debiased_pc,13,39
3640,debiased_pc,13,40
3641,debiased_pc,13,41
3642,debiased_pc,13,42
3643,debiased_pc,13,43
3644,debiased_pc,13,44
3645,debiased_pc,13,45
3646,debiased_pc,13,46
3647,debiased_pc,13,47
3648,debiased_pc,13,48
3649,debiased_pc,13,49
3650,debiased_pc,13,50
3651,debiased_pc,13,51
3652,debiased_pc,13,52
3653,debiased_pc,13,53
3654,debiased_pc,13,54
3655,debiased_pc,13,55
3656,debiased_pc,13,56
3657,debiased_pc,13,57
3658,debiased_pc,13,58
3659,debiased_pc,13,59
3660,debiased_pc,13,60
3661,debiased_pc,13,61
3662,debiased_pc,13,62
3663,debiased_pc,13,63
3664,debiased_pc,13,64
3665,debiased_pc,13,65
3666,debiased_pc,13,66
3667,debiased_pc,13,67
3668,debiased_pc,13,68
3669,debiased_pc,13,69
3670,debiased_pc,13,70
3671,debiased_pc,13,71
3672,debiased_pc,13,72
3673,debiased_pc,13,73
3674,debiased_pc,13,74
3675,debiased_pc,13,75
3676,debiased_pc,13,76
3677,debiased_pc,13,77
3678,debiased_pc,13,78
3679,debiased_pc,13,79
3680,debiased_pc,13,80
3681,debiased_pc,13,81
3682,debiased_pc,13,82
3683,debiased_pc,13,83
3684,debiased_pc,13,84
3685,debiased_pc,13,85
3686,debiased_pc,13,86
3687,debiased_pc,13,87
3688,debiased_pc,13,88
3689,debiased_pc,13,89
3690,debiased_pc,13,90
3691,debiased_pc,13,91
3692,debiased_pc,13,92
3693,debiased_pc,13,93
3694,debiased_pc,13,94
3695,debiased_pc,13,95
3696,debiased_pc,13,96
3697,debiased_pc,13,97
3698,debiased_pc,13,98
3699,debiased_pc,13,99
3700,debiased_pc,13,100
3701,oracle_pc,13,1
3702,oracle_pc,13,2
3703,oracle_pc,13,3
3704,oracle_pc,13,4
3705,oracle_pc,13,5
3706,oracle_pc,13,6
3707,oracle_pc,13,7
3708,oracle_pc,13,8
3709,oracle_pc,13,9
3710,oracle_pc,13,10
3711,oracle_pc,13,11
3712,oracle_pc,13,12
3713,oracle_pc,13,13
3714,oracle_pc,13,14
3715,oracle_pc,13,15
3716,oracle_pc,13,16
3717,oracle_pc,13,17
3718,oracle_pc,13,18
3719,oracle_pc,13,19
3720,oracle_pc,13,20
3721,oracle_pc,13,21
3722,oracle_pc,13,22
3723,oracle_pc,13,23
3724,oracle_pc,13,24
3725,oracle_pc,13,25
3726,oracle_pc,13,26
3727,oracle_pc,13,27
3728,oracle_pc,13,28
3729,oracle_pc,13,29
3730,oracle_pc,13,30
3731,oracle_pc,13,31
3732,oracle_pc,13,32
3733,oracle_pc,13,33
3734,oracle_pc,13,34
3735,oracle_pc,13,35
3736,oracle_pc,13,36
3737,oracle_pc,13,37
3738,oracle_pc,13,38
3739,oracle_pc,13,39
3740,oracle_pc,13,40
3741,oracle_pc,13,41
3742,oracle_pc,13,42
3743,oracle_pc,13,43
3744,oracle_pc,13,44
3745,oracle_pc,13,45
3746,oracle_pc,13,46
3747,oracle_pc,13,47
3748,oracle_pc,13,48
3749,oracle_pc,13,49
3750,oracle_pc,13,50
3751,oracle_pc,13,51
3752,oracle_pc,13,52
3753,oracle_pc,13,53
3754,oracle_pc,13,54
3755,oracle_pc,13,55
3756,oracle_pc,13,56
3757,oracle_pc,13,57
3758,oracle_pc,13,58
3759,oracle_pc,13,59
3760,oracle_pc,13,60
3761,oracle_pc,13,61
3762,oracle_pc,13,62
3763,oracle_pc,13,63
3764,oracle_pc,13,64
3765,oracle_pc,13,65
3766,oracle_pc,13,66
3767,oracle_pc,13,67
3768,oracle_pc,13,68
3769,oracle_pc,13,69
3770,oracle_pc,13,70
3771,oracle_pc,13,71
3772,oracle_pc,13,72
3773,oracle_pc,13,73
3774,oracle_pc,13,74
3775,oracle_pc,13,75
3776,oracle_pc,13,76
3777,oracle_pc,13,77
3778,oracle_pc,13,78
3779,oracle_pc,13,79
3780,oracle_pc,13,80
3781,oracle_pc,13,81
3782,oracle_pc,13,82
3783,oracle_pc,13,83
3784,oracle_pc,13,84
3785,oracle_pc,13,85
3786,oracle_pc,13,86
3787,oracle_pc,13,87
3788,oracle_pc,13,88
3789,oracle_pc,13,89
3790,oracle_pc,13,90
3791,oracle_pc,13,91
3792,oracle_pc,13,92
3793,oracle_pc,13,93
3794,oracle_pc,13,94
3795,oracle_pc,13,95
3796,oracle_pc,13,96
3797,oracle_pc,13,97
3798,oracle_pc,13,98
3799,oracle_pc,13,99
3800,oracle_pc,13,100
3801,plug_in_pc,13,1
3802,plug_in_pc,13,2
3803,plug_in_pc,13,3
3804,plug_in_pc,13,4
3805,plug_in_pc,13,5
3806,plug_in_pc,13,6
3807,plug_in_pc,13,7
3808,plug_in_pc,13,8
3809,plug_in_pc,13,9
3810,plug_in_pc,13,10
3811,plug_in_pc,13,11
3812,plug_in_pc,13,12
3813,plug_in_pc,13,13
3814,plug_in_pc,13,14
3815,plug_in_pc,13,15
3816,plug_in_pc,13,16
3817,plug_in_pc,13,17
3818,plug_in_pc,13,18
3819,plug_in_pc,13,19
3820,plug_in_pc,13,20
3821,plug_in_pc,13,21
3822,plug_in_pc,13,22
3823,plug_in_pc,13,23
3824,plug_in_pc,13,24
3825,plug_in_pc,13,25
3826,plug_in_pc,13,26
3827,plug_in_pc,13,27
3828,plug_in_pc,13,28
3829,plug_in_pc,13,29
3830,plug_in_pc,13,30
3831,plug_in_pc,13,31
3832,plug_in_pc,13,32
3833,plug_in_pc,13,33
3834,plug_in_pc,13,34
3835,plug_in_pc,13,35
3836,plug_in_pc,13,36
3837,plug_in_pc,13,37
3838,plug_in_pc,13,38
3839,plug_in_pc,13,39
3840,plug_in_pc,13,40
3841,plug_in_pc,13,41
3842,plug_in_pc,13,42
3843,plug_in_pc,13,43
3844,plug_in_pc,13,44
3845,plug_in_pc,13,45
3846,plug_in_pc,13,46
3847,plug_in_pc,13,47
3848,plug_in_pc,13,48
3849,plug_in_pc,13,49
3850,plug_in_pc,13,50
3851,plug_in_pc,13,51
3852,plug_in_pc,13,52
3853,plug_in_pc,13,53
3854,plug_in_pc,13,54
3855,plug_in_pc,13,55
3856,plug_in_pc,13,56
3857,plug_in_pc,13,57
3858,plug_in_pc,13,58
3859,plug_in_pc,13,59
3860,plug_in_pc,13,60
3861,plug_in_pc,13,61
3862,plug_in_pc,13,62
3863,plug_in_pc,13,63
3864,plug_in_pc,13,64
3865,plug_in_pc,13,65
3866,plug_in_pc,13,66
3867,plug_in_pc,13,67
3868,plug_in_pc,13,68
3869,plug_in_pc,13,69
3870,plug_in_pc,13,70
3871,plug_in_pc,13,71
3872,plug_in_pc,13,72
3873,plug_in_pc,13,73
3874,plug_in_pc,13,74
3875,plug_in_pc,13,75
3876,plug_in_pc,13,76
3877,plug_in_pc,13,77
3878,plug_in_pc,13,78
3879,plug_in_pc,13,79
3880,plug_in_pc,13,80
3881,plug_in_pc,13,81
3882,plug_in_pc,13,82
3883,plug_in_pc,13,83
3884,plug_in_pc,13,84
3885,plug_in_pc,13,85
3886,plug_in_pc,13,86
3887,plug_in_pc,13,87
3888,plug_in_pc,13,88
3889,plug_in_pc,13,89
3890,plug_in_pc,13,90
3891,plug_in_pc,13,91
3892,plug_in_pc,13,92
3893,plug_in_pc,13,93
3894,plug_in_pc,13,94
3895,plug_in_pc,13,95
3896,plug_in_pc,13,96
3897,plug_in_pc,13,97
3898,plug_in_pc,13,98
3899,plug_in_pc,13,99
3900,plug_in_pc,13,100
3901,debiased_pc,14,1
3902,debiased_pc,14,2
3903,debiased_pc,14,3
3904,debiased_pc,14,4
3905,debiased_pc,14,5
3906,debiased_pc,14,6
3907,debiased_pc,14,7
3908,debiased_pc,14,8
3909,debiased_pc,14,9
3910,debiased_pc,14,10
3911,debiased_pc,14,11
3912,debiased_pc,14,12
3913,debiased_pc,14,13
3914,debiased_pc,14,14
3915,debiased_pc,14,15
3916,debiased_pc,14,16
3917,debiased_pc,14,17
3918,debiased_pc,14,18
3919,debiased_pc,14,19
3920,debiased_pc,14,20
3921,debiased_pc,14,21
3922,debiased_pc,14,22
3923,debiased_pc,14,23
3924,debiased_pc,14,24
3925,debiased_pc,14,25
3926,debiased_pc,14,26
3927,debiased_pc,14,27
3928,debiased_pc,14,28
3929,debiased_pc,14,29
3930,debiased_pc,14,30
3931,debiased_pc,14,31
3932,debiased_pc,14,32
3933,debiased_pc,14,33
3934,debiased_pc,14,34
3935,debiased_pc,14,35
3936,debiased_pc,14,36
3937,debiased_pc,14,37
3938,debiased_pc,14,38
3939,debiased_pc,14,39
3940,debiased_pc,14,40
3941,debiased_pc,14,41
3942,debiased_pc,14,42
3943,debiased_pc,14,43
3944,debiased_pc,14,44
3945,debiased_pc,14,45
3946,debiased_pc,14,46
3947,debiased_pc,14,47
3948,debiased_pc,14,48
3949,debiased_pc,14,49
3950,debiased_pc,14,50
3951,debiased_pc,14,51
3952,debiased_pc,14,52
3953,debiased_pc,14,53
3954,debiased_pc,14,54
3955,debiased_pc,14,55
3956,debiased_pc,14,56
3957,debiased_pc,14,57
3958,debiased_pc,14,58
3959,debiased_pc,14,59
3960,debiased_pc,14,60
3961,debiased_pc,14,61
3962,debiased_pc,14,62
3963,debiased_pc,14,63
3964,debiased_pc,14,64
3965,debiased_pc,14,65
3966,debiased_pc,14,66
3967,debiased_pc,14,67
3968,debiased_pc,14,68
3969,debiased_pc,14,69
3970,debiased_pc,14,70
3971,debiased_pc,14,71
3972,debiased_pc,14,72
3973,debiased_pc,14,73
3974,debiased_pc,14,74
3975,debiased_pc,14,75
3976,debiased_pc,14,76
3977,debiased_pc,14,77
3978,debiased_pc,14,78
3979,debiased_pc,14,79
3980,debiased_pc,14,80
3981,debiased_pc,14,81
3982,debiased_pc,14,82
3983,debiased_pc,14,83
3984,debiased_pc,14,84
3985,debiased_pc,14,85
3986,debiased_pc,14,86
3987,debiased_pc,14,87
3988,debiased_pc,14,88
3989,debiased_pc,14,89
3990,debiased_pc,14,90
3991,debiased_pc,14,91
3992,debiased_pc,14,92
3993,debiased_pc,14,93
3994,debiased_pc,14,94
3995,debiased_pc,14,95
3996,debiased_pc,14,96
3997,debiased_pc,14,97
3998,debiased_pc,14,98
3999,debiased_pc,14,99
4000,debiased_pc,14,100
4001,oracle_pc,14,1
4002,oracle_pc,14,2
4003,oracle_pc,14,3
4004,oracle_pc,14,4
4005,oracle_pc,14,5
4006,oracle_pc,14,6
4007,oracle_pc,14,7
4008,oracle_pc,14,8
4009,oracle_pc,14,9
4010,oracle_pc,14,10
4011,oracle_pc,14,11
4012,oracle_pc,14,12
4013,oracle_pc,14,13
4014,oracle_pc,14,14
4015,oracle_pc,14,15
4016,oracle_pc,14,16
4017,oracle_pc,14,17
4018,oracle_pc,14,18
4019,oracle_pc,14,19
4020,oracle_pc,14,20
4021,oracle_pc,14,21
4022,oracle_pc,14,22
4023,oracle_pc,14,23
4024,oracle_pc,14,24
4025,oracle_pc,14,25
4026,oracle_pc,14,26
4027,oracle_pc,14,27
4028,oracle_pc,14,28
4029,oracle_pc,14,29
4030,oracle_pc,14,30
4031,oracle_pc,14,31
4032,oracle_pc,14,32
4033,oracle_pc,14,33
4034,oracle_pc,14,34
4035,oracle_pc,14,35
4036,oracle_pc,14,36
4037,oracle_pc,14,37
4038,oracle_pc,14,38
4039,oracle_pc,14,39
4040,oracle_pc,14,40
4041,oracle_pc,14,41
4042,oracle_pc,14,42
4043,oracle_pc,14,43
4044,oracle_pc,14,44
4045,oracle_pc,14,45
4046,oracle_pc,14,46
4047,oracle_pc,14,47
4048,oracle_pc,14,48
4049,oracle_pc,14,49
4050,oracle_pc,14,50
4051,oracle_pc,14,51
4052,oracle_pc,14,52
4053,oracle_pc,14,53
4054,oracle_pc,14,54
4055,oracle_pc,14,55
4056,oracle_pc,14,56
4057,oracle_pc,14,57
4058,oracle_pc,14,58
4059,oracle_pc,14,59
4060,oracle_pc,14,60
4061,oracle_pc,14,61
4062,oracle_pc,14,62
4063,oracle_pc,14,63
4064,oracle_pc,14,64
4065,oracle_pc,14,65
4066,oracle_pc,14,66
4067,oracle_pc,14,67
4068,oracle_pc,14,68
4069,oracle_pc,14,69
4070,oracle_pc,14,70
4071,oracle_pc,14,71
4072,oracle_pc,14,72
4073,oracle_pc,14,73
4074,oracle_pc,14,74
4075,oracle_pc,14,75
4076,oracle_pc,14,76
4077,oracle_pc,14,77
4078,oracle_pc,14,78
4079,oracle_pc,14,79
4080,oracle_pc,14,80
4081,oracle_pc,14,81
4082,oracle_pc,14,82
4083,oracle_pc,14,83
4084,oracle_pc,14,84
4085,oracle_pc,14,85
4086,oracle_pc,14,86
4087,oracle_pc,14,87
4088,oracle_pc,14,88
4089,oracle_pc,14,89
4090,oracle_pc,14,90
4091,oracle_pc,14,91
4092,oracle_pc,14,92
4093,oracle_pc,14,93
4094,oracle_pc,14,94
4095,oracle_pc,14,95
4096,oracle_pc,14,96
4097,oracle_pc,14,97
4098,oracle_pc,14,98
4099,oracle_pc,14,99
4100,oracle_pc,14,100
4101,plug_in_pc,14,1
4102,plug_in_pc,14,2
4103,plug_in_pc,14,3
4104,plug_in_pc,14,4
4105,plug_in_pc,14,5
4106,plug_in_pc,14,6
4107,plug_in_pc,14,7
4108,plug_in_pc,14,8
4109,plug_in_pc,14,9
4110,plug_in_pc,14,10
4111,plug_in_pc,14,11
4112,plug_in_pc,14,12
4113,plug_in_pc,14,13
4114,plug_in_pc,14,14
4115,plug_in_pc,14,15
4116,plug_in_pc,14,16
4117,plug_in_pc,14,17
4118,plug_in_pc,14,18
4119,plug_in_pc,14,19
4120,plug_in_pc,14,20
4121,plug_in_pc,14,21
4122,plug_in_pc,14,22
4123,plug_in_pc,14,23
4124,plug_in_pc,14,24
4125,plug_in_pc,14,25
4126,plug_in_pc,14,26
4127,plug_in_pc,14,27
4128,plug_in_pc,14,28
4129,plug_in_pc,14,29
4130,plug_in_pc,14,30
4131,plug_in_pc,14,31
4132,plug_in_pc,14,32
4133,plug_in_pc,14,33
4134,plug_in_pc,14,34
4135,plug_in_pc,14,35
4136,plug_in_pc,14,36
4137,plug_in_pc,14,37
4138,plug_in_pc,14,38
4139,plug_in_pc,14,39
4140,plug_in_pc,14,40
4141,plug_in_pc,14,41
4142,plug_in_pc,14,42
4143,plug_in_pc,14,43
4144,plug_in_pc,14,44
4145,plug_in_pc,14,45
4146,plug_in_pc,14,46
4147,plug_in_pc,14,47
4148,plug_in_pc,14,48
4149,plug_in_pc,14,49
4150,plug_in_pc,14,50
4151,plug_in_pc,14,51
4152,plug_in_pc,14,52
4153,plug_in_pc,14,53
4154,plug_in_pc,14,54
4155,plug_in_pc,14,55
4156,plug_in_pc,14,56
4157,plug_in_pc,14,57
4158,plug_in_pc,14,58
4159,plug_in_pc,14,59
4160,plug_in_pc,14,60
4161,plug_in_pc,14,61
4162,plug_in_pc,14,62
4163,plug_in_pc,14,63
4164,plug_in_pc,14,64
4165,plug_in_pc,14,65
4166,plug_in_pc,14,66
4167,plug_in_pc,14,67
4168,plug_in_pc,14,68
4169,plug_in_pc,14,69
4170,plug_in_pc,14,70
4171,plug_in_pc,14,71
4172,plug_in_pc,14,72
4173,plug_in_pc,14,73
4174,plug_in_pc,14,74
4175,plug_in_pc,14,75
4176,plug_in_pc,14,76
4177,plug_in_pc,14,77
4178,plug_in_pc,14,78
4179,plug_in_pc,14,79
4180,plug_in_pc,14,80
4181,plug_in_pc,14,81
4182,plug_in_pc,14,82
4183,plug_in_pc,14,83
4184,plug_in_pc,14,84
4185,plug_in_pc,14,85
4186,plug_in_pc,14,86
4187,plug_in_pc,14,87
4188,plug_in_pc,14,88
4189,plug_in_pc,14,89
4190,plug_in_pc,14,90
4191,plug_in_pc,14,91
4192,plug_in_pc,14,92
4193,plug_in_pc,14,93
4194,plug_in_pc,14,94
4195,plug_in_pc,14,95
4196,plug_in_pc,14,96
4197,plug_in_pc,14,97
4198,plug_in_pc,14,98
4199,plug_in_pc,14,99
4200,plug_in_pc,14,100
4201,debiased_pc,15,1
4202,debiased_pc,15,2
4203,debiased_pc,15,3
4204,debiased_pc,15,4
4205,debiased_pc,15,5
4206,debiased_pc,15,6
4207,debiased_pc,15,7
4208,debiased_pc,15,8
4209,debiased_pc,15,9
4210,debiased_pc,15,10
4211,debiased_pc,15,11
4212,debiased_pc,15,12
4213,debiased_pc,15,13
4214,debiased_pc,15,14
4215,debiased_pc,15,15
4216,debiased_pc,15,16
4217,debiased_pc,15,17
4218,debiased_pc,15,18
4219,debiased_pc,15,19
4220,debiased_pc,15,20
4221,debiased_pc,15,21
4222,debiased_pc,15,22
4223,debiased_pc,15,23
4224,debiased_pc,15,24
4225,debiased_pc,15,25
4226,debiased_pc,15,26
4227,debiased_pc,15,27
4228,debiased_pc,15,28
4229,debiased_pc,15,29
4230,debiased_pc,15,30
4231,debiased_pc,15,31
4232,debiased_pc,15,32
4233,debiased_pc,15,33
4234,debiased_pc,15,34
4235,debiased_pc,15,35
4236,debiased_pc,15,36
4237,debiased_pc,15,37
4238,debiased_pc,15,38
4239,debiased_pc,15,39
4240,debiased_pc,15,40
4241,debiased_pc,15,41
4242,debiased_pc,15,42
4243,debiased_pc,15,43
4244,debiased_pc,15,44
4245,debiased_pc,15,45
4246,debiased_pc,15,46
4247,debiased_pc,15,47
4248,debiased_pc,15,48
4249,debiased_pc,15,49
4250,debiased_pc,15,50
4251,debiased_pc,15,51
4252,debiased_pc,15,52
4253,debiased_pc,15,53
4254,debiased_pc,15,54
4255,debiased_pc,15,55
4256,debiased_pc,15,56
4257,debiased_pc,15,57
4258,debiased_pc,15,58
4259,debiased_pc,15,59
4260,debiased_pc,15,60
4261,debiased_pc,15,61
4262,debiased_pc,15,62
4263,debiased_pc,15,63
4264,debiased_pc,15,64
4265,debiased_pc,15,65
4266,debiased_pc,15,66
4267,debiased_pc,15,67
4268,debiased_pc,15,68
4269,debiased_pc,15,69
4270,debiased_pc,15,70
4271,debiased_pc,15,71
4272,debiased_pc,15,72
4273,debiased_pc,15,73
4274,debiased_pc,15,74
4275,debiased_pc,15,75
4276,debiased_pc,15,76
4277,debiased_pc,15,77
4278,debiased_pc,15,78
4279,debiased_pc,15,79
4280,debiased_pc,15,80
4281,debiased_pc,15,81
4282,debiased_pc,15,82
4283,debiased_pc,15,83
4284,debiased_pc,15,84
4285,debiased_pc,15,85
4286,debiased_pc,15,86
4287,debiased_pc,15,87
4288,debiased_pc,15,88
4289,debiased_pc,15,89
4290,debiased_pc,15,90
4291,debiased_pc,15,91
4292,debiased_pc,15,92
4293,debiased_pc,15,93
4294,debiased_pc,15,94
4295,debiased_pc,15,95
4296,debiased_pc,15,96
4297,debiased_pc,15,97
4298,debiased_pc,15,98
4299,debiased_pc,15,99
4300,debiased_pc,15,100
4301,oracle_pc,15,1
4302,oracle_pc,15,2
4303,oracle_pc,15,3
4304,oracle_pc,15,4
4305,oracle_pc,15,5
4306,oracle_pc,15,6
4307,oracle_pc,15,7
4308,oracle_pc,15,8
4309,oracle_pc,15,9
4310,oracle_pc,15,10
4311,oracle_pc,15,11
4312,oracle_pc,15,12
4313,oracle_pc,15,13
4314,oracle_pc,15,14
4315,oracle_pc,15,15
4316,oracle_pc,15,16
4317,oracle_pc,15,17
4318,oracle_pc,15,18
4319,oracle_pc,15,19
4320,oracle_pc,15,20
4321,oracle_pc,15,21
4322,oracle_pc,15,22
4323,oracle_pc,15,23
4324,oracle_pc,15,24
4325,oracle_pc,15,25
4326,oracle_pc,15,26
4327,oracle_pc,15,27
4328,oracle_pc,15,28
4329,oracle_pc,15,29
4330,oracle_pc,15,30
4331,oracle_pc,15,31
4332,oracle_pc,15,32
4333,oracle_pc,15,33
4334,oracle_pc,15,34
4335,oracle_pc,15,35
4336,oracle_pc,15,36
4337,oracle_pc,15,37
4338,oracle_pc,15,38
4339,oracle_pc,15,39
4340,oracle_pc,15,40
4341,oracle_pc,15,41
4342,oracle_pc,15,42
4343,oracle_pc,15,43
4344,oracle_pc,15,44
4345,oracle_pc,15,45
4346,oracle_pc,15,46
4347,oracle_pc,15,47
4348,oracle_pc,15,48
4349,oracle_pc,15,49
4350,oracle_pc,15,50
4351,oracle_pc,15,51
4352,oracle_pc,15,52
4353,oracle_pc,15,53
4354,oracle_pc,15,54
4355,oracle_pc,15,55
4356,oracle_pc,15,56
4357,oracle_pc,15,57
4358,oracle_pc,15,58
4359,oracle_pc,15,59
4360,oracle_pc,15,60
4361,oracle_pc,15,61
4362,oracle_pc,15,62
4363,oracle_pc,15,63
4364,oracle_pc,15,64
4365,oracle_pc,15,65
4366,oracle_pc,15,66
4367,oracle_pc,15,67
4368,oracle_pc,15,68
4369,oracle_pc,15,69
4370,oracle_pc,15,70
4371,oracle_pc,15,71
4372,oracle_pc,15,72
4373,oracle_pc,15,73
4374,oracle_pc,15,74
4375,oracle_pc,15,75
4376,oracle_pc,15,76
4377,oracle_pc,15,77
4378,oracle_pc,15,78
4379,oracle_pc,15,79
4380,oracle_pc,15,80
4381,oracle_pc,15,81
4382,oracle_pc,15,82
4383,oracle_pc,15,83
4384,oracle_pc,15,84
4385,oracle_pc,15,85
4386,oracle_pc,15,86
4387,oracle_pc,15,87
4388,oracle_pc,15,88
4389,oracle_pc,15,89
4390,oracle_pc,15,90
4391,oracle_pc,15,91
4392,oracle_pc,15,92
4393,oracle_pc,15,93
4394,oracle_pc,15,94
4395,oracle_pc,15,95
4396,oracle_pc,15,96
4397,oracle_pc,15,97
4398,oracle_pc,15,98
4399,oracle_pc,15,99
4400,oracle_pc,15,100
4401,plug_in_pc,15,1
4402,plug_in_pc,15,2
4403,plug_in_pc,15,3
4404,plug_in_pc,15,4
4405,plug_in_pc,15,5
4406,plug_in_pc,15,6
4407,plug_in_pc,15,7
4408,plug_in_pc,15,8
4409,plug_in_pc,15,9
4410,plug_in_pc,15,10
4411,plug_in_pc,15,11
4412,plug_in_pc,15,12
4413,plug_in_pc,15,13
4414,plug_in_pc,15,14
4415,plug_in_pc,15,15
4416,plug_in_pc,15,16
4417,plug_in_pc,15,17
4418,plug_in_pc,15,18
4419,plug_in_pc,15,19
4420,plug_in_pc,15,20
4421,plug_in_pc,15,21
4422,plug_in_pc,15,22
4423,plug_in_pc,15,23
4424,plug_in_pc,15,24
4425,plug_in_pc,15,25
4426,plug_in_pc,15,26
4427,plug_in_pc,15,27
4428,plug_in_pc,15,28
4429,plug_in_pc,15,29
4430,plug_in_pc,15,30
4431,plug_in_pc,15,31
4432,plug_in_pc,15,32
4433,plug_in_pc,15,33
4434,plug_in_pc,15,34
4435,plug_in_pc,15,35
4436,plug_in_pc,15,36
4437,plug_in_pc,15,37
4438,plug_in_pc,15,38
4439,plug_in_pc,15,39
4440,plug_in_pc,15,40
4441,plug_in_pc,15,41
4442,plug_in_pc,15,42
4443,plug_in_pc,15,43
4444,plug_in_pc,15,44
4445,plug_in_pc,15,45
4446,plug_in_pc,15,46
4447,plug_in_pc,15,47
4448,plug_in_pc,15,48
4449,plug_in_pc,15,49
4450,plug_in_pc,15,50
4451,plug_in_pc,15,51
4452,plug_in_pc,15,52
4453,plug_in_pc,15,53
4454,plug_in_pc,15,54
4455,plug_in_pc,15,55
4456,plug_in_pc,15,56
4457,plug_in_pc,15,57
4458,plug_in_pc,15,58
4459,plug_in_pc,15,59
4460,plug_in_pc,15,60
4461,plug_in_pc,15,61
4462,plug_in_pc,15,62
4463,plug_in_pc,15,63
4464,plug_in_pc,15,64
4465,plug_in_pc,15,65
4466,plug_in_pc,15,66
4467,plug_in_pc,15,67
4468,plug_in_pc,15,68
4469,plug_in_pc,15,69
4470,plug_in_pc,15,70
4471,plug_in_pc,15,71
4472,plug_in_pc,15,72
4473,plug_in_pc,15,73
4474,plug_in_pc,15,74
4475,plug_in_pc,15,75
4476,plug_in_pc,15,76
4477,plug_in_pc,15,77
4478,plug_in_pc,15,78
4479,plug_in_pc,15,79
4480,plug_in_pc,15,80
4481,plug_in_pc,15,81
4482,plug_in_pc,15,82
4483,plug_in_pc,15,83
4484,plug_in_pc,15,84
4485,plug_in_pc,15,85
4486,plug_in_pc,15,86
4487,plug_in_pc,15,87
4488,plug_in_pc,15,88
4489,plug_in_pc,15,89
4490,plug_in_pc,15,90
4491,plug_in_pc,15,91
4492,plug_in_pc,15,92
4493,plug_in_pc,15,93
4494,plug_in_pc,15,94
4495,plug_in_pc,15,95
4496,plug_in_pc,15,96
4497,plug_in_pc,15,97
4498,plug_in_pc,15,98
4499,plug_in_pc,15,99
4500,plug_in_pc,15,100
4501,debiased_pc,16,1
4502,debiased_pc,16,2
4503,debiased_pc,16,3
4504,debiased_pc,16,4
4505,debiased_pc,16,5
4506,debiased_pc,16,6
4507,debiased_pc,16,7
4508,debiased_pc,16,8
4509,debiased_pc,16,9
4510,debiased_pc,16,10
4511,debiased_pc,16,11
4512,debiased_pc,16,12
4513,debiased_pc,16,13
4514,debiased_pc,16,14
4515,debiased_pc,16,15
4516,debiased_pc,16,16
4517,debiased_pc,16,17
4518,debiased_pc,16,18
4519,debiased_pc,16,19
4520,debiased_pc,16,20
4521,debiased_pc,16,21
4522,debiased_pc,16,22
4523,debiased_pc,16,23
4524,debiased_pc,16,24
4525,debiased_pc,16,25
4526,debiased_pc,16,26
4527,debiased_pc,16,27
4528,debiased_pc,16,28
4529,debiased_pc,16,29
4530,debiased_pc,16,30
4531,debiased_pc,16,31
4532,debiased_pc,16,32
4533,debiased_pc,16,33
4534,debiased_pc,16,34
4535,debiased_pc,16,35
4536,debiased_pc,16,36
4537,debiased_pc,16,37
4538,debiased_pc,16,38
4539,debiased_pc,16,39
4540,debiased_pc,16,40
4541,debiased_pc,16,41
4542,debiased_pc,16,42
4543,debiased_pc,16,43
4544,debiased_pc,16,44
4545,debiased_pc,16,45
4546,debiased_pc,16,46
4547,debiased_pc,16,47
4548,debiased_pc,16,48
4549,debiased_pc,16,49
4550,debiased_pc,16,50
4551,debiased_pc,16,51
4552,debiased_pc,16,52
4553,debiased_pc,16,53
4554,debiased_pc,16,54
4555,debiased_pc,16,55
4556,debiased_pc,16,56
4557,debiased_pc,16,57
4558,debiased_pc,16,58
4559,debiased_pc,16,59
4560,debiased_pc,16,60
4561,debiased_pc,16,61
4562,debiased_pc,16,62
4563,debiased_pc,16,63
4564,debiased_pc,16,64
4565,debiased_pc,16,65
4566,debiased_pc,16,66
4567,debiased_pc,16,67
4568,debiased_pc,16,68
4569,debiased_pc,16,69
4570,debiased_pc,16,70
4571,debiased_pc,16,71
4572,debiased_pc,16,72
4573,debiased_pc,16,73
4574,debiased_pc,16,74
4575,debiased_pc,16,75
4576,debiased_pc,16,76
4577,debiased_pc,16,77
4578,debiased_pc,16,78
4579,debiased_pc,16,79
4580,debiased_pc,16,80
4581,debiased_pc,16,81
4582,debiased_pc,16,82
4583,debiased_pc,16,83
4584,debiased_pc,16,84
4585,debiased_pc,16,85
4586,debiased_pc,16,86
4587,debiased_pc,16,87
4588,debiased_pc,16,88
4589,debiased_pc,16,89
4590,debiased_pc,16,90
4591,debiased_pc,16,91
4592,debiased_pc,16,92
4593,debiased_pc,16,93
4594,debiased_pc,16,94
4595,debiased_pc,16,95
4596,debiased_pc,16,96
4597,debiased_pc,16,97
4598,debiased_pc,16,98
4599,debiased_pc,16,99
4600,debiased_pc,16,100
4601,oracle_pc,16,1
4602,oracle_pc,16,2
4603,oracle_pc,16,3
4604,oracle_pc,16,4
4605,oracle_pc,16,5
4606,oracle_pc,16,6
4607,oracle_pc,16,7
4608,oracle_pc,16,8
4609,oracle_pc,16,9
4610,oracle_pc,16,10
4611,oracle_pc,16,11
4612,oracle_pc,16,12
4613,oracle_pc,16,13
4614,oracle_pc,16,14
4615,oracle_pc,16,15
4616,oracle_pc,16,16
4617,oracle_pc,16,17
4618,oracle_pc,16,18
4619,oracle_pc,16,19
4620,oracle_pc,16,20
4621,oracle_pc,16,21
4622,oracle_pc,16,22
4623,oracle_pc,16,23
4624,oracle_pc,16,24
4625,oracle_pc,16,25
4626,oracle_pc,16,26
4627,oracle_pc,16,27
4628,oracle_pc,16,28
4629,oracle_pc,16,29
4630,oracle_pc,16,30
4631,oracle_pc,16,31
4632,oracle_pc,16,32
4633,oracle_pc,16,33
4634,oracle_pc,16,34
4635,oracle_pc,16,35
4636,oracle_pc,16,36
4637,oracle_pc,16,37
4638,oracle_pc,16,38
4639,oracle_pc,16,39
4640,oracle_pc,16,40
4641,oracle_pc,16,41
4642,oracle_pc,16,42
4643,oracle_pc,16,43
4644,oracle_pc,16,44
4645,oracle_pc,16,45
4646,oracle_pc,16,46
4647,oracle_pc,16,47
4648,oracle_pc,16,48
4649,oracle_pc,16,49
4650,oracle_pc,16,50
4651,oracle_pc,16,51
4652,oracle_pc,16,52
4653,oracle_pc,16,53
4654,oracle_pc,16,54
4655,oracle_pc,16,55
4656,oracle_pc,16,56
4657,oracle_pc,16,57
4658,oracle_pc,16,58
4659,oracle_pc,16,59
4660,oracle_pc,16,60
4661,oracle_pc,16,61
4662,oracle_pc,16,62
4663,oracle_pc,16,63
4664,oracle_pc,16,64
4665,oracle_pc,16,65
4666,oracle_pc,16,66
4667,oracle_pc,16,67
4668,oracle_pc,16,68
4669,oracle_pc,16,69
4670,oracle_pc,16,70
4671,oracle_pc,16,71
4672,oracle_pc,16,72
4673,oracle_pc,16,73
4674,oracle_pc,16,74
4675,oracle_pc,16,75
4676,oracle_pc,16,76
4677,oracle_pc,16,77
4678,oracle_pc,16,78
4679,oracle_pc,16,79
4680,oracle_pc,16,80
4681,oracle_pc,16,81
4682,oracle_pc,16,82
4683,oracle_pc,16,83
4684,oracle_pc,16,84
4685,oracle_pc,16,85
4686,oracle_pc,16,86
4687,oracle_pc,16,87
4688,oracle_pc,16,88
4689,oracle_pc,16,89
4690,oracle_pc,16,90
4691,oracle_pc,16,91
4692,oracle_pc,16,92
4693,oracle_pc,16,93
4694,oracle_pc,16,94
4695,oracle_pc,16,95
4696,oracle_pc,16,96
4697,oracle_pc,16,97
4698,oracle_pc,16,98
4699,oracle_pc,16,99
4700,oracle_pc,16,100
4701,plug_in_pc,16,1
4702,plug_in_pc,16,2
4703,plug_in_pc,16,3
4704,plug_in_pc,16,4
4705,plug_in_pc,16,5
4706,plug_in_pc,16,6
4707,plug_in_pc,16,7
4708,plug_in_pc,16,8
4709,plug_in_pc,16,9
4710,plug_in_pc,16,10
4711,plug_in_pc,16,11
4712,plug_in_pc,16,12
4713,plug_in_pc,16,13
4714,plug_in_pc,16,14
4715,plug_in_pc,16,15
4716,plug_in_pc,16,16
4717,plug_in_pc,16,17
4718,plug_in_pc,16,18
4719,plug_in_pc,16,19
4720,plug_in_pc,16,20
4721,plug_in_pc,16,21
4722,plug_in_pc,16,22
4723,plug_in_pc,16,23
4724,plug_in_pc,16,24
4725,plug_in_pc,16,25
4726,plug_in_pc,16,26
4727,plug_in_pc,16,27
4728,plug_in_pc,16,28
4729,plug_in_pc,16,29
4730,plug_in_pc,16,30
4731,plug_in_pc,16,31
4732,plug_in_pc,16,32
4733,plug_in_pc,16,33
4734,plug_in_pc,16,34
4735,plug_in_pc,16,35
4736,plug_in_pc,16,36
4737,plug_in_pc,16,37
4738,plug_in_pc,16,38
4739,plug_in_pc,16,39
4740,plug_in_pc,16,40
4741,plug_in_pc,16,41
4742,plug_in_pc,16,42
4743,plug_in_pc,16,43
4744,plug_in_pc,16,44
4745,plug_in_pc,16,45
4746,plug_in_pc,16,46
4747,plug_in_pc,16,47
4748,plug_in_pc,16,48
4749,plug_in_pc,16,49
4750,plug_in_pc,16,50
4751,plug_in_pc,16,51
4752,plug_in_pc,16,52
4753,plug_in_pc,16,53
4754,plug_in_pc,16,54
4755,plug_in_pc,16,55
4756,plug_in_pc,16,56
4757,plug_in_pc,16,57
4758,plug_in_pc,16,58
4759,plug_in_pc,16,59
4760,plug_in_pc,16,60
4761,plug_in_pc,16,61
4762,plug_in_pc,16,62
4763,plug_in_pc,16,63
4764,plug_in_pc,16,64
4765,plug_in_pc,16,65
4766,plug_in_pc,16,66
4767,plug_in_pc,16,67
4768,plug_in_pc,16,68
4769,plug_in_pc,16,69
4770,plug_in_pc,16,70
4771,plug_in_pc,16,71
4772,plug_in_pc,16,72
4773,plug_in_pc,16,73
4774,plug_in_pc,16,74
4775,plug_in_pc,16,75
4776,plug_in_pc,16,76
4777,plug_in_pc,16,77
4778,plug_in_pc,16,78
4779,plug_in_pc,16,79
4780,plug_in_pc,16,80
4781,plug_in_pc,16,81
4782,plug_in_pc,16,82
4783,plug_in_pc,16,83
4784,plug_in_pc,16,84
4785,plug_in_pc,16,85
4786,plug_in_pc,16,86
4787,plug_in_pc,16,87
4788,plug_in_pc,16,88
4789,plug_in_pc,16,89
4790,plug_in_pc,16,90
4791,plug_in_pc,16,91
4792,plug_in_pc,16,92
4793,plug_in_pc,16,93
4794,plug_in_pc,16,94
4795,plug_in_pc,16,95
4796,plug_in_pc,16,96
4797,plug_in_pc,16,97
4798,plug_in_pc,16,98
4799,plug_in_pc,16,99
4800,plug_in_pc,16,100
4801,debiased_pc,17,1
4802,debiased_pc,17,2
4803,debiased_pc,17,3
4804,debiased_pc,17,4
4805,debiased_pc,17,5
4806,debiased_pc,17,6
4807,debiased_pc,17,7
4808,debiased_pc,17,8
4809,debiased_pc,17,9
4810,debiased_pc,17,10
4811,debiased_pc,17,11
4812,debiased_pc,17,12
4813,debiased_pc,17,13
4814,debiased_pc,17,14
4815,debiased_pc,17,15
4816,debiased_pc,17,16
4817,debiased_pc,17,17
4818,debiased_pc,17,18
4819,debiased_pc,17,19
4820,debiased_pc,17,20
4821,debiased_pc,17,21
4822,debiased_pc,17,22
4823,debiased_pc,17,23
4824,debiased_pc,17,24
4825,debiased_pc,17,25
4826,debiased_pc,17,26
4827,debiased_pc,17,27
4828,debiased_pc,17,28
4829,debiased_pc,17,29
4830,debiased_pc,17,30
4831,debiased_pc,17,31
4832,debiased_pc,17,32
4833,debiased_pc,17,33
4834,debiased_pc,17,34
4835,debiased_pc,17,35
4836,debiased_pc,17,36
4837,debiased_pc,17,37
4838,debiased_pc,17,38
4839,debiased_pc,17,39
4840,debiased_pc,17,40
4841,debiased_pc,17,41
4842,debiased_pc,17,42
4843,debiased_pc,17,43
4844,debiased_pc,17,44
4845,debiased_pc,17,45
4846,debiased_pc,17,46
4847,debiased_pc,17,47
4848,debiased_pc,17,48
4849,debiased_pc,17,49
4850,debiased_pc,17,50
4851,debiased_pc,17,51
4852,debiased_pc,17,52
4853,debiased_pc,17,53
4854,debiased_pc,17,54
4855,debiased_pc,17,55
4856,debiased_pc,17,56
4857,debiased_pc,17,57
4858,debiased_pc,17,58
4859,debiased_pc,17,59
4860,debiased_pc,17,60
4861,debiased_pc,17,61
4862,debiased_pc,17,62
4863,debiased_pc,17,63
4864,debiased_pc,17,64
4865,debiased_pc,17,65
4866,debiased_pc,17,66
4867,debiased_pc,17,67
4868,debiased_pc,17,68
4869,debiased_pc,17,69
4870,debiased_pc,17,70
4871,debiased_pc,17,71
4872,debiased_pc,17,72
4873,debiased_pc,17,73
4874,debiased_pc,17,74
4875,debiased_pc,17,75
4876,debiased_pc,17,76
4877,debiased_pc,17,77
4878,debiased_pc,17,78
4879,debiased_pc,17,79
4880,debiased_pc,17,80
4881,debiased_pc,17,81
4882,debiased_pc,17,82
4883,debiased_pc,17,83
4884,debiased_pc,17,84
4885,debiased_pc,17,85
4886,debiased_pc,17,86
4887,debiased_pc,17,87
4888,debiased_pc,17,88
4889,debiased_pc,17,89
4890,debiased_pc,17,90
4891,debiased_pc,17,91
4892,debiased_pc,17,92
4893,debiased_pc,17,93
4894,debiased_pc,17,94
4895,debiased_pc,17,95
4896,debiased_pc,17,96
4897,debiased_pc,17,97
4898,debiased_pc,17,98
4899,debiased_pc,17,99
4900,debiased_pc,17,100
4901,oracle_pc,17,1
4902,oracle_pc,17,2
4903,oracle_pc,17,3
4904,oracle_pc,17,4
4905,oracle_pc,17,5
4906,oracle_pc,17,6
4907,oracle_pc,17,7
4908,oracle_pc,17,8
4909,oracle_pc,17,9
4910,oracle_pc,17,10
4911,oracle_pc,17,11
4912,oracle_pc,17,12
4913,oracle_pc,17,13
4914,oracle_pc,17,14
4915,oracle_pc,17,15
4916,oracle_pc,17,16
4917,oracle_pc,17,17
4918,oracle_pc,17,18
4919,oracle_pc,17,19
4920,oracle_pc,17,20
4921,oracle_pc,17,21
4922,oracle_pc,17,22
4923,oracle_pc,17,23
4924,oracle_pc,17,24
4925,oracle_pc,17,25
4926,oracle_pc,17,26
4927,oracle_pc,17,27
4928,oracle_pc,17,28
4929,oracle_pc,17,29
4930,oracle_pc,17,30
4931,oracle_pc,17,31
4932,oracle_pc,17,32
4933,oracle_pc,17,33
4934,oracle_pc,17,34
4935,oracle_pc,17,35
4936,oracle_pc,17,36
4937,oracle_pc,17,37
4938,oracle_pc,17,38
4939,oracle_pc,17,39
4940,oracle_pc,17,40
4941,oracle_pc,17,41
4942,oracle_pc,17,42
4943,oracle_pc,17,43
4944,oracle_pc,17,44
4945,oracle_pc,17,45
4946,oracle_pc,17,46
4947,oracle_pc,17,47
4948,oracle_pc,17,48
4949,oracle_pc,17,49
4950,oracle_pc,17,50
4951,oracle_pc,17,51
4952,oracle_pc,17,52
4953,oracle_pc,17,53
4954,oracle_pc,17,54
4955,oracle_pc,17,55
4956,oracle_pc,17,56
4957,oracle_pc,17,57
4958,oracle_pc,17,58
4959,oracle_pc,17,59
4960,oracle_pc,17,60
4961,oracle_pc,17,61
4962,oracle_pc,17,62
4963,oracle_pc,17,63
4964,oracle_pc,17,64
4965,oracle_pc,17,65
4966,oracle_pc,17,66
4967,oracle_pc,17,67
4968,oracle_pc,17,68
4969,oracle_pc,17,69
4970,oracle_pc,17,70
4971,oracle_pc,17,71
4972,oracle_pc,17,72
4973,oracle_pc,17,73
4974,oracle_pc,17,74
4975,oracle_pc,17,75
4976,oracle_pc,17,76
4977,oracle_pc,17,77
4978,oracle_pc,17,78
4979,oracle_pc,17,79
4980,oracle_pc,17,80
4981,oracle_pc,17,81
4982,oracle_pc,17,82
4983,oracle_pc,17,83
4984,oracle_pc,17,84
4985,oracle_pc,17,85
4986,oracle_pc,17,86
4987,oracle_pc,17,87
4988,oracle_pc,17,88
4989,oracle_pc,17,89
4990,oracle_pc,17,90
4991,oracle_pc,17,91
4992,oracle_pc,17,92
4993,oracle_pc,17,93
4994,oracle_pc,17,94
4995,oracle_pc,17,95
4996,oracle_pc,17,96
4997,oracle_pc,17,97
4998,oracle_pc,17,98
4999,oracle_pc,17,99
5000,oracle_pc,17,100
5001,plug_in_pc,17,1
5002,plug_in_pc,17,2
5003,plug_in_pc,17,3
5004,plug_in_pc,17,4
5005,plug_in_pc,17,5
5006,plug_in_pc,17,6
5007,plug_in_pc,17,7
5008,plug_in_pc,17,8
5009,plug_in_pc,17,9
5010,plug_in_pc,17,10
5011,plug_in_pc,17,11
5012,plug_in_pc,17,12
5013,plug_in_pc,17,13
5014,plug_in_pc,17,14
5015,plug_in_pc,17,15
5016,plug_in_pc,17,16
5017,plug_in_pc,17,17
5018,plug_in_pc,17,18
5019,plug_in_pc,17,19
5020,plug_in_pc,17,20
5021,plug_in_pc,17,21
5022,plug_in_pc,17,22
5023,plug_in_pc,17,23
5024,plug_in_pc,17,24
5025,plug_in_pc,17,25
5026,plug_in_pc,17,26
5027,plug_in_pc,17,27
5028,plug_in_pc,17,28
5029,plug_in_pc,17,29
5030,plug_in_pc,17,30
5031,plug_in_pc,17,31
5032,plug_in_pc,17,32
5033,plug_in_pc,17,33
5034,plug_in_pc,17,34
5035,plug_in_pc,17,35
5036,plug_in_pc,17,36
5037,plug_in_pc,17,37
5038,plug_in_pc,17,38
5039,plug_in_pc,17,39
5040,plug_in_pc,17,40
5041,plug_in_pc,17,41
5042,plug_in_pc,17,42
5043,plug_in_pc,17,43
5044,plug_in_pc,17,44
5045,plug_in_pc,17,45
5046,plug_in_pc,17,46
5047,plug_in_pc,17,47
5048,plug_in_pc,17,48
5049,plug_in_pc,17,49
5050,plug_in_pc,17,50
5051,plug_in_pc,17,51
5052,plug_in_pc,17,52
5053,plug_in_pc,17,53
5054,plug_in_pc,17,54
5055,plug_in_pc,17,55
5056,plug_in_pc,17,56
5057,plug_in_pc,17,57
5058,plug_in_pc,17,58
5059,plug_in_pc,17,59
5060,plug_in_pc,17,60
5061,plug_in_pc,17,61
5062,plug_in_pc,17,62
5063,plug_in_pc,17,63
5064,plug_in_pc,17,64
5065,plug_in_pc,17,65
5066,plug_in_pc,17,66
5067,plug_in_pc,17,67
5068,plug_in_pc,17,68
5069,plug_in_pc,17,69
5070,plug_in_pc,17,70
5071,plug_in_pc,17,71
5072,plug_in_pc,17,72
5073,plug_in_pc,17,73
5074,plug_in_pc,17,74
5075,plug_in_pc,17,75
5076,plug_in_pc,17,76
5077,plug_in_pc,17,77
5078,plug_in_pc,17,78
5079,plug_in_pc,17,79
5080,plug_in_pc,17,80
5081,plug_in_pc,17,81
5082,plug_in_pc,17,82
5083,plug_in_pc,17,83
5084,plug_in_pc,17,84
5085,plug_in_pc,17,85
5086,plug_in_pc,17,86
5087,plug_in_pc,17,87
5088,plug_in_pc,17,88
5089,plug_in_pc,17,89
5090,plug_in_pc,17,90
5091,plug_in_pc,17,91
5092,plug_in_pc,17,92
5093,plug_in_pc,17,93
5094,plug_in_pc,17,94
5095,plug_in_pc,17,95
5096,plug_in_pc,17,96
5097,plug_in_pc,17,97
5098,plug_in_pc,17,98
5099,plug_in_pc,17,99
5100,plug_in_pc,17,100
5101,debiased_pc,18,1
5102,debiased_pc,18,2
5103,debiased_pc,18,3
5104,debiased_pc,18,4
5105,debiased_pc,18,5
5106,debiased_pc,18,6
5107,debiased_pc,18,7
5108,debiased_pc,18,8
5109,debiased_pc,18,9
5110,debiased_pc,18,10
5111,debiased_pc,18,11
5112,debiased_pc,18,12
5113,debiased_pc,18,13
5114,debiased_pc,18,14
5115,debiased_pc,18,15
5116,debiased_pc,18,16
5117,debiased_pc,18,17
5118,debiased_pc,18,18
5119,debiased_pc,18,19
5120,debiased_pc,18,20
5121,debiased_pc,18,21
5122,debiased_pc,18,22
5123,debiased_pc,18,23
5124,debiased_pc,18,24
5125,debiased_pc,18,25
5126,debiased_pc,18,26
5127,debiased_pc,18,27
5128,debiased_pc,18,28
5129,debiased_pc,18,29
5130,debiased_pc,18,30
5131,debiased_pc,18,31
5132,debiased_pc,18,32
5133,debiased_pc,18,33
5134,debiased_pc,18,34
5135,debiased_pc,18,35
5136,debiased_pc,18,36
5137,debiased_pc,18,37
5138,debiased_pc,18,38
5139,debiased_pc,18,39
5140,debiased_pc,18,40
5141,debiased_pc,18,41
5142,debiased_pc,18,42
5143,debiased_pc,18,43
5144,debiased_pc,18,44
5145,debiased_pc,18,45
5146,debiased_pc,18,46
5147,debiased_pc,18,47
5148,debiased_pc,18,48
5149,debiased_pc,18,49
5150,debiased_pc,18,50
5151,debiased_pc,18,51
5152,debiased_pc,18,52
5153,debiased_pc,18,53
5154,debiased_pc,18,54
5155,debiased_pc,18,55
5156,debiased_pc,18,56
5157,debiased_pc,18,57
5158,debiased_pc,18,58
5159,debiased_pc,18,59
5160,debiased_pc,18,60
5161,debiased_pc,18,61
5162,debiased_pc,18,62
5163,debiased_pc,18,63
5164,debiased_pc,18,64
5165,debiased_pc,18,65
5166,debiased_pc,18,66
5167,debiased_pc,18,67
5168,debiased_pc,18,68
5169,debiased_pc,18,69
5170,debiased_pc,18,70
5171,debiased_pc,18,71
5172,debiased_pc,18,72
5173,debiased_pc,18,73
5174,debiased_pc,18,74
5175,debiased_pc,18,75
5176,debiased_pc,18,76
5177,debiased_pc,18,77
5178,debiased_pc,18,78
5179,debiased_pc,18,79
5180,debiased_pc,18,80
5181,debiased_pc,18,81
5182,debiased_pc,18,82
5183,debiased_pc,18,83
5184,debiased_pc,18,84
5185,debiased_pc,18,85
5186,debiased_pc,18,86
5187,debiased_pc,18,87
5188,debiased_pc,18,88
5189,debiased_pc,18,89
5190,debiased_pc,18,90
5191,debiased_pc,18,91
5192,debiased_pc,18,92
5193,debiased_pc,18,93
5194,debiased_pc,18,94
5195,debiased_pc,18,95
5196,debiased_pc,18,96
5197,debiased_pc,18,97
5198,debiased_pc,18,98
5199,debiased_pc,18,99
5200,debiased_pc,18,100
5201,oracle_pc,18,1
5202,oracle_pc,18,2
5203,oracle_pc,18,3
5204,oracle_pc,18,4
5205,oracle_pc,18,5
5206,oracle_pc,18,6
5207,oracle_pc,18,7
5208,oracle_pc,18,8
5209,oracle_pc,18,9
5210,oracle_pc,18,10
5211,oracle_pc,18,11
5212,oracle_pc,18,12
5213,oracle_pc,18,13
5214,oracle_pc,18,14
5215,oracle_pc,18,15
5216,oracle_pc,18,16
5217,oracle_pc,18,17
5218,oracle_pc,18,18
5219,oracle_pc,18,19
5220,oracle_pc,18,20
5221,oracle_pc,18,21
5222,oracle_pc,18,22
5223,oracle_pc,18,23
5224,oracle_pc,18,24
5225,oracle_pc,18,25
5226,oracle_pc,18,26
5227,oracle_pc,18,27
5228,oracle_pc,18,28
5229,oracle_pc,18,29
5230,oracle_pc,18,30
5231,oracle_pc,18,31
5232,oracle_pc,18,32
5233,oracle_pc,18,33
5234,oracle_pc,18,34
5235,oracle_pc,18,35
5236,oracle_pc,18,36
5237,oracle_pc,18,37
5238,oracle_pc,18,38
5239,oracle_pc,18,39
5240,oracle_pc,18,40
5241,oracle_pc,18,41
5242,oracle_pc,18,42
5243,oracle_pc,18,43
5244,oracle_pc,18,44
5245,oracle_pc,18,45
5246,oracle_pc,18,46
5247,oracle_pc,18,47
5248,oracle_pc,18,48
5249,oracle_pc,18,49
5250,oracle_pc,18,50
5251,oracle_pc,18,51
5252,oracle_pc,18,52
5253,oracle_pc,18,53
5254,oracle_pc,18,54
5255,oracle_pc,18,55
5256,oracle_pc,18,56
5257,oracle_pc,18,57
5258,oracle_pc,18,58
5259,oracle_pc,18,59
5260,oracle_pc,18,60
5261,oracle_pc,18,61
5262,oracle_pc,18,62
5263,oracle_pc,18,63
5264,oracle_pc,18,64
5265,oracle_pc,18,65
5266,oracle_pc,18,66
5267,oracle_pc,18,67
5268,oracle_pc,18,68
5269,oracle_pc,18,69
5270,oracle_pc,18,70
5271,oracle_pc,18,71
5272,oracle_pc,18,72
5273,oracle_pc,18,73
5274,oracle_pc,18,74
5275,oracle_pc,18,75
5276,oracle_pc,18,76
5277,oracle_pc,18,77
5278,oracle_pc,18,78
5279,oracle_pc,18,79
5280,oracle_pc,18,80
5281,oracle_pc,18,81
5282,oracle_pc,18,82
5283,oracle_pc,18,83
5284,oracle_pc,18,84
5285,oracle_pc,18,85
5286,oracle_pc,18,86
5287,oracle_pc,18,87
5288,oracle_pc,18,88
5289,oracle_pc,18,89
5290,oracle_pc,18,90
5291,oracle_pc,18,91
5292,oracle_pc,18,92
5293,oracle_pc,18,93
5294,oracle_pc,18,94
5295,oracle_pc,18,95
5296,oracle_pc,18,96
5297,oracle_pc,18,97
5298,oracle_pc,18,98
5299,oracle_pc,18,99
5300,oracle_pc,18,100
5301,plug_in_pc,18,1
5302,plug_in_pc,18,2
5303,plug_in_pc,18,3
5304,plug_in_pc,18,4
5305,plug_in_pc,18,5
5306,plug_in_pc,18,6
5307,plug_in_pc,18,7
5308,plug_in_pc,18,8
5309,plug_in_pc,18,9
5310,plug_in_pc,18,10
5311,plug_in_pc,18,11
5312,plug_in_pc,18,12
5313,plug_in_pc,18,13
5314,plug_in_pc,18,14
5315,plug_in_pc,18,15
5316,plug_in_pc,18,16
5317,plug_in_pc,18,17
5318,plug_in_pc,18,18
5319,plug_in_pc,18,19
5320,plug_in_pc,18,20
5321,plug_in_pc,18,21
5322,plug_in_pc,18,22
5323,plug_in_pc,18,23
5324,plug_in_pc,18,24
5325,plug_in_pc,18,25
5326,plug_in_pc,18,26
5327,plug_in_pc,18,27
5328,plug_in_pc,18,28
5329,plug_in_pc,18,29
5330,plug_in_pc,18,30
5331,plug_in_pc,18,31
5332,plug_in_pc,18,32
5333,plug_in_pc,18,33
5334,plug_in_pc,18,34
5335,plug_in_pc,18,35
5336,plug_in_pc,18,36
5337,plug_in_pc,18,37
5338,plug_in_pc,18,38
5339,plug_in_pc,18,39
5340,plug_in_pc,18,40
5341,plug_in_pc,18,41
5342,plug_in_pc,18,42
5343,plug_in_pc,18,43
5344,plug_in_pc,18,44
5345,plug_in_pc,18,45
5346,plug_in_pc,18,46
5347,plug_in_pc,18,47
5348,plug_in_pc,18,48
5349,plug_in_pc,18,49
5350,plug_in_pc,18,50
5351,plug_in_pc,18,51
5352,plug_in_pc,18,52
5353,plug_in_pc,18,53
5354,plug_in_pc,18,54
5355,plug_in_pc,18,55
5356,plug_in_pc,18,56
5357,plug_in_pc,18,57
5358,plug_in_pc,18,58
5359,plug_in_pc,18,59
5360,plug_in_pc,18,60
5361,plug_in_pc,18,61
5362,plug_in_pc,18,62
5363,plug_in_pc,18,63
5364,plug_in_pc,18,64
5365,plug_in_pc,18,65
5366,plug_in_pc,18,66
5367,plug_in_pc,18,67
5368,plug_in_pc,18,68
5369,plug_in_pc,18,69
5370,plug_in_pc,18,70
5371,plug_in_pc,18,71
5372,plug_in_pc,18,72
5373,plug_in_pc,18,73
5374,plug_in_pc,18,74
5375,plug_in_pc,18,75
5376,plug_in_pc,18,76
5377,plug_in_pc,18,77
5378,plug_in_pc,18,78
5379,plug_in_pc,18,79
5380,plug_in_pc,18,80
5381,plug_in_pc,18,81
5382,plug_in_pc,18,82
5383,plug_in_pc,18,83
5384,plug_in_pc,18,84
5385,plug_in_pc,18,85
5386,plug_in_pc,18,86
5387,plug_in_pc,18,87
5388,plug_in_pc,18,88
5389,plug_in_pc,18,89
5390,plug_in_pc,18,90
5391,plug_in_pc,18,91
5392,plug_in_pc,18,92
5393,plug_in_pc,18,93
5394,plug_in_pc,18,94
5395,plug_in_pc,18,95
5396,plug_in_pc,18,96
5397,plug_in_pc,18,97
5398,plug_in_pc,18,98
5399,plug_in_pc,18,99
5400,plug_in_pc,18,100
5401,debiased_pc,19,1
5402,debiased_pc,19,2
5403,debiased_pc,19,3
5404,debiased_pc,19,4
5405,debiased_pc,19,5
5406,debiased_pc,19,6
5407,debiased_pc,19,7
5408,debiased_pc,19,8
5409,debiased_pc,19,9
5410,debiased_pc,19,10
5411,debiased_pc,19,11
5412,debiased_pc,19,12
5413,debiased_pc,19,13
5414,debiased_pc,19,14
5415,debiased_pc,19,15
5416,debiased_pc,19,16
5417,debiased_pc,19,17
5418,debiased_pc,19,18
5419,debiased_pc,19,19
5420,debiased_pc,19,20
5421,debiased_pc,19,21
5422,debiased_pc,19,22
5423,debiased_pc,19,23
5424,debiased_pc,19,24
5425,debiased_pc,19,25
5426,debiased_pc,19,26
5427,debiased_pc,19,27
5428,debiased_pc,19,28
5429,debiased_pc,19,29
5430,debiased_pc,19,30
5431,debiased_pc,19,31
5432,debiased_pc,19,32
5433,debiased_pc,19,33
5434,debiased_pc,19,34
5435,debiased_pc,19,35
5436,debiased_pc,19,36
5437,debiased_pc,19,37
5438,debiased_pc,19,38
5439,debiased_pc,19,39
5440,debiased_pc,19,40
5441,debiased_pc,19,41
5442,debiased_pc,19,42
5443,debiased_pc,19,43
5444,debiased_pc,19,44
5445,debiased_pc,19,45
5446,debiased_pc,19,46
5447,debiased_pc,19,47
5448,debiased_pc,19,48
5449,debiased_pc,19,49
5450,debiased_pc,19,50
5451,debiased_pc,19,51
5452,debiased_pc,19,52
5453,debiased_pc,19,53
5454,debiased_pc,19,54
5455,debiased_pc,19,55
5456,debiased_pc,19,56
5457,debiased_pc,19,57
5458,debiased_pc,19,58
5459,debiased_pc,19,59
5460,debiased_pc,19,60
5461,debiased_pc,19,61
5462,debiased_pc,19,62
5463,debiased_pc,19,63
5464,debiased_pc,19,64
5465,debiased_pc,19,65
5466,debiased_pc,19,66
5467,debiased_pc,19,67
5468,debiased_pc,19,68
5469,debiased_pc,19,69
5470,debiased_pc,19,70
5471,debiased_pc,19,71
5472,debiased_pc,19,72
5473,debiased_pc,19,73
5474,debiased_pc,19,74
5475,debiased_pc,19,75
5476,debiased_pc,19,76
5477,debiased_pc,19,77
5478,debiased_pc,19,78
5479,debiased_pc,19,79
5480,debiased_pc,19,80
5481,debiased_pc,19,81
5482,debiased_pc,19,82
5483,debiased_pc,19,83
5484,debiased_pc,19,84
5485,debiased_pc,19,85
5486,debiased_pc,19,86
5487,debiased_pc,19,87
5488,debiased_pc,19,88
5489,debiased_pc,19,89
5490,debiased_pc,19,90
5491,debiased_pc,19,91
5492,debiased_pc,19,92
5493,debiased_pc,19,93
5494,debiased_pc,19,94
5495,debiased_pc,19,95
5496,debiased_pc,19,96
5497,debiased_pc,19,97
5498,debiased_pc,19,98
5499,debiased_pc,19,99
5500,debiased_pc,19,100
5501,oracle_pc,19,1
5502,oracle_pc,19,2
5503,oracle_pc,19,3
5504,oracle_pc,19,4
5505,oracle_pc,19,5
5506,oracle_pc,19,6
5507,oracle_pc,19,7
5508,oracle_pc,19,8
5509,oracle_pc,19,9
5510,oracle_pc,19,10
5511,oracle_pc,19,11
5512,oracle_pc,19,12
5513,oracle_pc,19,13
5514,oracle_pc,19,14
5515,oracle_pc,19,15
5516,oracle_pc,19,16
5517,oracle_pc,19,17
5518,oracle_pc,19,18
5519,oracle_pc,19,19
5520,oracle_pc,19,20
5521,oracle_pc,19,21
5522,oracle_pc,19,22
5523,oracle_pc,19,23
5524,oracle_pc,19,24
5525,oracle_pc,19,25
5526,oracle_pc,19,26
5527,oracle_pc,19,27
5528,oracle_pc,19,28
5529,oracle_pc,19,29
5530,oracle_pc,19,30
5531,oracle_pc,19,31
5532,oracle_pc,19,32
5533,oracle_pc,19,33
5534,oracle_pc,19,34
5535,oracle_pc,19,35
5536,oracle_pc,19,36
5537,oracle_pc,19,37
5538,oracle_pc,19,38
5539,oracle_pc,19,39
5540,oracle_pc,19,40
5541,oracle_pc,19,41
5542,oracle_pc,19,42
5543,oracle_pc,19,43
5544,oracle_pc,19,44
5545,oracle_pc,19,45
5546,oracle_pc,19,46
5547,oracle_pc,19,47
5548,oracle_pc,19,48
5549,oracle_pc,19,49
5550,oracle_pc,19,50
5551,oracle_pc,19,51
5552,oracle_pc,19,52
5553,oracle_pc,19,53
5554,oracle_pc,19,54
5555,oracle_pc,19,55
5556,oracle_pc,19,56
5557,oracle_pc,19,57
5558,oracle_pc,19,58
5559,oracle_pc,19,59
5560,oracle_pc,19,60
5561,oracle_pc,19,61
5562,oracle_pc,19,62
5563,oracle_pc,19,63
5564,oracle_pc,19,64
5565,oracle_pc,19,65
5566,oracle_pc,19,66
5567,oracle_pc,19,67
5568,oracle_pc,19,68
5569,oracle_pc,19,69
5570,oracle_pc,19,70
5571,oracle_pc,19,71
5572,oracle_pc,19,72
5573,oracle_pc,19,73
5574,oracle_pc,19,74
5575,oracle_pc,19,75
5576,oracle_pc,19,76
5577,oracle_pc,19,77
5578,oracle_pc,19,78
5579,oracle_pc,19,79
5580,oracle_pc,19,80
5581,oracle_pc,19,81
5582,oracle_pc,19,82
5583,oracle_pc,19,83
5584,oracle_pc,19,84
5585,oracle_pc,19,85
5586,oracle_pc,19,86
5587,oracle_pc,19,87
5588,oracle_pc,19,88
5589,oracle_pc,19,89
5590,oracle_pc,19,90
5591,oracle_pc,19,91
5592,oracle_pc,19,92
5593,oracle_pc,19,93
5594,oracle_pc,19,94
5595,oracle_pc,19,95
5596,oracle_pc,19,96
5597,oracle_pc,19,97
5598,oracle_pc,19,98
5599,oracle_pc,19,99
5600,oracle_pc,19,100
5601,plug_in_pc,19,1
5602,plug_in_pc,19,2
5603,plug_in_pc,19,3
5604,plug_in_pc,19,4
5605,plug_in_pc,19,5
5606,plug_in_pc,19,6
5607,plug_in_pc,19,7
5608,plug_in_pc,19,8
5609,plug_in_pc,19,9
5610,plug_in_pc,19,10
5611,plug_in_pc,19,11
5612,plug_in_pc,19,12
5613,plug_in_pc,19,13
5614,plug_in_pc,19,14
5615,plug_in_pc,19,15
5616,plug_in_pc,19,16
5617,plug_in_pc,19,17
5618,plug_in_pc,19,18
5619,plug_in_pc,19,19
5620,plug_in_pc,19,20
5621,plug_in_pc,19,21
5622,plug_in_pc,19,22
5623,plug_in_pc,19,23
5624,plug_in_pc,19,24
5625,plug_in_pc,19,25
5626,plug_in_pc,19,26
5627,plug_in_pc,19,27
5628,plug_in_pc,19,28
5629,plug_in_pc,19,29
5630,plug_in_pc,19,30
5631,plug_in_pc,19,31
5632,plug_in_pc,19,32
5633,plug_in_pc,19,33
5634,plug_in_pc,19,34
5635,plug_in_pc,19,35
5636,plug_in_pc,19,36
5637,plug_in_pc,19,37
5638,plug_in_pc,19,38
5639,plug_in_pc,19,39
5640,plug_in_pc,19,40
5641,plug_in_pc,19,41
5642,plug_in_pc,19,42
5643,plug_in_pc,19,43
5644,plug_in_pc,19,44
5645,plug_in_pc,19,45
5646,plug_in_pc,19,46
5647,plug_in_pc,19,47
5648,plug_in_pc,19,48
5649,plug_in_pc,19,49
5650,plug_in_pc,19,50
5651,plug_in_pc,19,51
5652,plug_in_pc,19,52
5653,plug_in_pc,19,53
5654,plug_in_pc,19,54
5655,plug_in_pc,19,55
5656,plug_in_pc,19,56
5657,plug_in_pc,19,57
5658,plug_in_pc,19,58
5659,plug_in_pc,19,59
5660,plug_in_pc,19,60
5661,plug_in_pc,19,61
5662,plug_in_pc,19,62
5663,plug_in_pc,19,63
5664,plug_in_pc,19,64
5665,plug_in_pc,19,65
5666,plug_in_pc,19,66
5667,plug_in_pc,19,67
5668,plug_in_pc,19,68
5669,plug_in_pc,19,69
5670,plug_in_pc,19,70
5671,plug_in_pc,19,71
5672,plug_in_pc,19,72
5673,plug_in_pc,19,73
5674,plug_in_pc,19,74
5675,plug_in_pc,19,75
5676,plug_in_pc,19,76
5677,plug_in_pc,19,77
5678,plug_in_pc,19,78
5679,plug_in_pc,19,79
5680,plug_in_pc,19,80
5681,plug_in_pc,19,81
5682,plug_in_pc,19,82
5683,plug_in_pc,19,83
5684,plug_in_pc,19,84
5685,plug_in_pc,19,85
5686,plug_in_pc,19,86
5687,plug_in_pc,19,87
5688,plug_in_pc,19,88
5689,plug_in_pc,19,89
5690,plug_in_pc,19,90
5691,plug_in_pc,19,91
5692,plug_in_pc,19,92
5693,plug_in_pc,19,93
5694,plug_in_pc,19,94
5695,plug_in_pc,19,95
5696,plug_in_pc,19,96
5697,plug_in_pc,19,97
5698,plug_in_pc,19,98
5699,plug_in_pc,19,99
5700,plug_in_pc,19,100
5701,debiased_pc,20,1
5702,debiased_pc,20,2
5703,debiased_pc,20,3
5704,debiased_pc,20,4
5705,debiased_pc,20,5
5706,debiased_pc,20,6
5707,debiased_pc,20,7
5708,debiased_pc,20,8
5709,debiased_pc,20,9
5710,debiased_pc,20,10
5711,debiased_pc,20,11
5712,debiased_pc,20,12
5713,debiased_pc,20,13
5714,debiased_pc,20,14
5715,debiased_pc,20,15
5716,debiased_pc,20,16
5717,debiased_pc,20,17
5718,debiased_pc,20,18
5719,debiased_pc,20,19
5720,debiased_pc,20,20
5721,debiased_pc,20,21
5722,debiased_pc,20,22
5723,debiased_pc,20,23
5724,debiased_pc,20,24
5725,debiased_pc,20,25
5726,debiased_pc,20,26
5727,debiased_pc,20,27
5728,debiased_pc,20,28
5729,debiased_pc,20,29
5730,debiased_pc,20,30
5731,debiased_pc,20,31
5732,debiased_pc,20,32
5733,debiased_pc,20,33
5734,debiased_pc,20,34
5735,debiased_pc,20,35
5736,debiased_pc,20,36
5737,debiased_pc,20,37
5738,debiased_pc,20,38
5739,debiased_pc,20,39
5740,debiased_pc,20,40
5741,debiased_pc,20,41
5742,debiased_pc,20,42
5743,debiased_pc,20,43
5744,debiased_pc,20,44
5745,debiased_pc,20,45
5746,debiased_pc,20,46
5747,debiased_pc,20,47
5748,debiased_pc,20,48
5749,debiased_pc,20,49
5750,debiased_pc,20,50
5751,debiased_pc,20,51
5752,debiased_pc,20,52
5753,debiased_pc,20,53
5754,debiased_pc,20,54
5755,debiased_pc,20,55
5756,debiased_pc,20,56
5757,debiased_pc,20,57
5758,debiased_pc,20,58
5759,debiased_pc,20,59
5760,debiased_pc,20,60
5761,debiased_pc,20,61
5762,debiased_pc,20,62
5763,debiased_pc,20,63
5764,debiased_pc,20,64
5765,debiased_pc,20,65
5766,debiased_pc,20,66
5767,debiased_pc,20,67
5768,debiased_pc,20,68
5769,debiased_pc,20,69
5770,debiased_pc,20,70
5771,debiased_pc,20,71
5772,debiased_pc,20,72
5773,debiased_pc,20,73
5774,debiased_pc,20,74
5775,debiased_pc,20,75
5776,debiased_pc,20,76
5777,debiased_pc,20,77
5778,debiased_pc,20,78
5779,debiased_pc,20,79
5780,debiased_pc,20,80
5781,debiased_pc,20,81
5782,debiased_pc,20,82
5783,debiased_pc,20,83
5784,debiased_pc,20,84
5785,debiased_pc,20,85
5786,debiased_pc,20,86
5787,debiased_pc,20,87
5788,debiased_pc,20,88
5789,debiased_pc,20,89
5790,debiased_pc,20,90
5791,debiased_pc,20,91
5792,debiased_pc,20,92
5793,debiased_pc,20,93
5794,debiased_pc,20,94
5795,debiased_pc,20,95
5796,debiased_pc,20,96
5797,debiased_pc,20,97
5798,debiased_pc,20,98
5799,debiased_pc,20,99
5800,debiased_pc,20,100
5801,oracle_pc,20,1
5802,oracle_pc,20,2
5803,oracle_pc,20,3
5804,oracle_pc,20,4
5805,oracle_pc,20,5
5806,oracle_pc,20,6
5807,oracle_pc,20,7
5808,oracle_pc,20,8
5809,oracle_pc,20,9
5810,oracle_pc,20,10
5811,oracle_pc,20,11
5812,oracle_pc,20,12
5813,oracle_pc,20,13
5814,oracle_pc,20,14
5815,oracle_pc,20,15
5816,oracle_pc,20,16
5817,oracle_pc,20,17
5818,oracle_pc,20,18
5819,oracle_pc,20,19
5820,oracle_pc,20,20
5821,oracle_pc,20,21
5822,oracle_pc,20,22
5823,oracle_pc,20,23
5824,oracle_pc,20,24
5825,oracle_pc,20,25
5826,oracle_pc,20,26
5827,oracle_pc,20,27
5828,oracle_pc,20,28
5829,oracle_pc,20,29
5830,oracle_pc,20,30
5831,oracle_pc,20,31
5832,oracle_pc,20,32
5833,oracle_pc,20,33
5834,oracle_pc,20,34
5835,oracle_pc,20,35
5836,oracle_pc,20,36
5837,oracle_pc,20,37
5838,oracle_pc,20,38
5839,oracle_pc,20,39
5840,oracle_pc,20,40
5841,oracle_pc,20,41
5842,oracle_pc,20,42
5843,oracle_pc,20,43
5844,oracle_pc,20,44
5845,oracle_pc,20,45
5846,oracle_pc,20,46
5847,oracle_pc,20,47
5848,oracle_pc,20,48
5849,oracle_pc,20,49
5850,oracle_pc,20,50
5851,oracle_pc,20,51
5852,oracle_pc,20,52
5853,oracle_pc,20,53
5854,oracle_pc,20,54
5855,oracle_pc,20,55
5856,oracle_pc,20,56
5857,oracle_pc,20,57
5858,oracle_pc,20,58
5859,oracle_pc,20,59
5860,oracle_pc,20,60
5861,oracle_pc,20,61
5862,oracle_pc,20,62
5863,oracle_pc,20,63
5864,oracle_pc,20,64
5865,oracle_pc,20,65
5866,oracle_pc,20,66
5867,oracle_pc,20,67
5868,oracle_pc,20,68
5869,oracle_pc,20,69
5870,oracle_pc,20,70
5871,oracle_pc,20,71
5872,oracle_pc,20,72
5873,oracle_pc,20,73
5874,oracle_pc,20,74
5875,oracle_pc,20,75
5876,oracle_pc,20,76
5877,oracle_pc,20,77
5878,oracle_pc,20,78
5879,oracle_pc,20,79
5880,oracle_pc,20,80
5881,oracle_pc,20,81
5882,oracle_pc,20,82
5883,oracle_pc,20,83
5884,oracle_pc,20,84
5885,oracle_pc,20,85
5886,oracle_pc,20,86
5887,oracle_pc,20,87
5888,oracle_pc,20,88
5889,oracle_pc,20,89
5890,oracle_pc,20,90
5891,oracle_pc,20,91
5892,oracle_pc,20,92
5893,oracle_pc,20,93
5894,oracle_pc,20,94
5895,oracle_pc,20,95
5896,oracle_pc,20,96
5897,oracle_pc,20,97
5898,oracle_pc,20,98
5899,oracle_pc,20,99
5900,oracle_pc,20,100
5901,plug_in_pc,20,1
5902,plug_in_pc,20,2
5903,plug_in_pc,20,3
5904,plug_in_pc,20,4
5905,plug_in_pc,20,5
5906,plug_in_pc,20,6
5907,plug_in_pc,20,7
5908,plug_in_pc,20,8
5909,plug_in_pc,20,9
5910,plug_in_pc,20,10
5911,plug_in_pc,20,11
5912,plug_in_pc,20,12
5913,plug_in_pc,20,13
5914,plug_in_pc,20,14
5915,plug_in_pc,20,15
5916,plug_in_pc,20,16
5917,plug_in_pc,20,17
5918,plug_in_pc,20,18
5919,plug_in_pc,20,19
5920,plug_in_pc,20,20
5921,plug_in_pc,20,21
5922,plug_in_pc,20,22
5923,plug_in_pc,20,23
5924,plug_in_pc,20,24
5925,plug_in_pc,20,25
5926,plug_in_pc,20,26
5927,plug_in_pc,20,27
5928,plug_in_pc,20,28
5929,plug_in_pc,20,29
5930,plug_in_pc,20,30
5931,plug_in_pc,20,31
5932,plug_in_pc,20,32
5933,plug_in_pc,20,33
5934,plug_in_pc,20,34
5935,plug_in_pc,20,35
5936,plug_in_pc,20,36
5937,plug_in_pc,20,37
5938,plug_in_pc,20,38
5939,plug_in_pc,20,39
5940,plug_in_pc,20,40
5941,plug_in_pc,20,41
5942,plug_in_pc,20,42
5943,plug_in_pc,20,43
5944,plug_in_pc,20,44
5945,plug_in_pc,20,45
5946,plug_in_pc,20,46
5947,plug_in_pc,20,47
5948,plug_in_pc,20,48
5949,plug_in_pc,20,49
5950,plug_in_pc,20,50
5951,plug_in_pc,20,51
5952,plug_in_pc,20,52
5953,plug_in_pc,20,53
5954,plug_in_pc,20,54
5955,plug_in_pc,20,55
5956,plug_in_pc,20,56
5957,plug_in_pc,20,57
5958,plug_in_pc,20,58
5959,plug_in_pc,20,59
5960,plug_in_pc,20,60
5961,plug_in_pc,20,61
5962,plug_in_pc,20,62
5963,plug_in_pc,20,63
5964,plug_in_pc,20,64
5965,plug_in_pc,20,65
5966,plug_in_pc,20,66
5967,plug_in_pc,20,67
5968,plug_in_pc,20,68
5969,plug_in_pc,20,69
5970,plug_in_pc,20,70
5971,plug_in_pc,20,71
5972,plug_in_pc,20,72
5973,plug_in_pc,20,73
5974,plug_in_pc,20,74
5975,plug_in_pc,20,75
5976,plug_in_pc,20,76
5977,plug_in_pc,20,77
5978,plug_in_pc,20,78
5979,plug_in_pc,20,79
5980,plug_in_pc,20,80
5981,plug_in_pc,20,81
5982,plug_in_pc,20,82
5983,plug_in_pc,20,83
5984,plug_in_pc,20,84
5985,plug_in_pc,20,85
5986,plug_in_pc,20,86
5987,plug_in_pc,20,87
5988,plug_in_pc,20,88
5989,plug_in_pc,20,89
5990,plug_in_pc,20,90
5991,plug_in_pc,20,91
5992,plug_in_pc,20,92
5993,plug_in_pc,20,93
5994,plug_in_pc,20,94
5995,plug_in_pc,20,95
5996,plug_in_pc,20,96
5997,plug_in_pc,20,97
5998,plug_in_pc,20,98
5999,plug_in_pc,20,99
6000,plug_in_pc,20,100
