unique_id,method,setting,batch_number
debiased_pc_p0100_n0050_b001,Debiased PC,p0100_n0050,1
debiased_pc_p0100_n0050_b002,Debiased PC,p0100_n0050,2
debiased_pc_p0100_n0050_b003,Debiased PC,p0100_n0050,3
debiased_pc_p0100_n0050_b004,Debiased PC,p0100_n0050,4
debiased_pc_p0100_n0050_b005,Debiased PC,p0100_n0050,5
debiased_pc_p0100_n0050_b006,Debiased PC,p0100_n0050,6
debiased_pc_p0100_n0050_b007,Debiased PC,p0100_n0050,7
debiased_pc_p0100_n0050_b008,Debiased PC,p0100_n0050,8
debiased_pc_p0100_n0050_b009,Debiased PC,p0100_n0050,9
debiased_pc_p0100_n0050_b010,Debiased PC,p0100_n0050,10
debiased_pc_p0100_n0050_b011,Debiased PC,p0100_n0050,11
debiased_pc_p0100_n0050_b012,Debiased PC,p0100_n0050,12
debiased_pc_p0100_n0050_b013,Debiased PC,p0100_n0050,13
debiased_pc_p0100_n0050_b014,Debiased PC,p0100_n0050,14
debiased_pc_p0100_n0050_b015,Debiased PC,p0100_n0050,15
debiased_pc_p0100_n0050_b016,Debiased PC,p0100_n0050,16
debiased_pc_p0100_n0050_b017,Debiased PC,p0100_n0050,17
debiased_pc_p0100_n0050_b018,Debiased PC,p0100_n0050,18
debiased_pc_p0100_n0050_b019,Debiased PC,p0100_n0050,19
debiased_pc_p0100_n0050_b020,Debiased PC,p0100_n0050,20
debiased_pc_p0100_n0050_b021,Debiased PC,p0100_n0050,21
debiased_pc_p0100_n0050_b022,Debiased PC,p0100_n0050,22
debiased_pc_p0100_n0050_b023,Debiased PC,p0100_n0050,23
debiased_pc_p0100_n0050_b024,Debiased PC,p0100_n0050,24
debiased_pc_p0100_n0050_b025,Debiased PC,p0100_n0050,25
debiased_pc_p0100_n0050_b026,Debiased PC,p0100_n0050,26
debiased_pc_p0100_n0050_b027,Debiased PC,p0100_n0050,27
debiased_pc_p0100_n0050_b028,Debiased PC,p0100_n0050,28
debiased_pc_p0100_n0050_b029,Debiased PC,p0100_n0050,29
debiased_pc_p0100_n0050_b030,Debiased PC,p0100_n0050,30
debiased_pc_p0100_n0050_b031,Debiased PC,p0100_n0050,31
debiased_pc_p0100_n0050_b032,Debiased PC,p0100_n0050,32
debiased_pc_p0100_n0050_b033,Debiased PC,p0100_n0050,33
debiased_pc_p0100_n0050_b034,Debiased PC,p0100_n0050,34
debiased_pc_p0100_n0050_b035,Debiased PC,p0100_n0050,35
debiased_pc_p0100_n0050_b036,Debiased PC,p0100_n0050,36
debiased_pc_p0100_n0050_b037,Debiased PC,p0100_n0050,37
debiased_pc_p0100_n0050_b038,Debiased PC,p0100_n0050,38
debiased_pc_p0100_n0050_b039,Debiased PC,p0100_n0050,39
debiased_pc_p0100_n0050_b040,Debiased PC,p0100_n0050,40
debiased_pc_p0100_n0050_b041,Debiased PC,p0100_n0050,41
debiased_pc_p0100_n0050_b042,Debiased PC,p0100_n0050,42
debiased_pc_p0100_n0050_b043,Debiased PC,p0100_n0050,43
debiased_pc_p0100_n0050_b044,Debiased PC,p0100_n0050,44
debiased_pc_p0100_n0050_b045,Debiased PC,p0100_n0050,45
debiased_pc_p0100_n0050_b046,Debiased PC,p0100_n0050,46
debiased_pc_p0100_n0050_b047,Debiased PC,p0100_n0050,47
debiased_pc_p0100_n0050_b048,Debiased PC,p0100_n0050,48
debiased_pc_p0100_n0050_b049,Debiased PC,p0100_n0050,49
debiased_pc_p0100_n0050_b050,Debiased PC,p0100_n0050,50
debiased_pc_p0100_n0050_b051,Debiased PC,p0100_n0050,51
debiased_pc_p0100_n0050_b052,Debiased PC,p0100_n0050,52
debiased_pc_p0100_n0050_b053,Debiased PC,p0100_n0050,53
debiased_pc_p0100_n0050_b054,Debiased PC,p0100_n0050,54
debiased_pc_p0100_n0050_b055,Debiased PC,p0100_n0050,55
debiased_pc_p0100_n0050_b056,Debiased PC,p0100_n0050,56
debiased_pc_p0100_n0050_b057,Debiased PC,p0100_n0050,57
debiased_pc_p0100_n0050_b058,Debiased PC,p0100_n0050,58
debiased_pc_p0100_n0050_b059,Debiased PC,p0100_n0050,59
debiased_pc_p0100_n0050_b060,Debiased PC,p0100_n0050,60
debiased_pc_p0100_n0050_b061,Debiased PC,p0100_n0050,61
debiased_pc_p0100_n0050_b062,Debiased PC,p0100_n0050,62
debiased_pc_p0100_n0050_b063,Debiased PC,p0100_n0050,63
debiased_pc_p0100_n0050_b064,Debiased PC,p0100_n0050,64
debiased_pc_p0100_n0050_b065,Debiased PC,p0100_n0050,65
debiased_pc_p0100_n0050_b066,Debiased PC,p0100_n0050,66
debiased_pc_p0100_n0050_b067,Debiased PC,p0100_n0050,67
debiased_pc_p0100_n0050_b068,Debiased PC,p0100_n0050,68
debiased_pc_p0100_n0050_b069,Debiased PC,p0100_n0050,69
debiased_pc_p0100_n0050_b070,Debiased PC,p0100_n0050,70
debiased_pc_p0100_n0050_b071,Debiased PC,p0100_n0050,71
debiased_pc_p0100_n0050_b072,Debiased PC,p0100_n0050,72
debiased_pc_p0100_n0050_b073,Debiased PC,p0100_n0050,73
debiased_pc_p0100_n0050_b074,Debiased PC,p0100_n0050,74
debiased_pc_p0100_n0050_b075,Debiased PC,p0100_n0050,75
debiased_pc_p0100_n0050_b076,Debiased PC,p0100_n0050,76
debiased_pc_p0100_n0050_b077,Debiased PC,p0100_n0050,77
debiased_pc_p0100_n0050_b078,Debiased PC,p0100_n0050,78
debiased_pc_p0100_n0050_b079,Debiased PC,p0100_n0050,79
debiased_pc_p0100_n0050_b080,Debiased PC,p0100_n0050,80
debiased_pc_p0100_n0050_b081,Debiased PC,p0100_n0050,81
debiased_pc_p0100_n0050_b082,Debiased PC,p0100_n0050,82
debiased_pc_p0100_n0050_b083,Debiased PC,p0100_n0050,83
debiased_pc_p0100_n0050_b084,Debiased PC,p0100_n0050,84
debiased_pc_p0100_n0050_b085,Debiased PC,p0100_n0050,85
debiased_pc_p0100_n0050_b086,Debiased PC,p0100_n0050,86
debiased_pc_p0100_n0050_b087,Debiased PC,p0100_n0050,87
debiased_pc_p0100_n0050_b088,Debiased PC,p0100_n0050,88
debiased_pc_p0100_n0050_b089,Debiased PC,p0100_n0050,89
debiased_pc_p0100_n0050_b090,Debiased PC,p0100_n0050,90
debiased_pc_p0100_n0050_b091,Debiased PC,p0100_n0050,91
debiased_pc_p0100_n0050_b092,Debiased PC,p0100_n0050,92
debiased_pc_p0100_n0050_b093,Debiased PC,p0100_n0050,93
debiased_pc_p0100_n0050_b094,Debiased PC,p0100_n0050,94
debiased_pc_p0100_n0050_b095,Debiased PC,p0100_n0050,95
debiased_pc_p0100_n0050_b096,Debiased PC,p0100_n0050,96
debiased_pc_p0100_n0050_b097,Debiased PC,p0100_n0050,97
debiased_pc_p0100_n0050_b098,Debiased PC,p0100_n0050,98
debiased_pc_p0100_n0050_b099,Debiased PC,p0100_n0050,99
debiased_pc_p0100_n0050_b100,Debiased PC,p0100_n0050,100
oracle_pc_p0100_n0050_b001,Oracle PC,p0100_n0050,1
oracle_pc_p0100_n0050_b002,Oracle PC,p0100_n0050,2
oracle_pc_p0100_n0050_b003,Oracle PC,p0100_n0050,3
oracle_pc_p0100_n0050_b004,Oracle PC,p0100_n0050,4
oracle_pc_p0100_n0050_b005,Oracle PC,p0100_n0050,5
oracle_pc_p0100_n0050_b006,Oracle PC,p0100_n0050,6
oracle_pc_p0100_n0050_b007,Oracle PC,p0100_n0050,7
oracle_pc_p0100_n0050_b008,Oracle PC,p0100_n0050,8
oracle_pc_p0100_n0050_b009,Oracle PC,p0100_n0050,9
oracle_pc_p0100_n0050_b010,Oracle PC,p0100_n0050,10
oracle_pc_p0100_n0050_b011,Oracle PC,p0100_n0050,11
oracle_pc_p0100_n0050_b012,Oracle PC,p0100_n0050,12
oracle_pc_p0100_n0050_b013,Oracle PC,p0100_n0050,13
oracle_pc_p0100_n0050_b014,Oracle PC,p0100_n0050,14
oracle_pc_p0100_n0050_b015,Oracle PC,p0100_n0050,15
oracle_pc_p0100_n0050_b016,Oracle PC,p0100_n0050,16
oracle_pc_p0100_n0050_b017,Oracle PC,p0100_n0050,17
oracle_pc_p0100_n0050_b018,Oracle PC,p0100_n0050,18
oracle_pc_p0100_n0050_b019,Oracle PC,p0100_n0050,19
oracle_pc_p0100_n0050_b020,Oracle PC,p0100_n0050,20
oracle_pc_p0100_n0050_b021,Oracle PC,p0100_n0050,21
oracle_pc_p0100_n0050_b022,Oracle PC,p0100_n0050,22
oracle_pc_p0100_n0050_b023,Oracle PC,p0100_n0050,23
oracle_pc_p0100_n0050_b024,Oracle PC,p0100_n0050,24
oracle_pc_p0100_n0050_b025,Oracle PC,p0100_n0050,25
oracle_pc_p0100_n0050_b026,Oracle PC,p0100_n0050,26
oracle_pc_p0100_n0050_b027,Oracle PC,p0100_n0050,27
oracle_pc_p0100_n0050_b028,Oracle PC,p0100_n0050,28
oracle_pc_p0100_n0050_b029,Oracle PC,p0100_n0050,29
oracle_pc_p0100_n0050_b030,Oracle PC,p0100_n0050,30
oracle_pc_p0100_n0050_b031,Oracle PC,p0100_n0050,31
oracle_pc_p0100_n0050_b032,Oracle PC,p0100_n0050,32
oracle_pc_p0100_n0050_b033,Oracle PC,p0100_n0050,33
oracle_pc_p0100_n0050_b034,Oracle PC,p0100_n0050,34
oracle_pc_p0100_n0050_b035,Oracle PC,p0100_n0050,35
oracle_pc_p0100_n0050_b036,Oracle PC,p0100_n0050,36
oracle_pc_p0100_n0050_b037,Oracle PC,p0100_n0050,37
oracle_pc_p0100_n0050_b038,Oracle PC,p0100_n0050,38
oracle_pc_p0100_n0050_b039,Oracle PC,p0100_n0050,39
oracle_pc_p0100_n0050_b040,Oracle PC,p0100_n0050,40
oracle_pc_p0100_n0050_b041,Oracle PC,p0100_n0050,41
oracle_pc_p0100_n0050_b042,Oracle PC,p0100_n0050,42
oracle_pc_p0100_n0050_b043,Oracle PC,p0100_n0050,43
oracle_pc_p0100_n0050_b044,Oracle PC,p0100_n0050,44
oracle_pc_p0100_n0050_b045,Oracle PC,p0100_n0050,45
oracle_pc_p0100_n0050_b046,Oracle PC,p0100_n0050,46
oracle_pc_p0100_n0050_b047,Oracle PC,p0100_n0050,47
oracle_pc_p0100_n0050_b048,Oracle PC,p0100_n0050,48
oracle_pc_p0100_n0050_b049,Oracle PC,p0100_n0050,49
oracle_pc_p0100_n0050_b050,Oracle PC,p0100_n0050,50
oracle_pc_p0100_n0050_b051,Oracle PC,p0100_n0050,51
oracle_pc_p0100_n0050_b052,Oracle PC,p0100_n0050,52
oracle_pc_p0100_n0050_b053,Oracle PC,p0100_n0050,53
oracle_pc_p0100_n0050_b054,Oracle PC,p0100_n0050,54
oracle_pc_p0100_n0050_b055,Oracle PC,p0100_n0050,55
oracle_pc_p0100_n0050_b056,Oracle PC,p0100_n0050,56
oracle_pc_p0100_n0050_b057,Oracle PC,p0100_n0050,57
oracle_pc_p0100_n0050_b058,Oracle PC,p0100_n0050,58
oracle_pc_p0100_n0050_b059,Oracle PC,p0100_n0050,59
oracle_pc_p0100_n0050_b060,Oracle PC,p0100_n0050,60
oracle_pc_p0100_n0050_b061,Oracle PC,p0100_n0050,61
oracle_pc_p0100_n0050_b062,Oracle PC,p0100_n0050,62
oracle_pc_p0100_n0050_b063,Oracle PC,p0100_n0050,63
oracle_pc_p0100_n0050_b064,Oracle PC,p0100_n0050,64
oracle_pc_p0100_n0050_b065,Oracle PC,p0100_n0050,65
oracle_pc_p0100_n0050_b066,Oracle PC,p0100_n0050,66
oracle_pc_p0100_n0050_b067,Oracle PC,p0100_n0050,67
oracle_pc_p0100_n0050_b068,Oracle PC,p0100_n0050,68
oracle_pc_p0100_n0050_b069,Oracle PC,p0100_n0050,69
oracle_pc_p0100_n0050_b070,Oracle PC,p0100_n0050,70
oracle_pc_p0100_n0050_b071,Oracle PC,p0100_n0050,71
oracle_pc_p0100_n0050_b072,Oracle PC,p0100_n0050,72
oracle_pc_p0100_n0050_b073,Oracle PC,p0100_n0050,73
oracle_pc_p0100_n0050_b074,Oracle PC,p0100_n0050,74
oracle_pc_p0100_n0050_b075,Oracle PC,p0100_n0050,75
oracle_pc_p0100_n0050_b076,Oracle PC,p0100_n0050,76
oracle_pc_p0100_n0050_b077,Oracle PC,p0100_n0050,77
oracle_pc_p0100_n0050_b078,Oracle PC,p0100_n0050,78
oracle_pc_p0100_n0050_b079,Oracle PC,p0100_n0050,79
oracle_pc_p0100_n0050_b080,Oracle PC,p0100_n0050,80
oracle_pc_p0100_n0050_b081,Oracle PC,p0100_n0050,81
oracle_pc_p0100_n0050_b082,Oracle PC,p0100_n0050,82
oracle_pc_p0100_n0050_b083,Oracle PC,p0100_n0050,83
oracle_pc_p0100_n0050_b084,Oracle PC,p0100_n0050,84
oracle_pc_p0100_n0050_b085,Oracle PC,p0100_n0050,85
oracle_pc_p0100_n0050_b086,Oracle PC,p0100_n0050,86
oracle_pc_p0100_n0050_b087,Oracle PC,p0100_n0050,87
oracle_pc_p0100_n0050_b088,Oracle PC,p0100_n0050,88
oracle_pc_p0100_n0050_b089,Oracle PC,p0100_n0050,89
oracle_pc_p0100_n0050_b090,Oracle PC,p0100_n0050,90
oracle_pc_p0100_n0050_b091,Oracle PC,p0100_n0050,91
oracle_pc_p0100_n0050_b092,Oracle PC,p0100_n0050,92
oracle_pc_p0100_n0050_b093,Oracle PC,p0100_n0050,93
oracle_pc_p0100_n0050_b094,Oracle PC,p0100_n0050,94
oracle_pc_p0100_n0050_b095,Oracle PC,p0100_n0050,95
oracle_pc_p0100_n0050_b096,Oracle PC,p0100_n0050,96
oracle_pc_p0100_n0050_b097,Oracle PC,p0100_n0050,97
oracle_pc_p0100_n0050_b098,Oracle PC,p0100_n0050,98
oracle_pc_p0100_n0050_b099,Oracle PC,p0100_n0050,99
oracle_pc_p0100_n0050_b100,Oracle PC,p0100_n0050,100
plug_in_pc_p0100_n0050_b001,Plug-in PC,p0100_n0050,1
plug_in_pc_p0100_n0050_b002,Plug-in PC,p0100_n0050,2
plug_in_pc_p0100_n0050_b003,Plug-in PC,p0100_n0050,3
plug_in_pc_p0100_n0050_b004,Plug-in PC,p0100_n0050,4
plug_in_pc_p0100_n0050_b005,Plug-in PC,p0100_n0050,5
plug_in_pc_p0100_n0050_b006,Plug-in PC,p0100_n0050,6
plug_in_pc_p0100_n0050_b007,Plug-in PC,p0100_n0050,7
plug_in_pc_p0100_n0050_b008,Plug-in PC,p0100_n0050,8
plug_in_pc_p0100_n0050_b009,Plug-in PC,p0100_n0050,9
plug_in_pc_p0100_n0050_b010,Plug-in PC,p0100_n0050,10
plug_in_pc_p0100_n0050_b011,Plug-in PC,p0100_n0050,11
plug_in_pc_p0100_n0050_b012,Plug-in PC,p0100_n0050,12
plug_in_pc_p0100_n0050_b013,Plug-in PC,p0100_n0050,13
plug_in_pc_p0100_n0050_b014,Plug-in PC,p0100_n0050,14
plug_in_pc_p0100_n0050_b015,Plug-in PC,p0100_n0050,15
plug_in_pc_p0100_n0050_b016,Plug-in PC,p0100_n0050,16
plug_in_pc_p0100_n0050_b017,Plug-in PC,p0100_n0050,17
plug_in_pc_p0100_n0050_b018,Plug-in PC,p0100_n0050,18
plug_in_pc_p0100_n0050_b019,Plug-in PC,p0100_n0050,19
plug_in_pc_p0100_n0050_b020,Plug-in PC,p0100_n0050,20
plug_in_pc_p0100_n0050_b021,Plug-in PC,p0100_n0050,21
plug_in_pc_p0100_n0050_b022,Plug-in PC,p0100_n0050,22
plug_in_pc_p0100_n0050_b023,Plug-in PC,p0100_n0050,23
plug_in_pc_p0100_n0050_b024,Plug-in PC,p0100_n0050,24
plug_in_pc_p0100_n0050_b025,Plug-in PC,p0100_n0050,25
plug_in_pc_p0100_n0050_b026,Plug-in PC,p0100_n0050,26
plug_in_pc_p0100_n0050_b027,Plug-in PC,p0100_n0050,27
plug_in_pc_p0100_n0050_b028,Plug-in PC,p0100_n0050,28
plug_in_pc_p0100_n0050_b029,Plug-in PC,p0100_n0050,29
plug_in_pc_p0100_n0050_b030,Plug-in PC,p0100_n0050,30
plug_in_pc_p0100_n0050_b031,Plug-in PC,p0100_n0050,31
plug_in_pc_p0100_n0050_b032,Plug-in PC,p0100_n0050,32
plug_in_pc_p0100_n0050_b033,Plug-in PC,p0100_n0050,33
plug_in_pc_p0100_n0050_b034,Plug-in PC,p0100_n0050,34
plug_in_pc_p0100_n0050_b035,Plug-in PC,p0100_n0050,35
plug_in_pc_p0100_n0050_b036,Plug-in PC,p0100_n0050,36
plug_in_pc_p0100_n0050_b037,Plug-in PC,p0100_n0050,37
plug_in_pc_p0100_n0050_b038,Plug-in PC,p0100_n0050,38
plug_in_pc_p0100_n0050_b039,Plug-in PC,p0100_n0050,39
plug_in_pc_p0100_n0050_b040,Plug-in PC,p0100_n0050,40
plug_in_pc_p0100_n0050_b041,Plug-in PC,p0100_n0050,41
plug_in_pc_p0100_n0050_b042,Plug-in PC,p0100_n0050,42
plug_in_pc_p0100_n0050_b043,Plug-in PC,p0100_n0050,43
plug_in_pc_p0100_n0050_b044,Plug-in PC,p0100_n0050,44
plug_in_pc_p0100_n0050_b045,Plug-in PC,p0100_n0050,45
plug_in_pc_p0100_n0050_b046,Plug-in PC,p0100_n0050,46
plug_in_pc_p0100_n0050_b047,Plug-in PC,p0100_n0050,47
plug_in_pc_p0100_n0050_b048,Plug-in PC,p0100_n0050,48
plug_in_pc_p0100_n0050_b049,Plug-in PC,p0100_n0050,49
plug_in_pc_p0100_n0050_b050,Plug-in PC,p0100_n0050,50
plug_in_pc_p0100_n0050_b051,Plug-in PC,p0100_n0050,51
plug_in_pc_p0100_n0050_b052,Plug-in PC,p0100_n0050,52
plug_in_pc_p0100_n0050_b053,Plug-in PC,p0100_n0050,53
plug_in_pc_p0100_n0050_b054,Plug-in PC,p0100_n0050,54
plug_in_pc_p0100_n0050_b055,Plug-in PC,p0100_n0050,55
plug_in_pc_p0100_n0050_b056,Plug-in PC,p0100_n0050,56
plug_in_pc_p0100_n0050_b057,Plug-in PC,p0100_n0050,57
plug_in_pc_p0100_n0050_b058,Plug-in PC,p0100_n0050,58
plug_in_pc_p0100_n0050_b059,Plug-in PC,p0100_n0050,59
plug_in_pc_p0100_n0050_b060,Plug-in PC,p0100_n0050,60
plug_in_pc_p0100_n0050_b061,Plug-in PC,p0100_n0050,61
plug_in_pc_p0100_n0050_b062,Plug-in PC,p0100_n0050,62
plug_in_pc_p0100_n0050_b063,Plug-in PC,p0100_n0050,63
plug_in_pc_p0100_n0050_b064,Plug-in PC,p0100_n0050,64
plug_in_pc_p0100_n0050_b065,Plug-in PC,p0100_n0050,65
plug_in_pc_p0100_n0050_b066,Plug-in PC,p0100_n0050,66
plug_in_pc_p0100_n0050_b067,Plug-in PC,p0100_n0050,67
plug_in_pc_p0100_n0050_b068,Plug-in PC,p0100_n0050,68
plug_in_pc_p0100_n0050_b069,Plug-in PC,p0100_n0050,69
plug_in_pc_p0100_n0050_b070,Plug-in PC,p0100_n0050,70
plug_in_pc_p0100_n0050_b071,Plug-in PC,p0100_n0050,71
plug_in_pc_p0100_n0050_b072,Plug-in PC,p0100_n0050,72
plug_in_pc_p0100_n0050_b073,Plug-in PC,p0100_n0050,73
plug_in_pc_p0100_n0050_b074,Plug-in PC,p0100_n0050,74
plug_in_pc_p0100_n0050_b075,Plug-in PC,p0100_n0050,75
plug_in_pc_p0100_n0050_b076,Plug-in PC,p0100_n0050,76
plug_in_pc_p0100_n0050_b077,Plug-in PC,p0100_n0050,77
plug_in_pc_p0100_n0050_b078,Plug-in PC,p0100_n0050,78
plug_in_pc_p0100_n0050_b079,Plug-in PC,p0100_n0050,79
plug_in_pc_p0100_n0050_b080,Plug-in PC,p0100_n0050,80
plug_in_pc_p0100_n0050_b081,Plug-in PC,p0100_n0050,81
plug_in_pc_p0100_n0050_b082,Plug-in PC,p0100_n0050,82
plug_in_pc_p0100_n0050_b083,Plug-in PC,p0100_n0050,83
plug_in_pc_p0100_n0050_b084,Plug-in PC,p0100_n0050,84
plug_in_pc_p0100_n0050_b085,Plug-in PC,p0100_n0050,85
plug_in_pc_p0100_n0050_b086,Plug-in PC,p0100_n0050,86
plug_in_pc_p0100_n0050_b087,Plug-in PC,p0100_n0050,87
plug_in_pc_p0100_n0050_b088,Plug-in PC,p0100_n0050,88
plug_in_pc_p0100_n0050_b089,Plug-in PC,p0100_n0050,89
plug_in_pc_p0100_n0050_b090,Plug-in PC,p0100_n0050,90
plug_in_pc_p0100_n0050_b091,Plug-in PC,p0100_n0050,91
plug_in_pc_p0100_n0050_b092,Plug-in PC,p0100_n0050,92
plug_in_pc_p0100_n0050_b093,Plug-in PC,p0100_n0050,93
plug_in_pc_p0100_n0050_b094,Plug-in PC,p0100_n0050,94
plug_in_pc_p0100_n0050_b095,Plug-in PC,p0100_n0050,95
plug_in_pc_p0100_n0050_b096,Plug-in PC,p0100_n0050,96
plug_in_pc_p0100_n0050_b097,Plug-in PC,p0100_n0050,97
plug_in_pc_p0100_n0050_b098,Plug-in PC,p0100_n0050,98
plug_in_pc_p0100_n0050_b099,Plug-in PC,p0100_n0050,99
plug_in_pc_p0100_n0050_b100,Plug-in PC,p0100_n0050,100
debiased_pc_p0100_n0200_b001,Debiased PC,p0100_n0200,1
debiased_pc_p0100_n0200_b002,Debiased PC,p0100_n0200,2
debiased_pc_p0100_n0200_b003,Debiased PC,p0100_n0200,3
debiased_pc_p0100_n0200_b004,Debiased PC,p0100_n0200,4
debiased_pc_p0100_n0200_b005,Debiased PC,p0100_n0200,5
debiased_pc_p0100_n0200_b006,Debiased PC,p0100_n0200,6
debiased_pc_p0100_n0200_b007,Debiased PC,p0100_n0200,7
debiased_pc_p0100_n0200_b008,Debiased PC,p0100_n0200,8
debiased_pc_p0100_n0200_b009,Debiased PC,p0100_n0200,9
debiased_pc_p0100_n0200_b010,Debiased PC,p0100_n0200,10
debiased_pc_p0100_n0200_b011,Debiased PC,p0100_n0200,11
debiased_pc_p0100_n0200_b012,Debiased PC,p0100_n0200,12
debiased_pc_p0100_n0200_b013,Debiased PC,p0100_n0200,13
debiased_pc_p0100_n0200_b014,Debiased PC,p0100_n0200,14
debiased_pc_p0100_n0200_b015,Debiased PC,p0100_n0200,15
debiased_pc_p0100_n0200_b016,Debiased PC,p0100_n0200,16
debiased_pc_p0100_n0200_b017,Debiased PC,p0100_n0200,17
debiased_pc_p0100_n0200_b018,Debiased PC,p0100_n0200,18
debiased_pc_p0100_n0200_b019,Debiased PC,p0100_n0200,19
debiased_pc_p0100_n0200_b020,Debiased PC,p0100_n0200,20
debiased_pc_p0100_n0200_b021,Debiased PC,p0100_n0200,21
debiased_pc_p0100_n0200_b022,Debiased PC,p0100_n0200,22
debiased_pc_p0100_n0200_b023,Debiased PC,p0100_n0200,23
debiased_pc_p0100_n0200_b024,Debiased PC,p0100_n0200,24
debiased_pc_p0100_n0200_b025,Debiased PC,p0100_n0200,25
debiased_pc_p0100_n0200_b026,Debiased PC,p0100_n0200,26
debiased_pc_p0100_n0200_b027,Debiased PC,p0100_n0200,27
debiased_pc_p0100_n0200_b028,Debiased PC,p0100_n0200,28
debiased_pc_p0100_n0200_b029,Debiased PC,p0100_n0200,29
debiased_pc_p0100_n0200_b030,Debiased PC,p0100_n0200,30
debiased_pc_p0100_n0200_b031,Debiased PC,p0100_n0200,31
debiased_pc_p0100_n0200_b032,Debiased PC,p0100_n0200,32
debiased_pc_p0100_n0200_b033,Debiased PC,p0100_n0200,33
debiased_pc_p0100_n0200_b034,Debiased PC,p0100_n0200,34
debiased_pc_p0100_n0200_b035,Debiased PC,p0100_n0200,35
debiased_pc_p0100_n0200_b036,Debiased PC,p0100_n0200,36
debiased_pc_p0100_n0200_b037,Debiased PC,p0100_n0200,37
debiased_pc_p0100_n0200_b038,Debiased PC,p0100_n0200,38
debiased_pc_p0100_n0200_b039,Debiased PC,p0100_n0200,39
debiased_pc_p0100_n0200_b040,Debiased PC,p0100_n0200,40
debiased_pc_p0100_n0200_b041,Debiased PC,p0100_n0200,41
debiased_pc_p0100_n0200_b042,Debiased PC,p0100_n0200,42
debiased_pc_p0100_n0200_b043,Debiased PC,p0100_n0200,43
debiased_pc_p0100_n0200_b044,Debiased PC,p0100_n0200,44
debiased_pc_p0100_n0200_b045,Debiased PC,p0100_n0200,45
debiased_pc_p0100_n0200_b046,Debiased PC,p0100_n0200,46
debiased_pc_p0100_n0200_b047,Debiased PC,p0100_n0200,47
debiased_pc_p0100_n0200_b048,Debiased PC,p0100_n0200,48
debiased_pc_p0100_n0200_b049,Debiased PC,p0100_n0200,49
debiased_pc_p0100_n0200_b050,Debiased PC,p0100_n0200,50
debiased_pc_p0100_n0200_b051,Debiased PC,p0100_n0200,51
debiased_pc_p0100_n0200_b052,Debiased PC,p0100_n0200,52
debiased_pc_p0100_n0200_b053,Debiased PC,p0100_n0200,53
debiased_pc_p0100_n0200_b054,Debiased PC,p0100_n0200,54
debiased_pc_p0100_n0200_b055,Debiased PC,p0100_n0200,55
debiased_pc_p0100_n0200_b056,Debiased PC,p0100_n0200,56
debiased_pc_p0100_n0200_b057,Debiased PC,p0100_n0200,57
debiased_pc_p0100_n0200_b058,Debiased PC,p0100_n0200,58
debiased_pc_p0100_n0200_b059,Debiased PC,p0100_n0200,59
debiased_pc_p0100_n0200_b060,Debiased PC,p0100_n0200,60
debiased_pc_p0100_n0200_b061,Debiased PC,p0100_n0200,61
debiased_pc_p0100_n0200_b062,Debiased PC,p0100_n0200,62
debiased_pc_p0100_n0200_b063,Debiased PC,p0100_n0200,63
debiased_pc_p0100_n0200_b064,Debiased PC,p0100_n0200,64
debiased_pc_p0100_n0200_b065,Debiased PC,p0100_n0200,65
debiased_pc_p0100_n0200_b066,Debiased PC,p0100_n0200,66
debiased_pc_p0100_n0200_b067,Debiased PC,p0100_n0200,67
debiased_pc_p0100_n0200_b068,Debiased PC,p0100_n0200,68
debiased_pc_p0100_n0200_b069,Debiased PC,p0100_n0200,69
debiased_pc_p0100_n0200_b070,Debiased PC,p0100_n0200,70
debiased_pc_p0100_n0200_b071,Debiased PC,p0100_n0200,71
debiased_pc_p0100_n0200_b072,Debiased PC,p0100_n0200,72
debiased_pc_p0100_n0200_b073,Debiased PC,p0100_n0200,73
debiased_pc_p0100_n0200_b074,Debiased PC,p0100_n0200,74
debiased_pc_p0100_n0200_b075,Debiased PC,p0100_n0200,75
debiased_pc_p0100_n0200_b076,Debiased PC,p0100_n0200,76
debiased_pc_p0100_n0200_b077,Debiased PC,p0100_n0200,77
debiased_pc_p0100_n0200_b078,Debiased PC,p0100_n0200,78
debiased_pc_p0100_n0200_b079,Debiased PC,p0100_n0200,79
debiased_pc_p0100_n0200_b080,Debiased PC,p0100_n0200,80
debiased_pc_p0100_n0200_b081,Debiased PC,p0100_n0200,81
debiased_pc_p0100_n0200_b082,Debiased PC,p0100_n0200,82
debiased_pc_p0100_n0200_b083,Debiased PC,p0100_n0200,83
debiased_pc_p0100_n0200_b084,Debiased PC,p0100_n0200,84
debiased_pc_p0100_n0200_b085,Debiased PC,p0100_n0200,85
debiased_pc_p0100_n0200_b086,Debiased PC,p0100_n0200,86
debiased_pc_p0100_n0200_b087,Debiased PC,p0100_n0200,87
debiased_pc_p0100_n0200_b088,Debiased PC,p0100_n0200,88
debiased_pc_p0100_n0200_b089,Debiased PC,p0100_n0200,89
debiased_pc_p0100_n0200_b090,Debiased PC,p0100_n0200,90
debiased_pc_p0100_n0200_b091,Debiased PC,p0100_n0200,91
debiased_pc_p0100_n0200_b092,Debiased PC,p0100_n0200,92
debiased_pc_p0100_n0200_b093,Debiased PC,p0100_n0200,93
debiased_pc_p0100_n0200_b094,Debiased PC,p0100_n0200,94
debiased_pc_p0100_n0200_b095,Debiased PC,p0100_n0200,95
debiased_pc_p0100_n0200_b096,Debiased PC,p0100_n0200,96
debiased_pc_p0100_n0200_b097,Debiased PC,p0100_n0200,97
debiased_pc_p0100_n0200_b098,Debiased PC,p0100_n0200,98
debiased_pc_p0100_n0200_b099,Debiased PC,p0100_n0200,99
debiased_pc_p0100_n0200_b100,Debiased PC,p0100_n0200,100
oracle_pc_p0100_n0200_b001,Oracle PC,p0100_n0200,1
oracle_pc_p0100_n0200_b002,Oracle PC,p0100_n0200,2
oracle_pc_p0100_n0200_b003,Oracle PC,p0100_n0200,3
oracle_pc_p0100_n0200_b004,Oracle PC,p0100_n0200,4
oracle_pc_p0100_n0200_b005,Oracle PC,p0100_n0200,5
oracle_pc_p0100_n0200_b006,Oracle PC,p0100_n0200,6
oracle_pc_p0100_n0200_b007,Oracle PC,p0100_n0200,7
oracle_pc_p0100_n0200_b008,Oracle PC,p0100_n0200,8
oracle_pc_p0100_n0200_b009,Oracle PC,p0100_n0200,9
oracle_pc_p0100_n0200_b010,Oracle PC,p0100_n0200,10
oracle_pc_p0100_n0200_b011,Oracle PC,p0100_n0200,11
oracle_pc_p0100_n0200_b012,Oracle PC,p0100_n0200,12
oracle_pc_p0100_n0200_b013,Oracle PC,p0100_n0200,13
oracle_pc_p0100_n0200_b014,Oracle PC,p0100_n0200,14
oracle_pc_p0100_n0200_b015,Oracle PC,p0100_n0200,15
oracle_pc_p0100_n0200_b016,Oracle PC,p0100_n0200,16
oracle_pc_p0100_n0200_b017,Oracle PC,p0100_n0200,17
oracle_pc_p0100_n0200_b018,Oracle PC,p0100_n0200,18
oracle_pc_p0100_n0200_b019,Oracle PC,p0100_n0200,19
oracle_pc_p0100_n0200_b020,Oracle PC,p0100_n0200,20
oracle_pc_p0100_n0200_b021,Oracle PC,p0100_n0200,21
oracle_pc_p0100_n0200_b022,Oracle PC,p0100_n0200,22
oracle_pc_p0100_n0200_b023,Oracle PC,p0100_n0200,23
oracle_pc_p0100_n0200_b024,Oracle PC,p0100_n0200,24
oracle_pc_p0100_n0200_b025,Oracle PC,p0100_n0200,25
oracle_pc_p0100_n0200_b026,Oracle PC,p0100_n0200,26
oracle_pc_p0100_n0200_b027,Oracle PC,p0100_n0200,27
oracle_pc_p0100_n0200_b028,Oracle PC,p0100_n0200,28
oracle_pc_p0100_n0200_b029,Oracle PC,p0100_n0200,29
oracle_pc_p0100_n0200_b030,Oracle PC,p0100_n0200,30
oracle_pc_p0100_n0200_b031,Oracle PC,p0100_n0200,31
oracle_pc_p0100_n0200_b032,Oracle PC,p0100_n0200,32
oracle_pc_p0100_n0200_b033,Oracle PC,p0100_n0200,33
oracle_pc_p0100_n0200_b034,Oracle PC,p0100_n0200,34
oracle_pc_p0100_n0200_b035,Oracle PC,p0100_n0200,35
oracle_pc_p0100_n0200_b036,Oracle PC,p0100_n0200,36
oracle_pc_p0100_n0200_b037,Oracle PC,p0100_n0200,37
oracle_pc_p0100_n0200_b038,Oracle PC,p0100_n0200,38
oracle_pc_p0100_n0200_b039,Oracle PC,p0100_n0200,39
oracle_pc_p0100_n0200_b040,Oracle PC,p0100_n0200,40
oracle_pc_p0100_n0200_b041,Oracle PC,p0100_n0200,41
oracle_pc_p0100_n0200_b042,Oracle PC,p0100_n0200,42
oracle_pc_p0100_n0200_b043,Oracle PC,p0100_n0200,43
oracle_pc_p0100_n0200_b044,Oracle PC,p0100_n0200,44
oracle_pc_p0100_n0200_b045,Oracle PC,p0100_n0200,45
oracle_pc_p0100_n0200_b046,Oracle PC,p0100_n0200,46
oracle_pc_p0100_n0200_b047,Oracle PC,p0100_n0200,47
oracle_pc_p0100_n0200_b048,Oracle PC,p0100_n0200,48
oracle_pc_p0100_n0200_b049,Oracle PC,p0100_n0200,49
oracle_pc_p0100_n0200_b050,Oracle PC,p0100_n0200,50
oracle_pc_p0100_n0200_b051,Oracle PC,p0100_n0200,51
oracle_pc_p0100_n0200_b052,Oracle PC,p0100_n0200,52
oracle_pc_p0100_n0200_b053,Oracle PC,p0100_n0200,53
oracle_pc_p0100_n0200_b054,Oracle PC,p0100_n0200,54
oracle_pc_p0100_n0200_b055,Oracle PC,p0100_n0200,55
oracle_pc_p0100_n0200_b056,Oracle PC,p0100_n0200,56
oracle_pc_p0100_n0200_b057,Oracle PC,p0100_n0200,57
oracle_pc_p0100_n0200_b058,Oracle PC,p0100_n0200,58
oracle_pc_p0100_n0200_b059,Oracle PC,p0100_n0200,59
oracle_pc_p0100_n0200_b060,Oracle PC,p0100_n0200,60
oracle_pc_p0100_n0200_b061,Oracle PC,p0100_n0200,61
oracle_pc_p0100_n0200_b062,Oracle PC,p0100_n0200,62
oracle_pc_p0100_n0200_b063,Oracle PC,p0100_n0200,63
oracle_pc_p0100_n0200_b064,Oracle PC,p0100_n0200,64
oracle_pc_p0100_n0200_b065,Oracle PC,p0100_n0200,65
oracle_pc_p0100_n0200_b066,Oracle PC,p0100_n0200,66
oracle_pc_p0100_n0200_b067,Oracle PC,p0100_n0200,67
oracle_pc_p0100_n0200_b068,Oracle PC,p0100_n0200,68
oracle_pc_p0100_n0200_b069,Oracle PC,p0100_n0200,69
oracle_pc_p0100_n0200_b070,Oracle PC,p0100_n0200,70
oracle_pc_p0100_n0200_b071,Oracle PC,p0100_n0200,71
oracle_pc_p0100_n0200_b072,Oracle PC,p0100_n0200,72
oracle_pc_p0100_n0200_b073,Oracle PC,p0100_n0200,73
oracle_pc_p0100_n0200_b074,Oracle PC,p0100_n0200,74
oracle_pc_p0100_n0200_b075,Oracle PC,p0100_n0200,75
oracle_pc_p0100_n0200_b076,Oracle PC,p0100_n0200,76
oracle_pc_p0100_n0200_b077,Oracle PC,p0100_n0200,77
oracle_pc_p0100_n0200_b078,Oracle PC,p0100_n0200,78
oracle_pc_p0100_n0200_b079,Oracle PC,p0100_n0200,79
oracle_pc_p0100_n0200_b080,Oracle PC,p0100_n0200,80
oracle_pc_p0100_n0200_b081,Oracle PC,p0100_n0200,81
oracle_pc_p0100_n0200_b082,Oracle PC,p0100_n0200,82
oracle_pc_p0100_n0200_b083,Oracle PC,p0100_n0200,83
oracle_pc_p0100_n0200_b084,Oracle PC,p0100_n0200,84
oracle_pc_p0100_n0200_b085,Oracle PC,p0100_n0200,85
oracle_pc_p0100_n0200_b086,Oracle PC,p0100_n0200,86
oracle_pc_p0100_n0200_b087,Oracle PC,p0100_n0200,87
oracle_pc_p0100_n0200_b088,Oracle PC,p0100_n0200,88
oracle_pc_p0100_n0200_b089,Oracle PC,p0100_n0200,89
oracle_pc_p0100_n0200_b090,Oracle PC,p0100_n0200,90
oracle_pc_p0100_n0200_b091,Oracle PC,p0100_n0200,91
oracle_pc_p0100_n0200_b092,Oracle PC,p0100_n0200,92
oracle_pc_p0100_n0200_b093,Oracle PC,p0100_n0200,93
oracle_pc_p0100_n0200_b094,Oracle PC,p0100_n0200,94
oracle_pc_p0100_n0200_b095,Oracle PC,p0100_n0200,95
oracle_pc_p0100_n0200_b096,Oracle PC,p0100_n0200,96
oracle_pc_p0100_n0200_b097,Oracle PC,p0100_n0200,97
oracle_pc_p0100_n0200_b098,Oracle PC,p0100_n0200,98
oracle_pc_p0100_n0200_b099,Oracle PC,p0100_n0200,99
oracle_pc_p0100_n0200_b100,Oracle PC,p0100_n0200,100
plug_in_pc_p0100_n0200_b001,Plug-in PC,p0100_n0200,1
plug_in_pc_p0100_n0200_b002,Plug-in PC,p0100_n0200,2
plug_in_pc_p0100_n0200_b003,Plug-in PC,p0100_n0200,3
plug_in_pc_p0100_n0200_b004,Plug-in PC,p0100_n0200,4
plug_in_pc_p0100_n0200_b005,Plug-in PC,p0100_n0200,5
plug_in_pc_p0100_n0200_b006,Plug-in PC,p0100_n0200,6
plug_in_pc_p0100_n0200_b007,Plug-in PC,p0100_n0200,7
plug_in_pc_p0100_n0200_b008,Plug-in PC,p0100_n0200,8
plug_in_pc_p0100_n0200_b009,Plug-in PC,p0100_n0200,9
plug_in_pc_p0100_n0200_b010,Plug-in PC,p0100_n0200,10
plug_in_pc_p0100_n0200_b011,Plug-in PC,p0100_n0200,11
plug_in_pc_p0100_n0200_b012,Plug-in PC,p0100_n0200,12
plug_in_pc_p0100_n0200_b013,Plug-in PC,p0100_n0200,13
plug_in_pc_p0100_n0200_b014,Plug-in PC,p0100_n0200,14
plug_in_pc_p0100_n0200_b015,Plug-in PC,p0100_n0200,15
plug_in_pc_p0100_n0200_b016,Plug-in PC,p0100_n0200,16
plug_in_pc_p0100_n0200_b017,Plug-in PC,p0100_n0200,17
plug_in_pc_p0100_n0200_b018,Plug-in PC,p0100_n0200,18
plug_in_pc_p0100_n0200_b019,Plug-in PC,p0100_n0200,19
plug_in_pc_p0100_n0200_b020,Plug-in PC,p0100_n0200,20
plug_in_pc_p0100_n0200_b021,Plug-in PC,p0100_n0200,21
plug_in_pc_p0100_n0200_b022,Plug-in PC,p0100_n0200,22
plug_in_pc_p0100_n0200_b023,Plug-in PC,p0100_n0200,23
plug_in_pc_p0100_n0200_b024,Plug-in PC,p0100_n0200,24
plug_in_pc_p0100_n0200_b025,Plug-in PC,p0100_n0200,25
plug_in_pc_p0100_n0200_b026,Plug-in PC,p0100_n0200,26
plug_in_pc_p0100_n0200_b027,Plug-in PC,p0100_n0200,27
plug_in_pc_p0100_n0200_b028,Plug-in PC,p0100_n0200,28
plug_in_pc_p0100_n0200_b029,Plug-in PC,p0100_n0200,29
plug_in_pc_p0100_n0200_b030,Plug-in PC,p0100_n0200,30
plug_in_pc_p0100_n0200_b031,Plug-in PC,p0100_n0200,31
plug_in_pc_p0100_n0200_b032,Plug-in PC,p0100_n0200,32
plug_in_pc_p0100_n0200_b033,Plug-in PC,p0100_n0200,33
plug_in_pc_p0100_n0200_b034,Plug-in PC,p0100_n0200,34
plug_in_pc_p0100_n0200_b035,Plug-in PC,p0100_n0200,35
plug_in_pc_p0100_n0200_b036,Plug-in PC,p0100_n0200,36
plug_in_pc_p0100_n0200_b037,Plug-in PC,p0100_n0200,37
plug_in_pc_p0100_n0200_b038,Plug-in PC,p0100_n0200,38
plug_in_pc_p0100_n0200_b039,Plug-in PC,p0100_n0200,39
plug_in_pc_p0100_n0200_b040,Plug-in PC,p0100_n0200,40
plug_in_pc_p0100_n0200_b041,Plug-in PC,p0100_n0200,41
plug_in_pc_p0100_n0200_b042,Plug-in PC,p0100_n0200,42
plug_in_pc_p0100_n0200_b043,Plug-in PC,p0100_n0200,43
plug_in_pc_p0100_n0200_b044,Plug-in PC,p0100_n0200,44
plug_in_pc_p0100_n0200_b045,Plug-in PC,p0100_n0200,45
plug_in_pc_p0100_n0200_b046,Plug-in PC,p0100_n0200,46
plug_in_pc_p0100_n0200_b047,Plug-in PC,p0100_n0200,47
plug_in_pc_p0100_n0200_b048,Plug-in PC,p0100_n0200,48
plug_in_pc_p0100_n0200_b049,Plug-in PC,p0100_n0200,49
plug_in_pc_p0100_n0200_b050,Plug-in PC,p0100_n0200,50
plug_in_pc_p0100_n0200_b051,Plug-in PC,p0100_n0200,51
plug_in_pc_p0100_n0200_b052,Plug-in PC,p0100_n0200,52
plug_in_pc_p0100_n0200_b053,Plug-in PC,p0100_n0200,53
plug_in_pc_p0100_n0200_b054,Plug-in PC,p0100_n0200,54
plug_in_pc_p0100_n0200_b055,Plug-in PC,p0100_n0200,55
plug_in_pc_p0100_n0200_b056,Plug-in PC,p0100_n0200,56
plug_in_pc_p0100_n0200_b057,Plug-in PC,p0100_n0200,57
plug_in_pc_p0100_n0200_b058,Plug-in PC,p0100_n0200,58
plug_in_pc_p0100_n0200_b059,Plug-in PC,p0100_n0200,59
plug_in_pc_p0100_n0200_b060,Plug-in PC,p0100_n0200,60
plug_in_pc_p0100_n0200_b061,Plug-in PC,p0100_n0200,61
plug_in_pc_p0100_n0200_b062,Plug-in PC,p0100_n0200,62
plug_in_pc_p0100_n0200_b063,Plug-in PC,p0100_n0200,63
plug_in_pc_p0100_n0200_b064,Plug-in PC,p0100_n0200,64
plug_in_pc_p0100_n0200_b065,Plug-in PC,p0100_n0200,65
plug_in_pc_p0100_n0200_b066,Plug-in PC,p0100_n0200,66
plug_in_pc_p0100_n0200_b067,Plug-in PC,p0100_n0200,67
plug_in_pc_p0100_n0200_b068,Plug-in PC,p0100_n0200,68
plug_in_pc_p0100_n0200_b069,Plug-in PC,p0100_n0200,69
plug_in_pc_p0100_n0200_b070,Plug-in PC,p0100_n0200,70
plug_in_pc_p0100_n0200_b071,Plug-in PC,p0100_n0200,71
plug_in_pc_p0100_n0200_b072,Plug-in PC,p0100_n0200,72
plug_in_pc_p0100_n0200_b073,Plug-in PC,p0100_n0200,73
plug_in_pc_p0100_n0200_b074,Plug-in PC,p0100_n0200,74
plug_in_pc_p0100_n0200_b075,Plug-in PC,p0100_n0200,75
plug_in_pc_p0100_n0200_b076,Plug-in PC,p0100_n0200,76
plug_in_pc_p0100_n0200_b077,Plug-in PC,p0100_n0200,77
plug_in_pc_p0100_n0200_b078,Plug-in PC,p0100_n0200,78
plug_in_pc_p0100_n0200_b079,Plug-in PC,p0100_n0200,79
plug_in_pc_p0100_n0200_b080,Plug-in PC,p0100_n0200,80
plug_in_pc_p0100_n0200_b081,Plug-in PC,p0100_n0200,81
plug_in_pc_p0100_n0200_b082,Plug-in PC,p0100_n0200,82
plug_in_pc_p0100_n0200_b083,Plug-in PC,p0100_n0200,83
plug_in_pc_p0100_n0200_b084,Plug-in PC,p0100_n0200,84
plug_in_pc_p0100_n0200_b085,Plug-in PC,p0100_n0200,85
plug_in_pc_p0100_n0200_b086,Plug-in PC,p0100_n0200,86
plug_in_pc_p0100_n0200_b087,Plug-in PC,p0100_n0200,87
plug_in_pc_p0100_n0200_b088,Plug-in PC,p0100_n0200,88
plug_in_pc_p0100_n0200_b089,Plug-in PC,p0100_n0200,89
plug_in_pc_p0100_n0200_b090,Plug-in PC,p0100_n0200,90
plug_in_pc_p0100_n0200_b091,Plug-in PC,p0100_n0200,91
plug_in_pc_p0100_n0200_b092,Plug-in PC,p0100_n0200,92
plug_in_pc_p0100_n0200_b093,Plug-in PC,p0100_n0200,93
plug_in_pc_p0100_n0200_b094,Plug-in PC,p0100_n0200,94
plug_in_pc_p0100_n0200_b095,Plug-in PC,p0100_n0200,95
plug_in_pc_p0100_n0200_b096,Plug-in PC,p0100_n0200,96
plug_in_pc_p0100_n0200_b097,Plug-in PC,p0100_n0200,97
plug_in_pc_p0100_n0200_b098,Plug-in PC,p0100_n0200,98
plug_in_pc_p0100_n0200_b099,Plug-in PC,p0100_n0200,99
plug_in_pc_p0100_n0200_b100,Plug-in PC,p0100_n0200,100
debiased_pc_p0100_n0400_b001,Debiased PC,p0100_n0400,1
debiased_pc_p0100_n0400_b002,Debiased PC,p0100_n0400,2
debiased_pc_p0100_n0400_b003,Debiased PC,p0100_n0400,3
debiased_pc_p0100_n0400_b004,Debiased PC,p0100_n0400,4
debiased_pc_p0100_n0400_b005,Debiased PC,p0100_n0400,5
debiased_pc_p0100_n0400_b006,Debiased PC,p0100_n0400,6
debiased_pc_p0100_n0400_b007,Debiased PC,p0100_n0400,7
debiased_pc_p0100_n0400_b008,Debiased PC,p0100_n0400,8
debiased_pc_p0100_n0400_b009,Debiased PC,p0100_n0400,9
debiased_pc_p0100_n0400_b010,Debiased PC,p0100_n0400,10
debiased_pc_p0100_n0400_b011,Debiased PC,p0100_n0400,11
debiased_pc_p0100_n0400_b012,Debiased PC,p0100_n0400,12
debiased_pc_p0100_n0400_b013,Debiased PC,p0100_n0400,13
debiased_pc_p0100_n0400_b014,Debiased PC,p0100_n0400,14
debiased_pc_p0100_n0400_b015,Debiased PC,p0100_n0400,15
debiased_pc_p0100_n0400_b016,Debiased PC,p0100_n0400,16
debiased_pc_p0100_n0400_b017,Debiased PC,p0100_n0400,17
debiased_pc_p0100_n0400_b018,Debiased PC,p0100_n0400,18
debiased_pc_p0100_n0400_b019,Debiased PC,p0100_n0400,19
debiased_pc_p0100_n0400_b020,Debiased PC,p0100_n0400,20
debiased_pc_p0100_n0400_b021,Debiased PC,p0100_n0400,21
debiased_pc_p0100_n0400_b022,Debiased PC,p0100_n0400,22
debiased_pc_p0100_n0400_b023,Debiased PC,p0100_n0400,23
debiased_pc_p0100_n0400_b024,Debiased PC,p0100_n0400,24
debiased_pc_p0100_n0400_b025,Debiased PC,p0100_n0400,25
debiased_pc_p0100_n0400_b026,Debiased PC,p0100_n0400,26
debiased_pc_p0100_n0400_b027,Debiased PC,p0100_n0400,27
debiased_pc_p0100_n0400_b028,Debiased PC,p0100_n0400,28
debiased_pc_p0100_n0400_b029,Debiased PC,p0100_n0400,29
debiased_pc_p0100_n0400_b030,Debiased PC,p0100_n0400,30
debiased_pc_p0100_n0400_b031,Debiased PC,p0100_n0400,31
debiased_pc_p0100_n0400_b032,Debiased PC,p0100_n0400,32
debiased_pc_p0100_n0400_b033,Debiased PC,p0100_n0400,33
debiased_pc_p0100_n0400_b034,Debiased PC,p0100_n0400,34
debiased_pc_p0100_n0400_b035,Debiased PC,p0100_n0400,35
debiased_pc_p0100_n0400_b036,Debiased PC,p0100_n0400,36
debiased_pc_p0100_n0400_b037,Debiased PC,p0100_n0400,37
debiased_pc_p0100_n0400_b038,Debiased PC,p0100_n0400,38
debiased_pc_p0100_n0400_b039,Debiased PC,p0100_n0400,39
debiased_pc_p0100_n0400_b040,Debiased PC,p0100_n0400,40
debiased_pc_p0100_n0400_b041,Debiased PC,p0100_n0400,41
debiased_pc_p0100_n0400_b042,Debiased PC,p0100_n0400,42
debiased_pc_p0100_n0400_b043,Debiased PC,p0100_n0400,43
debiased_pc_p0100_n0400_b044,Debiased PC,p0100_n0400,44
debiased_pc_p0100_n0400_b045,Debiased PC,p0100_n0400,45
debiased_pc_p0100_n0400_b046,Debiased PC,p0100_n0400,46
debiased_pc_p0100_n0400_b047,Debiased PC,p0100_n0400,47
debiased_pc_p0100_n0400_b048,Debiased PC,p0100_n0400,48
debiased_pc_p0100_n0400_b049,Debiased PC,p0100_n0400,49
debiased_pc_p0100_n0400_b050,Debiased PC,p0100_n0400,50
debiased_pc_p0100_n0400_b051,Debiased PC,p0100_n0400,51
debiased_pc_p0100_n0400_b052,Debiased PC,p0100_n0400,52
debiased_pc_p0100_n0400_b053,Debiased PC,p0100_n0400,53
debiased_pc_p0100_n0400_b054,Debiased PC,p0100_n0400,54
debiased_pc_p0100_n0400_b055,Debiased PC,p0100_n0400,55
debiased_pc_p0100_n0400_b056,Debiased PC,p0100_n0400,56
debiased_pc_p0100_n0400_b057,Debiased PC,p0100_n0400,57
debiased_pc_p0100_n0400_b058,Debiased PC,p0100_n0400,58
debiased_pc_p0100_n0400_b059,Debiased PC,p0100_n0400,59
debiased_pc_p0100_n0400_b060,Debiased PC,p0100_n0400,60
debiased_pc_p0100_n0400_b061,Debiased PC,p0100_n0400,61
debiased_pc_p0100_n0400_b062,Debiased PC,p0100_n0400,62
debiased_pc_p0100_n0400_b063,Debiased PC,p0100_n0400,63
debiased_pc_p0100_n0400_b064,Debiased PC,p0100_n0400,64
debiased_pc_p0100_n0400_b065,Debiased PC,p0100_n0400,65
debiased_pc_p0100_n0400_b066,Debiased PC,p0100_n0400,66
debiased_pc_p0100_n0400_b067,Debiased PC,p0100_n0400,67
debiased_pc_p0100_n0400_b068,Debiased PC,p0100_n0400,68
debiased_pc_p0100_n0400_b069,Debiased PC,p0100_n0400,69
debiased_pc_p0100_n0400_b070,Debiased PC,p0100_n0400,70
debiased_pc_p0100_n0400_b071,Debiased PC,p0100_n0400,71
debiased_pc_p0100_n0400_b072,Debiased PC,p0100_n0400,72
debiased_pc_p0100_n0400_b073,Debiased PC,p0100_n0400,73
debiased_pc_p0100_n0400_b074,Debiased PC,p0100_n0400,74
debiased_pc_p0100_n0400_b075,Debiased PC,p0100_n0400,75
debiased_pc_p0100_n0400_b076,Debiased PC,p0100_n0400,76
debiased_pc_p0100_n0400_b077,Debiased PC,p0100_n0400,77
debiased_pc_p0100_n0400_b078,Debiased PC,p0100_n0400,78
debiased_pc_p0100_n0400_b079,Debiased PC,p0100_n0400,79
debiased_pc_p0100_n0400_b080,Debiased PC,p0100_n0400,80
debiased_pc_p0100_n0400_b081,Debiased PC,p0100_n0400,81
debiased_pc_p0100_n0400_b082,Debiased PC,p0100_n0400,82
debiased_pc_p0100_n0400_b083,Debiased PC,p0100_n0400,83
debiased_pc_p0100_n0400_b084,Debiased PC,p0100_n0400,84
debiased_pc_p0100_n0400_b085,Debiased PC,p0100_n0400,85
debiased_pc_p0100_n0400_b086,Debiased PC,p0100_n0400,86
debiased_pc_p0100_n0400_b087,Debiased PC,p0100_n0400,87
debiased_pc_p0100_n0400_b088,Debiased PC,p0100_n0400,88
debiased_pc_p0100_n0400_b089,Debiased PC,p0100_n0400,89
debiased_pc_p0100_n0400_b090,Debiased PC,p0100_n0400,90
debiased_pc_p0100_n0400_b091,Debiased PC,p0100_n0400,91
debiased_pc_p0100_n0400_b092,Debiased PC,p0100_n0400,92
debiased_pc_p0100_n0400_b093,Debiased PC,p0100_n0400,93
debiased_pc_p0100_n0400_b094,Debiased PC,p0100_n0400,94
debiased_pc_p0100_n0400_b095,Debiased PC,p0100_n0400,95
debiased_pc_p0100_n0400_b096,Debiased PC,p0100_n0400,96
debiased_pc_p0100_n0400_b097,Debiased PC,p0100_n0400,97
debiased_pc_p0100_n0400_b098,Debiased PC,p0100_n0400,98
debiased_pc_p0100_n0400_b099,Debiased PC,p0100_n0400,99
debiased_pc_p0100_n0400_b100,Debiased PC,p0100_n0400,100
oracle_pc_p0100_n0400_b001,Oracle PC,p0100_n0400,1
oracle_pc_p0100_n0400_b002,Oracle PC,p0100_n0400,2
oracle_pc_p0100_n0400_b003,Oracle PC,p0100_n0400,3
oracle_pc_p0100_n0400_b004,Oracle PC,p0100_n0400,4
oracle_pc_p0100_n0400_b005,Oracle PC,p0100_n0400,5
oracle_pc_p0100_n0400_b006,Oracle PC,p0100_n0400,6
oracle_pc_p0100_n0400_b007,Oracle PC,p0100_n0400,7
oracle_pc_p0100_n0400_b008,Oracle PC,p0100_n0400,8
oracle_pc_p0100_n0400_b009,Oracle PC,p0100_n0400,9
oracle_pc_p0100_n0400_b010,Oracle PC,p0100_n0400,10
oracle_pc_p0100_n0400_b011,Oracle PC,p0100_n0400,11
oracle_pc_p0100_n0400_b012,Oracle PC,p0100_n0400,12
oracle_pc_p0100_n0400_b013,Oracle PC,p0100_n0400,13
oracle_pc_p0100_n0400_b014,Oracle PC,p0100_n0400,14
oracle_pc_p0100_n0400_b015,Oracle PC,p0100_n0400,15
oracle_pc_p0100_n0400_b016,Oracle PC,p0100_n0400,16
oracle_pc_p0100_n0400_b017,Oracle PC,p0100_n0400,17
oracle_pc_p0100_n0400_b018,Oracle PC,p0100_n0400,18
oracle_pc_p0100_n0400_b019,Oracle PC,p0100_n0400,19
oracle_pc_p0100_n0400_b020,Oracle PC,p0100_n0400,20
oracle_pc_p0100_n0400_b021,Oracle PC,p0100_n0400,21
oracle_pc_p0100_n0400_b022,Oracle PC,p0100_n0400,22
oracle_pc_p0100_n0400_b023,Oracle PC,p0100_n0400,23
oracle_pc_p0100_n0400_b024,Oracle PC,p0100_n0400,24
oracle_pc_p0100_n0400_b025,Oracle PC,p0100_n0400,25
oracle_pc_p0100_n0400_b026,Oracle PC,p0100_n0400,26
oracle_pc_p0100_n0400_b027,Oracle PC,p0100_n0400,27
oracle_pc_p0100_n0400_b028,Oracle PC,p0100_n0400,28
oracle_pc_p0100_n0400_b029,Oracle PC,p0100_n0400,29
oracle_pc_p0100_n0400_b030,Oracle PC,p0100_n0400,30
oracle_pc_p0100_n0400_b031,Oracle PC,p0100_n0400,31
oracle_pc_p0100_n0400_b032,Oracle PC,p0100_n0400,32
oracle_pc_p0100_n0400_b033,Oracle PC,p0100_n0400,33
oracle_pc_p0100_n0400_b034,Oracle PC,p0100_n0400,34
oracle_pc_p0100_n0400_b035,Oracle PC,p0100_n0400,35
oracle_pc_p0100_n0400_b036,Oracle PC,p0100_n0400,36
oracle_pc_p0100_n0400_b037,Oracle PC,p0100_n0400,37
oracle_pc_p0100_n0400_b038,Oracle PC,p0100_n0400,38
oracle_pc_p0100_n0400_b039,Oracle PC,p0100_n0400,39
oracle_pc_p0100_n0400_b040,Oracle PC,p0100_n0400,40
oracle_pc_p0100_n0400_b041,Oracle PC,p0100_n0400,41
oracle_pc_p0100_n0400_b042,Oracle PC,p0100_n0400,42
oracle_pc_p0100_n0400_b043,Oracle PC,p0100_n0400,43
oracle_pc_p0100_n0400_b044,Oracle PC,p0100_n0400,44
oracle_pc_p0100_n0400_b045,Oracle PC,p0100_n0400,45
oracle_pc_p0100_n0400_b046,Oracle PC,p0100_n0400,46
oracle_pc_p0100_n0400_b047,Oracle PC,p0100_n0400,47
oracle_pc_p0100_n0400_b048,Oracle PC,p0100_n0400,48
oracle_pc_p0100_n0400_b049,Oracle PC,p0100_n0400,49
oracle_pc_p0100_n0400_b050,Oracle PC,p0100_n0400,50
oracle_pc_p0100_n0400_b051,Oracle PC,p0100_n0400,51
oracle_pc_p0100_n0400_b052,Oracle PC,p0100_n0400,52
oracle_pc_p0100_n0400_b053,Oracle PC,p0100_n0400,53
oracle_pc_p0100_n0400_b054,Oracle PC,p0100_n0400,54
oracle_pc_p0100_n0400_b055,Oracle PC,p0100_n0400,55
oracle_pc_p0100_n0400_b056,Oracle PC,p0100_n0400,56
oracle_pc_p0100_n0400_b057,Oracle PC,p0100_n0400,57
oracle_pc_p0100_n0400_b058,Oracle PC,p0100_n0400,58
oracle_pc_p0100_n0400_b059,Oracle PC,p0100_n0400,59
oracle_pc_p0100_n0400_b060,Oracle PC,p0100_n0400,60
oracle_pc_p0100_n0400_b061,Oracle PC,p0100_n0400,61
oracle_pc_p0100_n0400_b062,Oracle PC,p0100_n0400,62
oracle_pc_p0100_n0400_b063,Oracle PC,p0100_n0400,63
oracle_pc_p0100_n0400_b064,Oracle PC,p0100_n0400,64
oracle_pc_p0100_n0400_b065,Oracle PC,p0100_n0400,65
oracle_pc_p0100_n0400_b066,Oracle PC,p0100_n0400,66
oracle_pc_p0100_n0400_b067,Oracle PC,p0100_n0400,67
oracle_pc_p0100_n0400_b068,Oracle PC,p0100_n0400,68
oracle_pc_p0100_n0400_b069,Oracle PC,p0100_n0400,69
oracle_pc_p0100_n0400_b070,Oracle PC,p0100_n0400,70
oracle_pc_p0100_n0400_b071,Oracle PC,p0100_n0400,71
oracle_pc_p0100_n0400_b072,Oracle PC,p0100_n0400,72
oracle_pc_p0100_n0400_b073,Oracle PC,p0100_n0400,73
oracle_pc_p0100_n0400_b074,Oracle PC,p0100_n0400,74
oracle_pc_p0100_n0400_b075,Oracle PC,p0100_n0400,75
oracle_pc_p0100_n0400_b076,Oracle PC,p0100_n0400,76
oracle_pc_p0100_n0400_b077,Oracle PC,p0100_n0400,77
oracle_pc_p0100_n0400_b078,Oracle PC,p0100_n0400,78
oracle_pc_p0100_n0400_b079,Oracle PC,p0100_n0400,79
oracle_pc_p0100_n0400_b080,Oracle PC,p0100_n0400,80
oracle_pc_p0100_n0400_b081,Oracle PC,p0100_n0400,81
oracle_pc_p0100_n0400_b082,Oracle PC,p0100_n0400,82
oracle_pc_p0100_n0400_b083,Oracle PC,p0100_n0400,83
oracle_pc_p0100_n0400_b084,Oracle PC,p0100_n0400,84
oracle_pc_p0100_n0400_b085,Oracle PC,p0100_n0400,85
oracle_pc_p0100_n0400_b086,Oracle PC,p0100_n0400,86
oracle_pc_p0100_n0400_b087,Oracle PC,p0100_n0400,87
oracle_pc_p0100_n0400_b088,Oracle PC,p0100_n0400,88
oracle_pc_p0100_n0400_b089,Oracle PC,p0100_n0400,89
oracle_pc_p0100_n0400_b090,Oracle PC,p0100_n0400,90
oracle_pc_p0100_n0400_b091,Oracle PC,p0100_n0400,91
oracle_pc_p0100_n0400_b092,Oracle PC,p0100_n0400,92
oracle_pc_p0100_n0400_b093,Oracle PC,p0100_n0400,93
oracle_pc_p0100_n0400_b094,Oracle PC,p0100_n0400,94
oracle_pc_p0100_n0400_b095,Oracle PC,p0100_n0400,95
oracle_pc_p0100_n0400_b096,Oracle PC,p0100_n0400,96
oracle_pc_p0100_n0400_b097,Oracle PC,p0100_n0400,97
oracle_pc_p0100_n0400_b098,Oracle PC,p0100_n0400,98
oracle_pc_p0100_n0400_b099,Oracle PC,p0100_n0400,99
oracle_pc_p0100_n0400_b100,Oracle PC,p0100_n0400,100
plug_in_pc_p0100_n0400_b001,Plug-in PC,p0100_n0400,1
plug_in_pc_p0100_n0400_b002,Plug-in PC,p0100_n0400,2
plug_in_pc_p0100_n0400_b003,Plug-in PC,p0100_n0400,3
plug_in_pc_p0100_n0400_b004,Plug-in PC,p0100_n0400,4
plug_in_pc_p0100_n0400_b005,Plug-in PC,p0100_n0400,5
plug_in_pc_p0100_n0400_b006,Plug-in PC,p0100_n0400,6
plug_in_pc_p0100_n0400_b007,Plug-in PC,p0100_n0400,7
plug_in_pc_p0100_n0400_b008,Plug-in PC,p0100_n0400,8
plug_in_pc_p0100_n0400_b009,Plug-in PC,p0100_n0400,9
plug_in_pc_p0100_n0400_b010,Plug-in PC,p0100_n0400,10
plug_in_pc_p0100_n0400_b011,Plug-in PC,p0100_n0400,11
plug_in_pc_p0100_n0400_b012,Plug-in PC,p0100_n0400,12
plug_in_pc_p0100_n0400_b013,Plug-in PC,p0100_n0400,13
plug_in_pc_p0100_n0400_b014,Plug-in PC,p0100_n0400,14
plug_in_pc_p0100_n0400_b015,Plug-in PC,p0100_n0400,15
plug_in_pc_p0100_n0400_b016,Plug-in PC,p0100_n0400,16
plug_in_pc_p0100_n0400_b017,Plug-in PC,p0100_n0400,17
plug_in_pc_p0100_n0400_b018,Plug-in PC,p0100_n0400,18
plug_in_pc_p0100_n0400_b019,Plug-in PC,p0100_n0400,19
plug_in_pc_p0100_n0400_b020,Plug-in PC,p0100_n0400,20
plug_in_pc_p0100_n0400_b021,Plug-in PC,p0100_n0400,21
plug_in_pc_p0100_n0400_b022,Plug-in PC,p0100_n0400,22
plug_in_pc_p0100_n0400_b023,Plug-in PC,p0100_n0400,23
plug_in_pc_p0100_n0400_b024,Plug-in PC,p0100_n0400,24
plug_in_pc_p0100_n0400_b025,Plug-in PC,p0100_n0400,25
plug_in_pc_p0100_n0400_b026,Plug-in PC,p0100_n0400,26
plug_in_pc_p0100_n0400_b027,Plug-in PC,p0100_n0400,27
plug_in_pc_p0100_n0400_b028,Plug-in PC,p0100_n0400,28
plug_in_pc_p0100_n0400_b029,Plug-in PC,p0100_n0400,29
plug_in_pc_p0100_n0400_b030,Plug-in PC,p0100_n0400,30
plug_in_pc_p0100_n0400_b031,Plug-in PC,p0100_n0400,31
plug_in_pc_p0100_n0400_b032,Plug-in PC,p0100_n0400,32
plug_in_pc_p0100_n0400_b033,Plug-in PC,p0100_n0400,33
plug_in_pc_p0100_n0400_b034,Plug-in PC,p0100_n0400,34
plug_in_pc_p0100_n0400_b035,Plug-in PC,p0100_n0400,35
plug_in_pc_p0100_n0400_b036,Plug-in PC,p0100_n0400,36
plug_in_pc_p0100_n0400_b037,Plug-in PC,p0100_n0400,37
plug_in_pc_p0100_n0400_b038,Plug-in PC,p0100_n0400,38
plug_in_pc_p0100_n0400_b039,Plug-in PC,p0100_n0400,39
plug_in_pc_p0100_n0400_b040,Plug-in PC,p0100_n0400,40
plug_in_pc_p0100_n0400_b041,Plug-in PC,p0100_n0400,41
plug_in_pc_p0100_n0400_b042,Plug-in PC,p0100_n0400,42
plug_in_pc_p0100_n0400_b043,Plug-in PC,p0100_n0400,43
plug_in_pc_p0100_n0400_b044,Plug-in PC,p0100_n0400,44
plug_in_pc_p0100_n0400_b045,Plug-in PC,p0100_n0400,45
plug_in_pc_p0100_n0400_b046,Plug-in PC,p0100_n0400,46
plug_in_pc_p0100_n0400_b047,Plug-in PC,p0100_n0400,47
plug_in_pc_p0100_n0400_b048,Plug-in PC,p0100_n0400,48
plug_in_pc_p0100_n0400_b049,Plug-in PC,p0100_n0400,49
plug_in_pc_p0100_n0400_b050,Plug-in PC,p0100_n0400,50
plug_in_pc_p0100_n0400_b051,Plug-in PC,p0100_n0400,51
plug_in_pc_p0100_n0400_b052,Plug-in PC,p0100_n0400,52
plug_in_pc_p0100_n0400_b053,Plug-in PC,p0100_n0400,53
plug_in_pc_p0100_n0400_b054,Plug-in PC,p0100_n0400,54
plug_in_pc_p0100_n0400_b055,Plug-in PC,p0100_n0400,55
plug_in_pc_p0100_n0400_b056,Plug-in PC,p0100_n0400,56
plug_in_pc_p0100_n0400_b057,Plug-in PC,p0100_n0400,57
plug_in_pc_p0100_n0400_b058,Plug-in PC,p0100_n0400,58
plug_in_pc_p0100_n0400_b059,Plug-in PC,p0100_n0400,59
plug_in_pc_p0100_n0400_b060,Plug-in PC,p0100_n0400,60
plug_in_pc_p0100_n0400_b061,Plug-in PC,p0100_n0400,61
plug_in_pc_p0100_n0400_b062,Plug-in PC,p0100_n0400,62
plug_in_pc_p0100_n0400_b063,Plug-in PC,p0100_n0400,63
plug_in_pc_p0100_n0400_b064,Plug-in PC,p0100_n0400,64
plug_in_pc_p0100_n0400_b065,Plug-in PC,p0100_n0400,65
plug_in_pc_p0100_n0400_b066,Plug-in PC,p0100_n0400,66
plug_in_pc_p0100_n0400_b067,Plug-in PC,p0100_n0400,67
plug_in_pc_p0100_n0400_b068,Plug-in PC,p0100_n0400,68
plug_in_pc_p0100_n0400_b069,Plug-in PC,p0100_n0400,69
plug_in_pc_p0100_n0400_b070,Plug-in PC,p0100_n0400,70
plug_in_pc_p0100_n0400_b071,Plug-in PC,p0100_n0400,71
plug_in_pc_p0100_n0400_b072,Plug-in PC,p0100_n0400,72
plug_in_pc_p0100_n0400_b073,Plug-in PC,p0100_n0400,73
plug_in_pc_p0100_n0400_b074,Plug-in PC,p0100_n0400,74
plug_in_pc_p0100_n0400_b075,Plug-in PC,p0100_n0400,75
plug_in_pc_p0100_n0400_b076,Plug-in PC,p0100_n0400,76
plug_in_pc_p0100_n0400_b077,Plug-in PC,p0100_n0400,77
plug_in_pc_p0100_n0400_b078,Plug-in PC,p0100_n0400,78
plug_in_pc_p0100_n0400_b079,Plug-in PC,p0100_n0400,79
plug_in_pc_p0100_n0400_b080,Plug-in PC,p0100_n0400,80
plug_in_pc_p0100_n0400_b081,Plug-in PC,p0100_n0400,81
plug_in_pc_p0100_n0400_b082,Plug-in PC,p0100_n0400,82
plug_in_pc_p0100_n0400_b083,Plug-in PC,p0100_n0400,83
plug_in_pc_p0100_n0400_b084,Plug-in PC,p0100_n0400,84
plug_in_pc_p0100_n0400_b085,Plug-in PC,p0100_n0400,85
plug_in_pc_p0100_n0400_b086,Plug-in PC,p0100_n0400,86
plug_in_pc_p0100_n0400_b087,Plug-in PC,p0100_n0400,87
plug_in_pc_p0100_n0400_b088,Plug-in PC,p0100_n0400,88
plug_in_pc_p0100_n0400_b089,Plug-in PC,p0100_n0400,89
plug_in_pc_p0100_n0400_b090,Plug-in PC,p0100_n0400,90
plug_in_pc_p0100_n0400_b091,Plug-in PC,p0100_n0400,91
plug_in_pc_p0100_n0400_b092,Plug-in PC,p0100_n0400,92
plug_in_pc_p0100_n0400_b093,Plug-in PC,p0100_n0400,93
plug_in_pc_p0100_n0400_b094,Plug-in PC,p0100_n0400,94
plug_in_pc_p0100_n0400_b095,Plug-in PC,p0100_n0400,95
plug_in_pc_p0100_n0400_b096,Plug-in PC,p0100_n0400,96
plug_in_pc_p0100_n0400_b097,Plug-in PC,p0100_n0400,97
plug_in_pc_p0100_n0400_b098,Plug-in PC,p0100_n0400,98
plug_in_pc_p0100_n0400_b099,Plug-in PC,p0100_n0400,99
plug_in_pc_p0100_n0400_b100,Plug-in PC,p0100_n0400,100
debiased_pc_p0100_n0600_b001,Debiased PC,p0100_n0600,1
debiased_pc_p0100_n0600_b002,Debiased PC,p0100_n0600,2
debiased_pc_p0100_n0600_b003,Debiased PC,p0100_n0600,3
debiased_pc_p0100_n0600_b004,Debiased PC,p0100_n0600,4
debiased_pc_p0100_n0600_b005,Debiased PC,p0100_n0600,5
debiased_pc_p0100_n0600_b006,Debiased PC,p0100_n0600,6
debiased_pc_p0100_n0600_b007,Debiased PC,p0100_n0600,7
debiased_pc_p0100_n0600_b008,Debiased PC,p0100_n0600,8
debiased_pc_p0100_n0600_b009,Debiased PC,p0100_n0600,9
debiased_pc_p0100_n0600_b010,Debiased PC,p0100_n0600,10
debiased_pc_p0100_n0600_b011,Debiased PC,p0100_n0600,11
debiased_pc_p0100_n0600_b012,Debiased PC,p0100_n0600,12
debiased_pc_p0100_n0600_b013,Debiased PC,p0100_n0600,13
debiased_pc_p0100_n0600_b014,Debiased PC,p0100_n0600,14
debiased_pc_p0100_n0600_b015,Debiased PC,p0100_n0600,15
debiased_pc_p0100_n0600_b016,Debiased PC,p0100_n0600,16
debiased_pc_p0100_n0600_b017,Debiased PC,p0100_n0600,17
debiased_pc_p0100_n0600_b018,Debiased PC,p0100_n0600,18
debiased_pc_p0100_n0600_b019,Debiased PC,p0100_n0600,19
debiased_pc_p0100_n0600_b020,Debiased PC,p0100_n0600,20
debiased_pc_p0100_n0600_b021,Debiased PC,p0100_n0600,21
debiased_pc_p0100_n0600_b022,Debiased PC,p0100_n0600,22
debiased_pc_p0100_n0600_b023,Debiased PC,p0100_n0600,23
debiased_pc_p0100_n0600_b024,Debiased PC,p0100_n0600,24
debiased_pc_p0100_n0600_b025,Debiased PC,p0100_n0600,25
debiased_pc_p0100_n0600_b026,Debiased PC,p0100_n0600,26
debiased_pc_p0100_n0600_b027,Debiased PC,p0100_n0600,27
debiased_pc_p0100_n0600_b028,Debiased PC,p0100_n0600,28
debiased_pc_p0100_n0600_b029,Debiased PC,p0100_n0600,29
debiased_pc_p0100_n0600_b030,Debiased PC,p0100_n0600,30
debiased_pc_p0100_n0600_b031,Debiased PC,p0100_n0600,31
debiased_pc_p0100_n0600_b032,Debiased PC,p0100_n0600,32
debiased_pc_p0100_n0600_b033,Debiased PC,p0100_n0600,33
debiased_pc_p0100_n0600_b034,Debiased PC,p0100_n0600,34
debiased_pc_p0100_n0600_b035,Debiased PC,p0100_n0600,35
debiased_pc_p0100_n0600_b036,Debiased PC,p0100_n0600,36
debiased_pc_p0100_n0600_b037,Debiased PC,p0100_n0600,37
debiased_pc_p0100_n0600_b038,Debiased PC,p0100_n0600,38
debiased_pc_p0100_n0600_b039,Debiased PC,p0100_n0600,39
debiased_pc_p0100_n0600_b040,Debiased PC,p0100_n0600,40
debiased_pc_p0100_n0600_b041,Debiased PC,p0100_n0600,41
debiased_pc_p0100_n0600_b042,Debiased PC,p0100_n0600,42
debiased_pc_p0100_n0600_b043,Debiased PC,p0100_n0600,43
debiased_pc_p0100_n0600_b044,Debiased PC,p0100_n0600,44
debiased_pc_p0100_n0600_b045,Debiased PC,p0100_n0600,45
debiased_pc_p0100_n0600_b046,Debiased PC,p0100_n0600,46
debiased_pc_p0100_n0600_b047,Debiased PC,p0100_n0600,47
debiased_pc_p0100_n0600_b048,Debiased PC,p0100_n0600,48
debiased_pc_p0100_n0600_b049,Debiased PC,p0100_n0600,49
debiased_pc_p0100_n0600_b050,Debiased PC,p0100_n0600,50
debiased_pc_p0100_n0600_b051,Debiased PC,p0100_n0600,51
debiased_pc_p0100_n0600_b052,Debiased PC,p0100_n0600,52
debiased_pc_p0100_n0600_b053,Debiased PC,p0100_n0600,53
debiased_pc_p0100_n0600_b054,Debiased PC,p0100_n0600,54
debiased_pc_p0100_n0600_b055,Debiased PC,p0100_n0600,55
debiased_pc_p0100_n0600_b056,Debiased PC,p0100_n0600,56
debiased_pc_p0100_n0600_b057,Debiased PC,p0100_n0600,57
debiased_pc_p0100_n0600_b058,Debiased PC,p0100_n0600,58
debiased_pc_p0100_n0600_b059,Debiased PC,p0100_n0600,59
debiased_pc_p0100_n0600_b060,Debiased PC,p0100_n0600,60
debiased_pc_p0100_n0600_b061,Debiased PC,p0100_n0600,61
debiased_pc_p0100_n0600_b062,Debiased PC,p0100_n0600,62
debiased_pc_p0100_n0600_b063,Debiased PC,p0100_n0600,63
debiased_pc_p0100_n0600_b064,Debiased PC,p0100_n0600,64
debiased_pc_p0100_n0600_b065,Debiased PC,p0100_n0600,65
debiased_pc_p0100_n0600_b066,Debiased PC,p0100_n0600,66
debiased_pc_p0100_n0600_b067,Debiased PC,p0100_n0600,67
debiased_pc_p0100_n0600_b068,Debiased PC,p0100_n0600,68
debiased_pc_p0100_n0600_b069,Debiased PC,p0100_n0600,69
debiased_pc_p0100_n0600_b070,Debiased PC,p0100_n0600,70
debiased_pc_p0100_n0600_b071,Debiased PC,p0100_n0600,71
debiased_pc_p0100_n0600_b072,Debiased PC,p0100_n0600,72
debiased_pc_p0100_n0600_b073,Debiased PC,p0100_n0600,73
debiased_pc_p0100_n0600_b074,Debiased PC,p0100_n0600,74
debiased_pc_p0100_n0600_b075,Debiased PC,p0100_n0600,75
debiased_pc_p0100_n0600_b076,Debiased PC,p0100_n0600,76
debiased_pc_p0100_n0600_b077,Debiased PC,p0100_n0600,77
debiased_pc_p0100_n0600_b078,Debiased PC,p0100_n0600,78
debiased_pc_p0100_n0600_b079,Debiased PC,p0100_n0600,79
debiased_pc_p0100_n0600_b080,Debiased PC,p0100_n0600,80
debiased_pc_p0100_n0600_b081,Debiased PC,p0100_n0600,81
debiased_pc_p0100_n0600_b082,Debiased PC,p0100_n0600,82
debiased_pc_p0100_n0600_b083,Debiased PC,p0100_n0600,83
debiased_pc_p0100_n0600_b084,Debiased PC,p0100_n0600,84
debiased_pc_p0100_n0600_b085,Debiased PC,p0100_n0600,85
debiased_pc_p0100_n0600_b086,Debiased PC,p0100_n0600,86
debiased_pc_p0100_n0600_b087,Debiased PC,p0100_n0600,87
debiased_pc_p0100_n0600_b088,Debiased PC,p0100_n0600,88
debiased_pc_p0100_n0600_b089,Debiased PC,p0100_n0600,89
debiased_pc_p0100_n0600_b090,Debiased PC,p0100_n0600,90
debiased_pc_p0100_n0600_b091,Debiased PC,p0100_n0600,91
debiased_pc_p0100_n0600_b092,Debiased PC,p0100_n0600,92
debiased_pc_p0100_n0600_b093,Debiased PC,p0100_n0600,93
debiased_pc_p0100_n0600_b094,Debiased PC,p0100_n0600,94
debiased_pc_p0100_n0600_b095,Debiased PC,p0100_n0600,95
debiased_pc_p0100_n0600_b096,Debiased PC,p0100_n0600,96
debiased_pc_p0100_n0600_b097,Debiased PC,p0100_n0600,97
debiased_pc_p0100_n0600_b098,Debiased PC,p0100_n0600,98
debiased_pc_p0100_n0600_b099,Debiased PC,p0100_n0600,99
debiased_pc_p0100_n0600_b100,Debiased PC,p0100_n0600,100
oracle_pc_p0100_n0600_b001,Oracle PC,p0100_n0600,1
oracle_pc_p0100_n0600_b002,Oracle PC,p0100_n0600,2
oracle_pc_p0100_n0600_b003,Oracle PC,p0100_n0600,3
oracle_pc_p0100_n0600_b004,Oracle PC,p0100_n0600,4
oracle_pc_p0100_n0600_b005,Oracle PC,p0100_n0600,5
oracle_pc_p0100_n0600_b006,Oracle PC,p0100_n0600,6
oracle_pc_p0100_n0600_b007,Oracle PC,p0100_n0600,7
oracle_pc_p0100_n0600_b008,Oracle PC,p0100_n0600,8
oracle_pc_p0100_n0600_b009,Oracle PC,p0100_n0600,9
oracle_pc_p0100_n0600_b010,Oracle PC,p0100_n0600,10
oracle_pc_p0100_n0600_b011,Oracle PC,p0100_n0600,11
oracle_pc_p0100_n0600_b012,Oracle PC,p0100_n0600,12
oracle_pc_p0100_n0600_b013,Oracle PC,p0100_n0600,13
oracle_pc_p0100_n0600_b014,Oracle PC,p0100_n0600,14
oracle_pc_p0100_n0600_b015,Oracle PC,p0100_n0600,15
oracle_pc_p0100_n0600_b016,Oracle PC,p0100_n0600,16
oracle_pc_p0100_n0600_b017,Oracle PC,p0100_n0600,17
oracle_pc_p0100_n0600_b018,Oracle PC,p0100_n0600,18
oracle_pc_p0100_n0600_b019,Oracle PC,p0100_n0600,19
oracle_pc_p0100_n0600_b020,Oracle PC,p0100_n0600,20
oracle_pc_p0100_n0600_b021,Oracle PC,p0100_n0600,21
oracle_pc_p0100_n0600_b022,Oracle PC,p0100_n0600,22
oracle_pc_p0100_n0600_b023,Oracle PC,p0100_n0600,23
oracle_pc_p0100_n0600_b024,Oracle PC,p0100_n0600,24
oracle_pc_p0100_n0600_b025,Oracle PC,p0100_n0600,25
oracle_pc_p0100_n0600_b026,Oracle PC,p0100_n0600,26
oracle_pc_p0100_n0600_b027,Oracle PC,p0100_n0600,27
oracle_pc_p0100_n0600_b028,Oracle PC,p0100_n0600,28
oracle_pc_p0100_n0600_b029,Oracle PC,p0100_n0600,29
oracle_pc_p0100_n0600_b030,Oracle PC,p0100_n0600,30
oracle_pc_p0100_n0600_b031,Oracle PC,p0100_n0600,31
oracle_pc_p0100_n0600_b032,Oracle PC,p0100_n0600,32
oracle_pc_p0100_n0600_b033,Oracle PC,p0100_n0600,33
oracle_pc_p0100_n0600_b034,Oracle PC,p0100_n0600,34
oracle_pc_p0100_n0600_b035,Oracle PC,p0100_n0600,35
oracle_pc_p0100_n0600_b036,Oracle PC,p0100_n0600,36
oracle_pc_p0100_n0600_b037,Oracle PC,p0100_n0600,37
oracle_pc_p0100_n0600_b038,Oracle PC,p0100_n0600,38
oracle_pc_p0100_n0600_b039,Oracle PC,p0100_n0600,39
oracle_pc_p0100_n0600_b040,Oracle PC,p0100_n0600,40
oracle_pc_p0100_n0600_b041,Oracle PC,p0100_n0600,41
oracle_pc_p0100_n0600_b042,Oracle PC,p0100_n0600,42
oracle_pc_p0100_n0600_b043,Oracle PC,p0100_n0600,43
oracle_pc_p0100_n0600_b044,Oracle PC,p0100_n0600,44
oracle_pc_p0100_n0600_b045,Oracle PC,p0100_n0600,45
oracle_pc_p0100_n0600_b046,Oracle PC,p0100_n0600,46
oracle_pc_p0100_n0600_b047,Oracle PC,p0100_n0600,47
oracle_pc_p0100_n0600_b048,Oracle PC,p0100_n0600,48
oracle_pc_p0100_n0600_b049,Oracle PC,p0100_n0600,49
oracle_pc_p0100_n0600_b050,Oracle PC,p0100_n0600,50
oracle_pc_p0100_n0600_b051,Oracle PC,p0100_n0600,51
oracle_pc_p0100_n0600_b052,Oracle PC,p0100_n0600,52
oracle_pc_p0100_n0600_b053,Oracle PC,p0100_n0600,53
oracle_pc_p0100_n0600_b054,Oracle PC,p0100_n0600,54
oracle_pc_p0100_n0600_b055,Oracle PC,p0100_n0600,55
oracle_pc_p0100_n0600_b056,Oracle PC,p0100_n0600,56
oracle_pc_p0100_n0600_b057,Oracle PC,p0100_n0600,57
oracle_pc_p0100_n0600_b058,Oracle PC,p0100_n0600,58
oracle_pc_p0100_n0600_b059,Oracle PC,p0100_n0600,59
oracle_pc_p0100_n0600_b060,Oracle PC,p0100_n0600,60
oracle_pc_p0100_n0600_b061,Oracle PC,p0100_n0600,61
oracle_pc_p0100_n0600_b062,Oracle PC,p0100_n0600,62
oracle_pc_p0100_n0600_b063,Oracle PC,p0100_n0600,63
oracle_pc_p0100_n0600_b064,Oracle PC,p0100_n0600,64
oracle_pc_p0100_n0600_b065,Oracle PC,p0100_n0600,65
oracle_pc_p0100_n0600_b066,Oracle PC,p0100_n0600,66
oracle_pc_p0100_n0600_b067,Oracle PC,p0100_n0600,67
oracle_pc_p0100_n0600_b068,Oracle PC,p0100_n0600,68
oracle_pc_p0100_n0600_b069,Oracle PC,p0100_n0600,69
oracle_pc_p0100_n0600_b070,Oracle PC,p0100_n0600,70
oracle_pc_p0100_n0600_b071,Oracle PC,p0100_n0600,71
oracle_pc_p0100_n0600_b072,Oracle PC,p0100_n0600,72
oracle_pc_p0100_n0600_b073,Oracle PC,p0100_n0600,73
oracle_pc_p0100_n0600_b074,Oracle PC,p0100_n0600,74
oracle_pc_p0100_n0600_b075,Oracle PC,p0100_n0600,75
oracle_pc_p0100_n0600_b076,Oracle PC,p0100_n0600,76
oracle_pc_p0100_n0600_b077,Oracle PC,p0100_n0600,77
oracle_pc_p0100_n0600_b078,Oracle PC,p0100_n0600,78
oracle_pc_p0100_n0600_b079,Oracle PC,p0100_n0600,79
oracle_pc_p0100_n0600_b080,Oracle PC,p0100_n0600,80
oracle_pc_p0100_n0600_b081,Oracle PC,p0100_n0600,81
oracle_pc_p0100_n0600_b082,Oracle PC,p0100_n0600,82
oracle_pc_p0100_n0600_b083,Oracle PC,p0100_n0600,83
oracle_pc_p0100_n0600_b084,Oracle PC,p0100_n0600,84
oracle_pc_p0100_n0600_b085,Oracle PC,p0100_n0600,85
oracle_pc_p0100_n0600_b086,Oracle PC,p0100_n0600,86
oracle_pc_p0100_n0600_b087,Oracle PC,p0100_n0600,87
oracle_pc_p0100_n0600_b088,Oracle PC,p0100_n0600,88
oracle_pc_p0100_n0600_b089,Oracle PC,p0100_n0600,89
oracle_pc_p0100_n0600_b090,Oracle PC,p0100_n0600,90
oracle_pc_p0100_n0600_b091,Oracle PC,p0100_n0600,91
oracle_pc_p0100_n0600_b092,Oracle PC,p0100_n0600,92
oracle_pc_p0100_n0600_b093,Oracle PC,p0100_n0600,93
oracle_pc_p0100_n0600_b094,Oracle PC,p0100_n0600,94
oracle_pc_p0100_n0600_b095,Oracle PC,p0100_n0600,95
oracle_pc_p0100_n0600_b096,Oracle PC,p0100_n0600,96
oracle_pc_p0100_n0600_b097,Oracle PC,p0100_n0600,97
oracle_pc_p0100_n0600_b098,Oracle PC,p0100_n0600,98
oracle_pc_p0100_n0600_b099,Oracle PC,p0100_n0600,99
oracle_pc_p0100_n0600_b100,Oracle PC,p0100_n0600,100
plug_in_pc_p0100_n0600_b001,Plug-in PC,p0100_n0600,1
plug_in_pc_p0100_n0600_b002,Plug-in PC,p0100_n0600,2
plug_in_pc_p0100_n0600_b003,Plug-in PC,p0100_n0600,3
plug_in_pc_p0100_n0600_b004,Plug-in PC,p0100_n0600,4
plug_in_pc_p0100_n0600_b005,Plug-in PC,p0100_n0600,5
plug_in_pc_p0100_n0600_b006,Plug-in PC,p0100_n0600,6
plug_in_pc_p0100_n0600_b007,Plug-in PC,p0100_n0600,7
plug_in_pc_p0100_n0600_b008,Plug-in PC,p0100_n0600,8
plug_in_pc_p0100_n0600_b009,Plug-in PC,p0100_n0600,9
plug_in_pc_p0100_n0600_b010,Plug-in PC,p0100_n0600,10
plug_in_pc_p0100_n0600_b011,Plug-in PC,p0100_n0600,11
plug_in_pc_p0100_n0600_b012,Plug-in PC,p0100_n0600,12
plug_in_pc_p0100_n0600_b013,Plug-in PC,p0100_n0600,13
plug_in_pc_p0100_n0600_b014,Plug-in PC,p0100_n0600,14
plug_in_pc_p0100_n0600_b015,Plug-in PC,p0100_n0600,15
plug_in_pc_p0100_n0600_b016,Plug-in PC,p0100_n0600,16
plug_in_pc_p0100_n0600_b017,Plug-in PC,p0100_n0600,17
plug_in_pc_p0100_n0600_b018,Plug-in PC,p0100_n0600,18
plug_in_pc_p0100_n0600_b019,Plug-in PC,p0100_n0600,19
plug_in_pc_p0100_n0600_b020,Plug-in PC,p0100_n0600,20
plug_in_pc_p0100_n0600_b021,Plug-in PC,p0100_n0600,21
plug_in_pc_p0100_n0600_b022,Plug-in PC,p0100_n0600,22
plug_in_pc_p0100_n0600_b023,Plug-in PC,p0100_n0600,23
plug_in_pc_p0100_n0600_b024,Plug-in PC,p0100_n0600,24
plug_in_pc_p0100_n0600_b025,Plug-in PC,p0100_n0600,25
plug_in_pc_p0100_n0600_b026,Plug-in PC,p0100_n0600,26
plug_in_pc_p0100_n0600_b027,Plug-in PC,p0100_n0600,27
plug_in_pc_p0100_n0600_b028,Plug-in PC,p0100_n0600,28
plug_in_pc_p0100_n0600_b029,Plug-in PC,p0100_n0600,29
plug_in_pc_p0100_n0600_b030,Plug-in PC,p0100_n0600,30
plug_in_pc_p0100_n0600_b031,Plug-in PC,p0100_n0600,31
plug_in_pc_p0100_n0600_b032,Plug-in PC,p0100_n0600,32
plug_in_pc_p0100_n0600_b033,Plug-in PC,p0100_n0600,33
plug_in_pc_p0100_n0600_b034,Plug-in PC,p0100_n0600,34
plug_in_pc_p0100_n0600_b035,Plug-in PC,p0100_n0600,35
plug_in_pc_p0100_n0600_b036,Plug-in PC,p0100_n0600,36
plug_in_pc_p0100_n0600_b037,Plug-in PC,p0100_n0600,37
plug_in_pc_p0100_n0600_b038,Plug-in PC,p0100_n0600,38
plug_in_pc_p0100_n0600_b039,Plug-in PC,p0100_n0600,39
plug_in_pc_p0100_n0600_b040,Plug-in PC,p0100_n0600,40
plug_in_pc_p0100_n0600_b041,Plug-in PC,p0100_n0600,41
plug_in_pc_p0100_n0600_b042,Plug-in PC,p0100_n0600,42
plug_in_pc_p0100_n0600_b043,Plug-in PC,p0100_n0600,43
plug_in_pc_p0100_n0600_b044,Plug-in PC,p0100_n0600,44
plug_in_pc_p0100_n0600_b045,Plug-in PC,p0100_n0600,45
plug_in_pc_p0100_n0600_b046,Plug-in PC,p0100_n0600,46
plug_in_pc_p0100_n0600_b047,Plug-in PC,p0100_n0600,47
plug_in_pc_p0100_n0600_b048,Plug-in PC,p0100_n0600,48
plug_in_pc_p0100_n0600_b049,Plug-in PC,p0100_n0600,49
plug_in_pc_p0100_n0600_b050,Plug-in PC,p0100_n0600,50
plug_in_pc_p0100_n0600_b051,Plug-in PC,p0100_n0600,51
plug_in_pc_p0100_n0600_b052,Plug-in PC,p0100_n0600,52
plug_in_pc_p0100_n0600_b053,Plug-in PC,p0100_n0600,53
plug_in_pc_p0100_n0600_b054,Plug-in PC,p0100_n0600,54
plug_in_pc_p0100_n0600_b055,Plug-in PC,p0100_n0600,55
plug_in_pc_p0100_n0600_b056,Plug-in PC,p0100_n0600,56
plug_in_pc_p0100_n0600_b057,Plug-in PC,p0100_n0600,57
plug_in_pc_p0100_n0600_b058,Plug-in PC,p0100_n0600,58
plug_in_pc_p0100_n0600_b059,Plug-in PC,p0100_n0600,59
plug_in_pc_p0100_n0600_b060,Plug-in PC,p0100_n0600,60
plug_in_pc_p0100_n0600_b061,Plug-in PC,p0100_n0600,61
plug_in_pc_p0100_n0600_b062,Plug-in PC,p0100_n0600,62
plug_in_pc_p0100_n0600_b063,Plug-in PC,p0100_n0600,63
plug_in_pc_p0100_n0600_b064,Plug-in PC,p0100_n0600,64
plug_in_pc_p0100_n0600_b065,Plug-in PC,p0100_n0600,65
plug_in_pc_p0100_n0600_b066,Plug-in PC,p0100_n0600,66
plug_in_pc_p0100_n0600_b067,Plug-in PC,p0100_n0600,67
plug_in_pc_p0100_n0600_b068,Plug-in PC,p0100_n0600,68
plug_in_pc_p0100_n0600_b069,Plug-in PC,p0100_n0600,69
plug_in_pc_p0100_n0600_b070,Plug-in PC,p0100_n0600,70
plug_in_pc_p0100_n0600_b071,Plug-in PC,p0100_n0600,71
plug_in_pc_p0100_n0600_b072,Plug-in PC,p0100_n0600,72
plug_in_pc_p0100_n0600_b073,Plug-in PC,p0100_n0600,73
plug_in_pc_p0100_n0600_b074,Plug-in PC,p0100_n0600,74
plug_in_pc_p0100_n0600_b075,Plug-in PC,p0100_n0600,75
plug_in_pc_p0100_n0600_b076,Plug-in PC,p0100_n0600,76
plug_in_pc_p0100_n0600_b077,Plug-in PC,p0100_n0600,77
plug_in_pc_p0100_n0600_b078,Plug-in PC,p0100_n0600,78
plug_in_pc_p0100_n0600_b079,Plug-in PC,p0100_n0600,79
plug_in_pc_p0100_n0600_b080,Plug-in PC,p0100_n0600,80
plug_in_pc_p0100_n0600_b081,Plug-in PC,p0100_n0600,81
plug_in_pc_p0100_n0600_b082,Plug-in PC,p0100_n0600,82
plug_in_pc_p0100_n0600_b083,Plug-in PC,p0100_n0600,83
plug_in_pc_p0100_n0600_b084,Plug-in PC,p0100_n0600,84
plug_in_pc_p0100_n0600_b085,Plug-in PC,p0100_n0600,85
plug_in_pc_p0100_n0600_b086,Plug-in PC,p0100_n0600,86
plug_in_pc_p0100_n0600_b087,Plug-in PC,p0100_n0600,87
plug_in_pc_p0100_n0600_b088,Plug-in PC,p0100_n0600,88
plug_in_pc_p0100_n0600_b089,Plug-in PC,p0100_n0600,89
plug_in_pc_p0100_n0600_b090,Plug-in PC,p0100_n0600,90
plug_in_pc_p0100_n0600_b091,Plug-in PC,p0100_n0600,91
plug_in_pc_p0100_n0600_b092,Plug-in PC,p0100_n0600,92
plug_in_pc_p0100_n0600_b093,Plug-in PC,p0100_n0600,93
plug_in_pc_p0100_n0600_b094,Plug-in PC,p0100_n0600,94
plug_in_pc_p0100_n0600_b095,Plug-in PC,p0100_n0600,95
plug_in_pc_p0100_n0600_b096,Plug-in PC,p0100_n0600,96
plug_in_pc_p0100_n0600_b097,Plug-in PC,p0100_n0600,97
plug_in_pc_p0100_n0600_b098,Plug-in PC,p0100_n0600,98
plug_in_pc_p0100_n0600_b099,Plug-in PC,p0100_n0600,99
plug_in_pc_p0100_n0600_b100,Plug-in PC,p0100_n0600,100
debiased_pc_p0100_n0800_b001,Debiased PC,p0100_n0800,1
debiased_pc_p0100_n0800_b002,Debiased PC,p0100_n0800,2
debiased_pc_p0100_n0800_b003,Debiased PC,p0100_n0800,3
debiased_pc_p0100_n0800_b004,Debiased PC,p0100_n0800,4
debiased_pc_p0100_n0800_b005,Debiased PC,p0100_n0800,5
debiased_pc_p0100_n0800_b006,Debiased PC,p0100_n0800,6
debiased_pc_p0100_n0800_b007,Debiased PC,p0100_n0800,7
debiased_pc_p0100_n0800_b008,Debiased PC,p0100_n0800,8
debiased_pc_p0100_n0800_b009,Debiased PC,p0100_n0800,9
debiased_pc_p0100_n0800_b010,Debiased PC,p0100_n0800,10
debiased_pc_p0100_n0800_b011,Debiased PC,p0100_n0800,11
debiased_pc_p0100_n0800_b012,Debiased PC,p0100_n0800,12
debiased_pc_p0100_n0800_b013,Debiased PC,p0100_n0800,13
debiased_pc_p0100_n0800_b014,Debiased PC,p0100_n0800,14
debiased_pc_p0100_n0800_b015,Debiased PC,p0100_n0800,15
debiased_pc_p0100_n0800_b016,Debiased PC,p0100_n0800,16
debiased_pc_p0100_n0800_b017,Debiased PC,p0100_n0800,17
debiased_pc_p0100_n0800_b018,Debiased PC,p0100_n0800,18
debiased_pc_p0100_n0800_b019,Debiased PC,p0100_n0800,19
debiased_pc_p0100_n0800_b020,Debiased PC,p0100_n0800,20
debiased_pc_p0100_n0800_b021,Debiased PC,p0100_n0800,21
debiased_pc_p0100_n0800_b022,Debiased PC,p0100_n0800,22
debiased_pc_p0100_n0800_b023,Debiased PC,p0100_n0800,23
debiased_pc_p0100_n0800_b024,Debiased PC,p0100_n0800,24
debiased_pc_p0100_n0800_b025,Debiased PC,p0100_n0800,25
debiased_pc_p0100_n0800_b026,Debiased PC,p0100_n0800,26
debiased_pc_p0100_n0800_b027,Debiased PC,p0100_n0800,27
debiased_pc_p0100_n0800_b028,Debiased PC,p0100_n0800,28
debiased_pc_p0100_n0800_b029,Debiased PC,p0100_n0800,29
debiased_pc_p0100_n0800_b030,Debiased PC,p0100_n0800,30
debiased_pc_p0100_n0800_b031,Debiased PC,p0100_n0800,31
debiased_pc_p0100_n0800_b032,Debiased PC,p0100_n0800,32
debiased_pc_p0100_n0800_b033,Debiased PC,p0100_n0800,33
debiased_pc_p0100_n0800_b034,Debiased PC,p0100_n0800,34
debiased_pc_p0100_n0800_b035,Debiased PC,p0100_n0800,35
debiased_pc_p0100_n0800_b036,Debiased PC,p0100_n0800,36
debiased_pc_p0100_n0800_b037,Debiased PC,p0100_n0800,37
debiased_pc_p0100_n0800_b038,Debiased PC,p0100_n0800,38
debiased_pc_p0100_n0800_b039,Debiased PC,p0100_n0800,39
debiased_pc_p0100_n0800_b040,Debiased PC,p0100_n0800,40
debiased_pc_p0100_n0800_b041,Debiased PC,p0100_n0800,41
debiased_pc_p0100_n0800_b042,Debiased PC,p0100_n0800,42
debiased_pc_p0100_n0800_b043,Debiased PC,p0100_n0800,43
debiased_pc_p0100_n0800_b044,Debiased PC,p0100_n0800,44
debiased_pc_p0100_n0800_b045,Debiased PC,p0100_n0800,45
debiased_pc_p0100_n0800_b046,Debiased PC,p0100_n0800,46
debiased_pc_p0100_n0800_b047,Debiased PC,p0100_n0800,47
debiased_pc_p0100_n0800_b048,Debiased PC,p0100_n0800,48
debiased_pc_p0100_n0800_b049,Debiased PC,p0100_n0800,49
debiased_pc_p0100_n0800_b050,Debiased PC,p0100_n0800,50
debiased_pc_p0100_n0800_b051,Debiased PC,p0100_n0800,51
debiased_pc_p0100_n0800_b052,Debiased PC,p0100_n0800,52
debiased_pc_p0100_n0800_b053,Debiased PC,p0100_n0800,53
debiased_pc_p0100_n0800_b054,Debiased PC,p0100_n0800,54
debiased_pc_p0100_n0800_b055,Debiased PC,p0100_n0800,55
debiased_pc_p0100_n0800_b056,Debiased PC,p0100_n0800,56
debiased_pc_p0100_n0800_b057,Debiased PC,p0100_n0800,57
debiased_pc_p0100_n0800_b058,Debiased PC,p0100_n0800,58
debiased_pc_p0100_n0800_b059,Debiased PC,p0100_n0800,59
debiased_pc_p0100_n0800_b060,Debiased PC,p0100_n0800,60
debiased_pc_p0100_n0800_b061,Debiased PC,p0100_n0800,61
debiased_pc_p0100_n0800_b062,Debiased PC,p0100_n0800,62
debiased_pc_p0100_n0800_b063,Debiased PC,p0100_n0800,63
debiased_pc_p0100_n0800_b064,Debiased PC,p0100_n0800,64
debiased_pc_p0100_n0800_b065,Debiased PC,p0100_n0800,65
debiased_pc_p0100_n0800_b066,Debiased PC,p0100_n0800,66
debiased_pc_p0100_n0800_b067,Debiased PC,p0100_n0800,67
debiased_pc_p0100_n0800_b068,Debiased PC,p0100_n0800,68
debiased_pc_p0100_n0800_b069,Debiased PC,p0100_n0800,69
debiased_pc_p0100_n0800_b070,Debiased PC,p0100_n0800,70
debiased_pc_p0100_n0800_b071,Debiased PC,p0100_n0800,71
debiased_pc_p0100_n0800_b072,Debiased PC,p0100_n0800,72
debiased_pc_p0100_n0800_b073,Debiased PC,p0100_n0800,73
debiased_pc_p0100_n0800_b074,Debiased PC,p0100_n0800,74
debiased_pc_p0100_n0800_b075,Debiased PC,p0100_n0800,75
debiased_pc_p0100_n0800_b076,Debiased PC,p0100_n0800,76
debiased_pc_p0100_n0800_b077,Debiased PC,p0100_n0800,77
debiased_pc_p0100_n0800_b078,Debiased PC,p0100_n0800,78
debiased_pc_p0100_n0800_b079,Debiased PC,p0100_n0800,79
debiased_pc_p0100_n0800_b080,Debiased PC,p0100_n0800,80
debiased_pc_p0100_n0800_b081,Debiased PC,p0100_n0800,81
debiased_pc_p0100_n0800_b082,Debiased PC,p0100_n0800,82
debiased_pc_p0100_n0800_b083,Debiased PC,p0100_n0800,83
debiased_pc_p0100_n0800_b084,Debiased PC,p0100_n0800,84
debiased_pc_p0100_n0800_b085,Debiased PC,p0100_n0800,85
debiased_pc_p0100_n0800_b086,Debiased PC,p0100_n0800,86
debiased_pc_p0100_n0800_b087,Debiased PC,p0100_n0800,87
debiased_pc_p0100_n0800_b088,Debiased PC,p0100_n0800,88
debiased_pc_p0100_n0800_b089,Debiased PC,p0100_n0800,89
debiased_pc_p0100_n0800_b090,Debiased PC,p0100_n0800,90
debiased_pc_p0100_n0800_b091,Debiased PC,p0100_n0800,91
debiased_pc_p0100_n0800_b092,Debiased PC,p0100_n0800,92
debiased_pc_p0100_n0800_b093,Debiased PC,p0100_n0800,93
debiased_pc_p0100_n0800_b094,Debiased PC,p0100_n0800,94
debiased_pc_p0100_n0800_b095,Debiased PC,p0100_n0800,95
debiased_pc_p0100_n0800_b096,Debiased PC,p0100_n0800,96
debiased_pc_p0100_n0800_b097,Debiased PC,p0100_n0800,97
debiased_pc_p0100_n0800_b098,Debiased PC,p0100_n0800,98
debiased_pc_p0100_n0800_b099,Debiased PC,p0100_n0800,99
debiased_pc_p0100_n0800_b100,Debiased PC,p0100_n0800,100
oracle_pc_p0100_n0800_b001,Oracle PC,p0100_n0800,1
oracle_pc_p0100_n0800_b002,Oracle PC,p0100_n0800,2
oracle_pc_p0100_n0800_b003,Oracle PC,p0100_n0800,3
oracle_pc_p0100_n0800_b004,Oracle PC,p0100_n0800,4
oracle_pc_p0100_n0800_b005,Oracle PC,p0100_n0800,5
oracle_pc_p0100_n0800_b006,Oracle PC,p0100_n0800,6
oracle_pc_p0100_n0800_b007,Oracle PC,p0100_n0800,7
oracle_pc_p0100_n0800_b008,Oracle PC,p0100_n0800,8
oracle_pc_p0100_n0800_b009,Oracle PC,p0100_n0800,9
oracle_pc_p0100_n0800_b010,Oracle PC,p0100_n0800,10
oracle_pc_p0100_n0800_b011,Oracle PC,p0100_n0800,11
oracle_pc_p0100_n0800_b012,Oracle PC,p0100_n0800,12
oracle_pc_p0100_n0800_b013,Oracle PC,p0100_n0800,13
oracle_pc_p0100_n0800_b014,Oracle PC,p0100_n0800,14
oracle_pc_p0100_n0800_b015,Oracle PC,p0100_n0800,15
oracle_pc_p0100_n0800_b016,Oracle PC,p0100_n0800,16
oracle_pc_p0100_n0800_b017,Oracle PC,p0100_n0800,17
oracle_pc_p0100_n0800_b018,Oracle PC,p0100_n0800,18
oracle_pc_p0100_n0800_b019,Oracle PC,p0100_n0800,19
oracle_pc_p0100_n0800_b020,Oracle PC,p0100_n0800,20
oracle_pc_p0100_n0800_b021,Oracle PC,p0100_n0800,21
oracle_pc_p0100_n0800_b022,Oracle PC,p0100_n0800,22
oracle_pc_p0100_n0800_b023,Oracle PC,p0100_n0800,23
oracle_pc_p0100_n0800_b024,Oracle PC,p0100_n0800,24
oracle_pc_p0100_n0800_b025,Oracle PC,p0100_n0800,25
oracle_pc_p0100_n0800_b026,Oracle PC,p0100_n0800,26
oracle_pc_p0100_n0800_b027,Oracle PC,p0100_n0800,27
oracle_pc_p0100_n0800_b028,Oracle PC,p0100_n0800,28
oracle_pc_p0100_n0800_b029,Oracle PC,p0100_n0800,29
oracle_pc_p0100_n0800_b030,Oracle PC,p0100_n0800,30
oracle_pc_p0100_n0800_b031,Oracle PC,p0100_n0800,31
oracle_pc_p0100_n0800_b032,Oracle PC,p0100_n0800,32
oracle_pc_p0100_n0800_b033,Oracle PC,p0100_n0800,33
oracle_pc_p0100_n0800_b034,Oracle PC,p0100_n0800,34
oracle_pc_p0100_n0800_b035,Oracle PC,p0100_n0800,35
oracle_pc_p0100_n0800_b036,Oracle PC,p0100_n0800,36
oracle_pc_p0100_n0800_b037,Oracle PC,p0100_n0800,37
oracle_pc_p0100_n0800_b038,Oracle PC,p0100_n0800,38
oracle_pc_p0100_n0800_b039,Oracle PC,p0100_n0800,39
oracle_pc_p0100_n0800_b040,Oracle PC,p0100_n0800,40
oracle_pc_p0100_n0800_b041,Oracle PC,p0100_n0800,41
oracle_pc_p0100_n0800_b042,Oracle PC,p0100_n0800,42
oracle_pc_p0100_n0800_b043,Oracle PC,p0100_n0800,43
oracle_pc_p0100_n0800_b044,Oracle PC,p0100_n0800,44
oracle_pc_p0100_n0800_b045,Oracle PC,p0100_n0800,45
oracle_pc_p0100_n0800_b046,Oracle PC,p0100_n0800,46
oracle_pc_p0100_n0800_b047,Oracle PC,p0100_n0800,47
oracle_pc_p0100_n0800_b048,Oracle PC,p0100_n0800,48
oracle_pc_p0100_n0800_b049,Oracle PC,p0100_n0800,49
oracle_pc_p0100_n0800_b050,Oracle PC,p0100_n0800,50
oracle_pc_p0100_n0800_b051,Oracle PC,p0100_n0800,51
oracle_pc_p0100_n0800_b052,Oracle PC,p0100_n0800,52
oracle_pc_p0100_n0800_b053,Oracle PC,p0100_n0800,53
oracle_pc_p0100_n0800_b054,Oracle PC,p0100_n0800,54
oracle_pc_p0100_n0800_b055,Oracle PC,p0100_n0800,55
oracle_pc_p0100_n0800_b056,Oracle PC,p0100_n0800,56
oracle_pc_p0100_n0800_b057,Oracle PC,p0100_n0800,57
oracle_pc_p0100_n0800_b058,Oracle PC,p0100_n0800,58
oracle_pc_p0100_n0800_b059,Oracle PC,p0100_n0800,59
oracle_pc_p0100_n0800_b060,Oracle PC,p0100_n0800,60
oracle_pc_p0100_n0800_b061,Oracle PC,p0100_n0800,61
oracle_pc_p0100_n0800_b062,Oracle PC,p0100_n0800,62
oracle_pc_p0100_n0800_b063,Oracle PC,p0100_n0800,63
oracle_pc_p0100_n0800_b064,Oracle PC,p0100_n0800,64
oracle_pc_p0100_n0800_b065,Oracle PC,p0100_n0800,65
oracle_pc_p0100_n0800_b066,Oracle PC,p0100_n0800,66
oracle_pc_p0100_n0800_b067,Oracle PC,p0100_n0800,67
oracle_pc_p0100_n0800_b068,Oracle PC,p0100_n0800,68
oracle_pc_p0100_n0800_b069,Oracle PC,p0100_n0800,69
oracle_pc_p0100_n0800_b070,Oracle PC,p0100_n0800,70
oracle_pc_p0100_n0800_b071,Oracle PC,p0100_n0800,71
oracle_pc_p0100_n0800_b072,Oracle PC,p0100_n0800,72
oracle_pc_p0100_n0800_b073,Oracle PC,p0100_n0800,73
oracle_pc_p0100_n0800_b074,Oracle PC,p0100_n0800,74
oracle_pc_p0100_n0800_b075,Oracle PC,p0100_n0800,75
oracle_pc_p0100_n0800_b076,Oracle PC,p0100_n0800,76
oracle_pc_p0100_n0800_b077,Oracle PC,p0100_n0800,77
oracle_pc_p0100_n0800_b078,Oracle PC,p0100_n0800,78
oracle_pc_p0100_n0800_b079,Oracle PC,p0100_n0800,79
oracle_pc_p0100_n0800_b080,Oracle PC,p0100_n0800,80
oracle_pc_p0100_n0800_b081,Oracle PC,p0100_n0800,81
oracle_pc_p0100_n0800_b082,Oracle PC,p0100_n0800,82
oracle_pc_p0100_n0800_b083,Oracle PC,p0100_n0800,83
oracle_pc_p0100_n0800_b084,Oracle PC,p0100_n0800,84
oracle_pc_p0100_n0800_b085,Oracle PC,p0100_n0800,85
oracle_pc_p0100_n0800_b086,Oracle PC,p0100_n0800,86
oracle_pc_p0100_n0800_b087,Oracle PC,p0100_n0800,87
oracle_pc_p0100_n0800_b088,Oracle PC,p0100_n0800,88
oracle_pc_p0100_n0800_b089,Oracle PC,p0100_n0800,89
oracle_pc_p0100_n0800_b090,Oracle PC,p0100_n0800,90
oracle_pc_p0100_n0800_b091,Oracle PC,p0100_n0800,91
oracle_pc_p0100_n0800_b092,Oracle PC,p0100_n0800,92
oracle_pc_p0100_n0800_b093,Oracle PC,p0100_n0800,93
oracle_pc_p0100_n0800_b094,Oracle PC,p0100_n0800,94
oracle_pc_p0100_n0800_b095,Oracle PC,p0100_n0800,95
oracle_pc_p0100_n0800_b096,Oracle PC,p0100_n0800,96
oracle_pc_p0100_n0800_b097,Oracle PC,p0100_n0800,97
oracle_pc_p0100_n0800_b098,Oracle PC,p0100_n0800,98
oracle_pc_p0100_n0800_b099,Oracle PC,p0100_n0800,99
oracle_pc_p0100_n0800_b100,Oracle PC,p0100_n0800,100
plug_in_pc_p0100_n0800_b001,Plug-in PC,p0100_n0800,1
plug_in_pc_p0100_n0800_b002,Plug-in PC,p0100_n0800,2
plug_in_pc_p0100_n0800_b003,Plug-in PC,p0100_n0800,3
plug_in_pc_p0100_n0800_b004,Plug-in PC,p0100_n0800,4
plug_in_pc_p0100_n0800_b005,Plug-in PC,p0100_n0800,5
plug_in_pc_p0100_n0800_b006,Plug-in PC,p0100_n0800,6
plug_in_pc_p0100_n0800_b007,Plug-in PC,p0100_n0800,7
plug_in_pc_p0100_n0800_b008,Plug-in PC,p0100_n0800,8
plug_in_pc_p0100_n0800_b009,Plug-in PC,p0100_n0800,9
plug_in_pc_p0100_n0800_b010,Plug-in PC,p0100_n0800,10
plug_in_pc_p0100_n0800_b011,Plug-in PC,p0100_n0800,11
plug_in_pc_p0100_n0800_b012,Plug-in PC,p0100_n0800,12
plug_in_pc_p0100_n0800_b013,Plug-in PC,p0100_n0800,13
plug_in_pc_p0100_n0800_b014,Plug-in PC,p0100_n0800,14
plug_in_pc_p0100_n0800_b015,Plug-in PC,p0100_n0800,15
plug_in_pc_p0100_n0800_b016,Plug-in PC,p0100_n0800,16
plug_in_pc_p0100_n0800_b017,Plug-in PC,p0100_n0800,17
plug_in_pc_p0100_n0800_b018,Plug-in PC,p0100_n0800,18
plug_in_pc_p0100_n0800_b019,Plug-in PC,p0100_n0800,19
plug_in_pc_p0100_n0800_b020,Plug-in PC,p0100_n0800,20
plug_in_pc_p0100_n0800_b021,Plug-in PC,p0100_n0800,21
plug_in_pc_p0100_n0800_b022,Plug-in PC,p0100_n0800,22
plug_in_pc_p0100_n0800_b023,Plug-in PC,p0100_n0800,23
plug_in_pc_p0100_n0800_b024,Plug-in PC,p0100_n0800,24
plug_in_pc_p0100_n0800_b025,Plug-in PC,p0100_n0800,25
plug_in_pc_p0100_n0800_b026,Plug-in PC,p0100_n0800,26
plug_in_pc_p0100_n0800_b027,Plug-in PC,p0100_n0800,27
plug_in_pc_p0100_n0800_b028,Plug-in PC,p0100_n0800,28
plug_in_pc_p0100_n0800_b029,Plug-in PC,p0100_n0800,29
plug_in_pc_p0100_n0800_b030,Plug-in PC,p0100_n0800,30
plug_in_pc_p0100_n0800_b031,Plug-in PC,p0100_n0800,31
plug_in_pc_p0100_n0800_b032,Plug-in PC,p0100_n0800,32
plug_in_pc_p0100_n0800_b033,Plug-in PC,p0100_n0800,33
plug_in_pc_p0100_n0800_b034,Plug-in PC,p0100_n0800,34
plug_in_pc_p0100_n0800_b035,Plug-in PC,p0100_n0800,35
plug_in_pc_p0100_n0800_b036,Plug-in PC,p0100_n0800,36
plug_in_pc_p0100_n0800_b037,Plug-in PC,p0100_n0800,37
plug_in_pc_p0100_n0800_b038,Plug-in PC,p0100_n0800,38
plug_in_pc_p0100_n0800_b039,Plug-in PC,p0100_n0800,39
plug_in_pc_p0100_n0800_b040,Plug-in PC,p0100_n0800,40
plug_in_pc_p0100_n0800_b041,Plug-in PC,p0100_n0800,41
plug_in_pc_p0100_n0800_b042,Plug-in PC,p0100_n0800,42
plug_in_pc_p0100_n0800_b043,Plug-in PC,p0100_n0800,43
plug_in_pc_p0100_n0800_b044,Plug-in PC,p0100_n0800,44
plug_in_pc_p0100_n0800_b045,Plug-in PC,p0100_n0800,45
plug_in_pc_p0100_n0800_b046,Plug-in PC,p0100_n0800,46
plug_in_pc_p0100_n0800_b047,Plug-in PC,p0100_n0800,47
plug_in_pc_p0100_n0800_b048,Plug-in PC,p0100_n0800,48
plug_in_pc_p0100_n0800_b049,Plug-in PC,p0100_n0800,49
plug_in_pc_p0100_n0800_b050,Plug-in PC,p0100_n0800,50
plug_in_pc_p0100_n0800_b051,Plug-in PC,p0100_n0800,51
plug_in_pc_p0100_n0800_b052,Plug-in PC,p0100_n0800,52
plug_in_pc_p0100_n0800_b053,Plug-in PC,p0100_n0800,53
plug_in_pc_p0100_n0800_b054,Plug-in PC,p0100_n0800,54
plug_in_pc_p0100_n0800_b055,Plug-in PC,p0100_n0800,55
plug_in_pc_p0100_n0800_b056,Plug-in PC,p0100_n0800,56
plug_in_pc_p0100_n0800_b057,Plug-in PC,p0100_n0800,57
plug_in_pc_p0100_n0800_b058,Plug-in PC,p0100_n0800,58
plug_in_pc_p0100_n0800_b059,Plug-in PC,p0100_n0800,59
plug_in_pc_p0100_n0800_b060,Plug-in PC,p0100_n0800,60
plug_in_pc_p0100_n0800_b061,Plug-in PC,p0100_n0800,61
plug_in_pc_p0100_n0800_b062,Plug-in PC,p0100_n0800,62
plug_in_pc_p0100_n0800_b063,Plug-in PC,p0100_n0800,63
plug_in_pc_p0100_n0800_b064,Plug-in PC,p0100_n0800,64
plug_in_pc_p0100_n0800_b065,Plug-in PC,p0100_n0800,65
plug_in_pc_p0100_n0800_b066,Plug-in PC,p0100_n0800,66
plug_in_pc_p0100_n0800_b067,Plug-in PC,p0100_n0800,67
plug_in_pc_p0100_n0800_b068,Plug-in PC,p0100_n0800,68
plug_in_pc_p0100_n0800_b069,Plug-in PC,p0100_n0800,69
plug_in_pc_p0100_n0800_b070,Plug-in PC,p0100_n0800,70
plug_in_pc_p0100_n0800_b071,Plug-in PC,p0100_n0800,71
plug_in_pc_p0100_n0800_b072,Plug-in PC,p0100_n0800,72
plug_in_pc_p0100_n0800_b073,Plug-in PC,p0100_n0800,73
plug_in_pc_p0100_n0800_b074,Plug-in PC,p0100_n0800,74
plug_in_pc_p0100_n0800_b075,Plug-in PC,p0100_n0800,75
plug_in_pc_p0100_n0800_b076,Plug-in PC,p0100_n0800,76
plug_in_pc_p0100_n0800_b077,Plug-in PC,p0100_n0800,77
plug_in_pc_p0100_n0800_b078,Plug-in PC,p0100_n0800,78
plug_in_pc_p0100_n0800_b079,Plug-in PC,p0100_n0800,79
plug_in_pc_p0100_n0800_b080,Plug-in PC,p0100_n0800,80
plug_in_pc_p0100_n0800_b081,Plug-in PC,p0100_n0800,81
plug_in_pc_p0100_n0800_b082,Plug-in PC,p0100_n0800,82
plug_in_pc_p0100_n0800_b083,Plug-in PC,p0100_n0800,83
plug_in_pc_p0100_n0800_b084,Plug-in PC,p0100_n0800,84
plug_in_pc_p0100_n0800_b085,Plug-in PC,p0100_n0800,85
plug_in_pc_p0100_n0800_b086,Plug-in PC,p0100_n0800,86
plug_in_pc_p0100_n0800_b087,Plug-in PC,p0100_n0800,87
plug_in_pc_p0100_n0800_b088,Plug-in PC,p0100_n0800,88
plug_in_pc_p0100_n0800_b089,Plug-in PC,p0100_n0800,89
plug_in_pc_p0100_n0800_b090,Plug-in PC,p0100_n0800,90
plug_in_pc_p0100_n0800_b091,Plug-in PC,p0100_n0800,91
plug_in_pc_p0100_n0800_b092,Plug-in PC,p0100_n0800,92
plug_in_pc_p0100_n0800_b093,Plug-in PC,p0100_n0800,93
plug_in_pc_p0100_n0800_b094,Plug-in PC,p0100_n0800,94
plug_in_pc_p0100_n0800_b095,Plug-in PC,p0100_n0800,95
plug_in_pc_p0100_n0800_b096,Plug-in PC,p0100_n0800,96
plug_in_pc_p0100_n0800_b097,Plug-in PC,p0100_n0800,97
plug_in_pc_p0100_n0800_b098,Plug-in PC,p0100_n0800,98
plug_in_pc_p0100_n0800_b099,Plug-in PC,p0100_n0800,99
plug_in_pc_p0100_n0800_b100,Plug-in PC,p0100_n0800,100
debiased_pc_p1000_n0050_b001,Debiased PC,p1000_n0050,1
debiased_pc_p1000_n0050_b002,Debiased PC,p1000_n0050,2
debiased_pc_p1000_n0050_b003,Debiased PC,p1000_n0050,3
debiased_pc_p1000_n0050_b004,Debiased PC,p1000_n0050,4
debiased_pc_p1000_n0050_b005,Debiased PC,p1000_n0050,5
debiased_pc_p1000_n0050_b006,Debiased PC,p1000_n0050,6
debiased_pc_p1000_n0050_b007,Debiased PC,p1000_n0050,7
debiased_pc_p1000_n0050_b008,Debiased PC,p1000_n0050,8
debiased_pc_p1000_n0050_b009,Debiased PC,p1000_n0050,9
debiased_pc_p1000_n0050_b010,Debiased PC,p1000_n0050,10
debiased_pc_p1000_n0050_b011,Debiased PC,p1000_n0050,11
debiased_pc_p1000_n0050_b012,Debiased PC,p1000_n0050,12
debiased_pc_p1000_n0050_b013,Debiased PC,p1000_n0050,13
debiased_pc_p1000_n0050_b014,Debiased PC,p1000_n0050,14
debiased_pc_p1000_n0050_b015,Debiased PC,p1000_n0050,15
debiased_pc_p1000_n0050_b016,Debiased PC,p1000_n0050,16
debiased_pc_p1000_n0050_b017,Debiased PC,p1000_n0050,17
debiased_pc_p1000_n0050_b018,Debiased PC,p1000_n0050,18
debiased_pc_p1000_n0050_b019,Debiased PC,p1000_n0050,19
debiased_pc_p1000_n0050_b020,Debiased PC,p1000_n0050,20
debiased_pc_p1000_n0050_b021,Debiased PC,p1000_n0050,21
debiased_pc_p1000_n0050_b022,Debiased PC,p1000_n0050,22
debiased_pc_p1000_n0050_b023,Debiased PC,p1000_n0050,23
debiased_pc_p1000_n0050_b024,Debiased PC,p1000_n0050,24
debiased_pc_p1000_n0050_b025,Debiased PC,p1000_n0050,25
debiased_pc_p1000_n0050_b026,Debiased PC,p1000_n0050,26
debiased_pc_p1000_n0050_b027,Debiased PC,p1000_n0050,27
debiased_pc_p1000_n0050_b028,Debiased PC,p1000_n0050,28
debiased_pc_p1000_n0050_b029,Debiased PC,p1000_n0050,29
debiased_pc_p1000_n0050_b030,Debiased PC,p1000_n0050,30
debiased_pc_p1000_n0050_b031,Debiased PC,p1000_n0050,31
debiased_pc_p1000_n0050_b032,Debiased PC,p1000_n0050,32
debiased_pc_p1000_n0050_b033,Debiased PC,p1000_n0050,33
debiased_pc_p1000_n0050_b034,Debiased PC,p1000_n0050,34
debiased_pc_p1000_n0050_b035,Debiased PC,p1000_n0050,35
debiased_pc_p1000_n0050_b036,Debiased PC,p1000_n0050,36
debiased_pc_p1000_n0050_b037,Debiased PC,p1000_n0050,37
debiased_pc_p1000_n0050_b038,Debiased PC,p1000_n0050,38
debiased_pc_p1000_n0050_b039,Debiased PC,p1000_n0050,39
debiased_pc_p1000_n0050_b040,Debiased PC,p1000_n0050,40
debiased_pc_p1000_n0050_b041,Debiased PC,p1000_n0050,41
debiased_pc_p1000_n0050_b042,Debiased PC,p1000_n0050,42
debiased_pc_p1000_n0050_b043,Debiased PC,p1000_n0050,43
debiased_pc_p1000_n0050_b044,Debiased PC,p1000_n0050,44
debiased_pc_p1000_n0050_b045,Debiased PC,p1000_n0050,45
debiased_pc_p1000_n0050_b046,Debiased PC,p1000_n0050,46
debiased_pc_p1000_n0050_b047,Debiased PC,p1000_n0050,47
debiased_pc_p1000_n0050_b048,Debiased PC,p1000_n0050,48
debiased_pc_p1000_n0050_b049,Debiased PC,p1000_n0050,49
debiased_pc_p1000_n0050_b050,Debiased PC,p1000_n0050,50
debiased_pc_p1000_n0050_b051,Debiased PC,p1000_n0050,51
debiased_pc_p1000_n0050_b052,Debiased PC,p1000_n0050,52
debiased_pc_p1000_n0050_b053,Debiased PC,p1000_n0050,53
debiased_pc_p1000_n0050_b054,Debiased PC,p1000_n0050,54
debiased_pc_p1000_n0050_b055,Debiased PC,p1000_n0050,55
debiased_pc_p1000_n0050_b056,Debiased PC,p1000_n0050,56
debiased_pc_p1000_n0050_b057,Debiased PC,p1000_n0050,57
debiased_pc_p1000_n0050_b058,Debiased PC,p1000_n0050,58
debiased_pc_p1000_n0050_b059,Debiased PC,p1000_n0050,59
debiased_pc_p1000_n0050_b060,Debiased PC,p1000_n0050,60
debiased_pc_p1000_n0050_b061,Debiased PC,p1000_n0050,61
debiased_pc_p1000_n0050_b062,Debiased PC,p1000_n0050,62
debiased_pc_p1000_n0050_b063,Debiased PC,p1000_n0050,63
debiased_pc_p1000_n0050_b064,Debiased PC,p1000_n0050,64
debiased_pc_p1000_n0050_b065,Debiased PC,p1000_n0050,65
debiased_pc_p1000_n0050_b066,Debiased PC,p1000_n0050,66
debiased_pc_p1000_n0050_b067,Debiased PC,p1000_n0050,67
debiased_pc_p1000_n0050_b068,Debiased PC,p1000_n0050,68
debiased_pc_p1000_n0050_b069,Debiased PC,p1000_n0050,69
debiased_pc_p1000_n0050_b070,Debiased PC,p1000_n0050,70
debiased_pc_p1000_n0050_b071,Debiased PC,p1000_n0050,71
debiased_pc_p1000_n0050_b072,Debiased PC,p1000_n0050,72
debiased_pc_p1000_n0050_b073,Debiased PC,p1000_n0050,73
debiased_pc_p1000_n0050_b074,Debiased PC,p1000_n0050,74
debiased_pc_p1000_n0050_b075,Debiased PC,p1000_n0050,75
debiased_pc_p1000_n0050_b076,Debiased PC,p1000_n0050,76
debiased_pc_p1000_n0050_b077,Debiased PC,p1000_n0050,77
debiased_pc_p1000_n0050_b078,Debiased PC,p1000_n0050,78
debiased_pc_p1000_n0050_b079,Debiased PC,p1000_n0050,79
debiased_pc_p1000_n0050_b080,Debiased PC,p1000_n0050,80
debiased_pc_p1000_n0050_b081,Debiased PC,p1000_n0050,81
debiased_pc_p1000_n0050_b082,Debiased PC,p1000_n0050,82
debiased_pc_p1000_n0050_b083,Debiased PC,p1000_n0050,83
debiased_pc_p1000_n0050_b084,Debiased PC,p1000_n0050,84
debiased_pc_p1000_n0050_b085,Debiased PC,p1000_n0050,85
debiased_pc_p1000_n0050_b086,Debiased PC,p1000_n0050,86
debiased_pc_p1000_n0050_b087,Debiased PC,p1000_n0050,87
debiased_pc_p1000_n0050_b088,Debiased PC,p1000_n0050,88
debiased_pc_p1000_n0050_b089,Debiased PC,p1000_n0050,89
debiased_pc_p1000_n0050_b090,Debiased PC,p1000_n0050,90
debiased_pc_p1000_n0050_b091,Debiased PC,p1000_n0050,91
debiased_pc_p1000_n0050_b092,Debiased PC,p1000_n0050,92
debiased_pc_p1000_n0050_b093,Debiased PC,p1000_n0050,93
debiased_pc_p1000_n0050_b094,Debiased PC,p1000_n0050,94
debiased_pc_p1000_n0050_b095,Debiased PC,p1000_n0050,95
debiased_pc_p1000_n0050_b096,Debiased PC,p1000_n0050,96
debiased_pc_p1000_n0050_b097,Debiased PC,p1000_n0050,97
debiased_pc_p1000_n0050_b098,Debiased PC,p1000_n0050,98
debiased_pc_p1000_n0050_b099,Debiased PC,p1000_n0050,99
debiased_pc_p1000_n0050_b100,Debiased PC,p1000_n0050,100
oracle_pc_p1000_n0050_b001,Oracle PC,p1000_n0050,1
oracle_pc_p1000_n0050_b002,Oracle PC,p1000_n0050,2
oracle_pc_p1000_n0050_b003,Oracle PC,p1000_n0050,3
oracle_pc_p1000_n0050_b004,Oracle PC,p1000_n0050,4
oracle_pc_p1000_n0050_b005,Oracle PC,p1000_n0050,5
oracle_pc_p1000_n0050_b006,Oracle PC,p1000_n0050,6
oracle_pc_p1000_n0050_b007,Oracle PC,p1000_n0050,7
oracle_pc_p1000_n0050_b008,Oracle PC,p1000_n0050,8
oracle_pc_p1000_n0050_b009,Oracle PC,p1000_n0050,9
oracle_pc_p1000_n0050_b010,Oracle PC,p1000_n0050,10
oracle_pc_p1000_n0050_b011,Oracle PC,p1000_n0050,11
oracle_pc_p1000_n0050_b012,Oracle PC,p1000_n0050,12
oracle_pc_p1000_n0050_b013,Oracle PC,p1000_n0050,13
oracle_pc_p1000_n0050_b014,Oracle PC,p1000_n0050,14
oracle_pc_p1000_n0050_b015,Oracle PC,p1000_n0050,15
oracle_pc_p1000_n0050_b016,Oracle PC,p1000_n0050,16
oracle_pc_p1000_n0050_b017,Oracle PC,p1000_n0050,17
oracle_pc_p1000_n0050_b018,Oracle PC,p1000_n0050,18
oracle_pc_p1000_n0050_b019,Oracle PC,p1000_n0050,19
oracle_pc_p1000_n0050_b020,Oracle PC,p1000_n0050,20
oracle_pc_p1000_n0050_b021,Oracle PC,p1000_n0050,21
oracle_pc_p1000_n0050_b022,Oracle PC,p1000_n0050,22
oracle_pc_p1000_n0050_b023,Oracle PC,p1000_n0050,23
oracle_pc_p1000_n0050_b024,Oracle PC,p1000_n0050,24
oracle_pc_p1000_n0050_b025,Oracle PC,p1000_n0050,25
oracle_pc_p1000_n0050_b026,Oracle PC,p1000_n0050,26
oracle_pc_p1000_n0050_b027,Oracle PC,p1000_n0050,27
oracle_pc_p1000_n0050_b028,Oracle PC,p1000_n0050,28
oracle_pc_p1000_n0050_b029,Oracle PC,p1000_n0050,29
oracle_pc_p1000_n0050_b030,Oracle PC,p1000_n0050,30
oracle_pc_p1000_n0050_b031,Oracle PC,p1000_n0050,31
oracle_pc_p1000_n0050_b032,Oracle PC,p1000_n0050,32
oracle_pc_p1000_n0050_b033,Oracle PC,p1000_n0050,33
oracle_pc_p1000_n0050_b034,Oracle PC,p1000_n0050,34
oracle_pc_p1000_n0050_b035,Oracle PC,p1000_n0050,35
oracle_pc_p1000_n0050_b036,Oracle PC,p1000_n0050,36
oracle_pc_p1000_n0050_b037,Oracle PC,p1000_n0050,37
oracle_pc_p1000_n0050_b038,Oracle PC,p1000_n0050,38
oracle_pc_p1000_n0050_b039,Oracle PC,p1000_n0050,39
oracle_pc_p1000_n0050_b040,Oracle PC,p1000_n0050,40
oracle_pc_p1000_n0050_b041,Oracle PC,p1000_n0050,41
oracle_pc_p1000_n0050_b042,Oracle PC,p1000_n0050,42
oracle_pc_p1000_n0050_b043,Oracle PC,p1000_n0050,43
oracle_pc_p1000_n0050_b044,Oracle PC,p1000_n0050,44
oracle_pc_p1000_n0050_b045,Oracle PC,p1000_n0050,45
oracle_pc_p1000_n0050_b046,Oracle PC,p1000_n0050,46
oracle_pc_p1000_n0050_b047,Oracle PC,p1000_n0050,47
oracle_pc_p1000_n0050_b048,Oracle PC,p1000_n0050,48
oracle_pc_p1000_n0050_b049,Oracle PC,p1000_n0050,49
oracle_pc_p1000_n0050_b050,Oracle PC,p1000_n0050,50
oracle_pc_p1000_n0050_b051,Oracle PC,p1000_n0050,51
oracle_pc_p1000_n0050_b052,Oracle PC,p1000_n0050,52
oracle_pc_p1000_n0050_b053,Oracle PC,p1000_n0050,53
oracle_pc_p1000_n0050_b054,Oracle PC,p1000_n0050,54
oracle_pc_p1000_n0050_b055,Oracle PC,p1000_n0050,55
oracle_pc_p1000_n0050_b056,Oracle PC,p1000_n0050,56
oracle_pc_p1000_n0050_b057,Oracle PC,p1000_n0050,57
oracle_pc_p1000_n0050_b058,Oracle PC,p1000_n0050,58
oracle_pc_p1000_n0050_b059,Oracle PC,p1000_n0050,59
oracle_pc_p1000_n0050_b060,Oracle PC,p1000_n0050,60
oracle_pc_p1000_n0050_b061,Oracle PC,p1000_n0050,61
oracle_pc_p1000_n0050_b062,Oracle PC,p1000_n0050,62
oracle_pc_p1000_n0050_b063,Oracle PC,p1000_n0050,63
oracle_pc_p1000_n0050_b064,Oracle PC,p1000_n0050,64
oracle_pc_p1000_n0050_b065,Oracle PC,p1000_n0050,65
oracle_pc_p1000_n0050_b066,Oracle PC,p1000_n0050,66
oracle_pc_p1000_n0050_b067,Oracle PC,p1000_n0050,67
oracle_pc_p1000_n0050_b068,Oracle PC,p1000_n0050,68
oracle_pc_p1000_n0050_b069,Oracle PC,p1000_n0050,69
oracle_pc_p1000_n0050_b070,Oracle PC,p1000_n0050,70
oracle_pc_p1000_n0050_b071,Oracle PC,p1000_n0050,71
oracle_pc_p1000_n0050_b072,Oracle PC,p1000_n0050,72
oracle_pc_p1000_n0050_b073,Oracle PC,p1000_n0050,73
oracle_pc_p1000_n0050_b074,Oracle PC,p1000_n0050,74
oracle_pc_p1000_n0050_b075,Oracle PC,p1000_n0050,75
oracle_pc_p1000_n0050_b076,Oracle PC,p1000_n0050,76
oracle_pc_p1000_n0050_b077,Oracle PC,p1000_n0050,77
oracle_pc_p1000_n0050_b078,Oracle PC,p1000_n0050,78
oracle_pc_p1000_n0050_b079,Oracle PC,p1000_n0050,79
oracle_pc_p1000_n0050_b080,Oracle PC,p1000_n0050,80
oracle_pc_p1000_n0050_b081,Oracle PC,p1000_n0050,81
oracle_pc_p1000_n0050_b082,Oracle PC,p1000_n0050,82
oracle_pc_p1000_n0050_b083,Oracle PC,p1000_n0050,83
oracle_pc_p1000_n0050_b084,Oracle PC,p1000_n0050,84
oracle_pc_p1000_n0050_b085,Oracle PC,p1000_n0050,85
oracle_pc_p1000_n0050_b086,Oracle PC,p1000_n0050,86
oracle_pc_p1000_n0050_b087,Oracle PC,p1000_n0050,87
oracle_pc_p1000_n0050_b088,Oracle PC,p1000_n0050,88
oracle_pc_p1000_n0050_b089,Oracle PC,p1000_n0050,89
oracle_pc_p1000_n0050_b090,Oracle PC,p1000_n0050,90
oracle_pc_p1000_n0050_b091,Oracle PC,p1000_n0050,91
oracle_pc_p1000_n0050_b092,Oracle PC,p1000_n0050,92
oracle_pc_p1000_n0050_b093,Oracle PC,p1000_n0050,93
oracle_pc_p1000_n0050_b094,Oracle PC,p1000_n0050,94
oracle_pc_p1000_n0050_b095,Oracle PC,p1000_n0050,95
oracle_pc_p1000_n0050_b096,Oracle PC,p1000_n0050,96
oracle_pc_p1000_n0050_b097,Oracle PC,p1000_n0050,97
oracle_pc_p1000_n0050_b098,Oracle PC,p1000_n0050,98
oracle_pc_p1000_n0050_b099,Oracle PC,p1000_n0050,99
oracle_pc_p1000_n0050_b100,Oracle PC,p1000_n0050,100
plug_in_pc_p1000_n0050_b001,Plug-in PC,p1000_n0050,1
plug_in_pc_p1000_n0050_b002,Plug-in PC,p1000_n0050,2
plug_in_pc_p1000_n0050_b003,Plug-in PC,p1000_n0050,3
plug_in_pc_p1000_n0050_b004,Plug-in PC,p1000_n0050,4
plug_in_pc_p1000_n0050_b005,Plug-in PC,p1000_n0050,5
plug_in_pc_p1000_n0050_b006,Plug-in PC,p1000_n0050,6
plug_in_pc_p1000_n0050_b007,Plug-in PC,p1000_n0050,7
plug_in_pc_p1000_n0050_b008,Plug-in PC,p1000_n0050,8
plug_in_pc_p1000_n0050_b009,Plug-in PC,p1000_n0050,9
plug_in_pc_p1000_n0050_b010,Plug-in PC,p1000_n0050,10
plug_in_pc_p1000_n0050_b011,Plug-in PC,p1000_n0050,11
plug_in_pc_p1000_n0050_b012,Plug-in PC,p1000_n0050,12
plug_in_pc_p1000_n0050_b013,Plug-in PC,p1000_n0050,13
plug_in_pc_p1000_n0050_b014,Plug-in PC,p1000_n0050,14
plug_in_pc_p1000_n0050_b015,Plug-in PC,p1000_n0050,15
plug_in_pc_p1000_n0050_b016,Plug-in PC,p1000_n0050,16
plug_in_pc_p1000_n0050_b017,Plug-in PC,p1000_n0050,17
plug_in_pc_p1000_n0050_b018,Plug-in PC,p1000_n0050,18
plug_in_pc_p1000_n0050_b019,Plug-in PC,p1000_n0050,19
plug_in_pc_p1000_n0050_b020,Plug-in PC,p1000_n0050,20
plug_in_pc_p1000_n0050_b021,Plug-in PC,p1000_n0050,21
plug_in_pc_p1000_n0050_b022,Plug-in PC,p1000_n0050,22
plug_in_pc_p1000_n0050_b023,Plug-in PC,p1000_n0050,23
plug_in_pc_p1000_n0050_b024,Plug-in PC,p1000_n0050,24
plug_in_pc_p1000_n0050_b025,Plug-in PC,p1000_n0050,25
plug_in_pc_p1000_n0050_b026,Plug-in PC,p1000_n0050,26
plug_in_pc_p1000_n0050_b027,Plug-in PC,p1000_n0050,27
plug_in_pc_p1000_n0050_b028,Plug-in PC,p1000_n0050,28
plug_in_pc_p1000_n0050_b029,Plug-in PC,p1000_n0050,29
plug_in_pc_p1000_n0050_b030,Plug-in PC,p1000_n0050,30
plug_in_pc_p1000_n0050_b031,Plug-in PC,p1000_n0050,31
plug_in_pc_p1000_n0050_b032,Plug-in PC,p1000_n0050,32
plug_in_pc_p1000_n0050_b033,Plug-in PC,p1000_n0050,33
plug_in_pc_p1000_n0050_b034,Plug-in PC,p1000_n0050,34
plug_in_pc_p1000_n0050_b035,Plug-in PC,p1000_n0050,35
plug_in_pc_p1000_n0050_b036,Plug-in PC,p1000_n0050,36
plug_in_pc_p1000_n0050_b037,Plug-in PC,p1000_n0050,37
plug_in_pc_p1000_n0050_b038,Plug-in PC,p1000_n0050,38
plug_in_pc_p1000_n0050_b039,Plug-in PC,p1000_n0050,39
plug_in_pc_p1000_n0050_b040,Plug-in PC,p1000_n0050,40
plug_in_pc_p1000_n0050_b041,Plug-in PC,p1000_n0050,41
plug_in_pc_p1000_n0050_b042,Plug-in PC,p1000_n0050,42
plug_in_pc_p1000_n0050_b043,Plug-in PC,p1000_n0050,43
plug_in_pc_p1000_n0050_b044,Plug-in PC,p1000_n0050,44
plug_in_pc_p1000_n0050_b045,Plug-in PC,p1000_n0050,45
plug_in_pc_p1000_n0050_b046,Plug-in PC,p1000_n0050,46
plug_in_pc_p1000_n0050_b047,Plug-in PC,p1000_n0050,47
plug_in_pc_p1000_n0050_b048,Plug-in PC,p1000_n0050,48
plug_in_pc_p1000_n0050_b049,Plug-in PC,p1000_n0050,49
plug_in_pc_p1000_n0050_b050,Plug-in PC,p1000_n0050,50
plug_in_pc_p1000_n0050_b051,Plug-in PC,p1000_n0050,51
plug_in_pc_p1000_n0050_b052,Plug-in PC,p1000_n0050,52
plug_in_pc_p1000_n0050_b053,Plug-in PC,p1000_n0050,53
plug_in_pc_p1000_n0050_b054,Plug-in PC,p1000_n0050,54
plug_in_pc_p1000_n0050_b055,Plug-in PC,p1000_n0050,55
plug_in_pc_p1000_n0050_b056,Plug-in PC,p1000_n0050,56
plug_in_pc_p1000_n0050_b057,Plug-in PC,p1000_n0050,57
plug_in_pc_p1000_n0050_b058,Plug-in PC,p1000_n0050,58
plug_in_pc_p1000_n0050_b059,Plug-in PC,p1000_n0050,59
plug_in_pc_p1000_n0050_b060,Plug-in PC,p1000_n0050,60
plug_in_pc_p1000_n0050_b061,Plug-in PC,p1000_n0050,61
plug_in_pc_p1000_n0050_b062,Plug-in PC,p1000_n0050,62
plug_in_pc_p1000_n0050_b063,Plug-in PC,p1000_n0050,63
plug_in_pc_p1000_n0050_b064,Plug-in PC,p1000_n0050,64
plug_in_pc_p1000_n0050_b065,Plug-in PC,p1000_n0050,65
plug_in_pc_p1000_n0050_b066,Plug-in PC,p1000_n0050,66
plug_in_pc_p1000_n0050_b067,Plug-in PC,p1000_n0050,67
plug_in_pc_p1000_n0050_b068,Plug-in PC,p1000_n0050,68
plug_in_pc_p1000_n0050_b069,Plug-in PC,p1000_n0050,69
plug_in_pc_p1000_n0050_b070,Plug-in PC,p1000_n0050,70
plug_in_pc_p1000_n0050_b071,Plug-in PC,p1000_n0050,71
plug_in_pc_p1000_n0050_b072,Plug-in PC,p1000_n0050,72
plug_in_pc_p1000_n0050_b073,Plug-in PC,p1000_n0050,73
plug_in_pc_p1000_n0050_b074,Plug-in PC,p1000_n0050,74
plug_in_pc_p1000_n0050_b075,Plug-in PC,p1000_n0050,75
plug_in_pc_p1000_n0050_b076,Plug-in PC,p1000_n0050,76
plug_in_pc_p1000_n0050_b077,Plug-in PC,p1000_n0050,77
plug_in_pc_p1000_n0050_b078,Plug-in PC,p1000_n0050,78
plug_in_pc_p1000_n0050_b079,Plug-in PC,p1000_n0050,79
plug_in_pc_p1000_n0050_b080,Plug-in PC,p1000_n0050,80
plug_in_pc_p1000_n0050_b081,Plug-in PC,p1000_n0050,81
plug_in_pc_p1000_n0050_b082,Plug-in PC,p1000_n0050,82
plug_in_pc_p1000_n0050_b083,Plug-in PC,p1000_n0050,83
plug_in_pc_p1000_n0050_b084,Plug-in PC,p1000_n0050,84
plug_in_pc_p1000_n0050_b085,Plug-in PC,p1000_n0050,85
plug_in_pc_p1000_n0050_b086,Plug-in PC,p1000_n0050,86
plug_in_pc_p1000_n0050_b087,Plug-in PC,p1000_n0050,87
plug_in_pc_p1000_n0050_b088,Plug-in PC,p1000_n0050,88
plug_in_pc_p1000_n0050_b089,Plug-in PC,p1000_n0050,89
plug_in_pc_p1000_n0050_b090,Plug-in PC,p1000_n0050,90
plug_in_pc_p1000_n0050_b091,Plug-in PC,p1000_n0050,91
plug_in_pc_p1000_n0050_b092,Plug-in PC,p1000_n0050,92
plug_in_pc_p1000_n0050_b093,Plug-in PC,p1000_n0050,93
plug_in_pc_p1000_n0050_b094,Plug-in PC,p1000_n0050,94
plug_in_pc_p1000_n0050_b095,Plug-in PC,p1000_n0050,95
plug_in_pc_p1000_n0050_b096,Plug-in PC,p1000_n0050,96
plug_in_pc_p1000_n0050_b097,Plug-in PC,p1000_n0050,97
plug_in_pc_p1000_n0050_b098,Plug-in PC,p1000_n0050,98
plug_in_pc_p1000_n0050_b099,Plug-in PC,p1000_n0050,99
plug_in_pc_p1000_n0050_b100,Plug-in PC,p1000_n0050,100
debiased_pc_p1000_n0200_b001,Debiased PC,p1000_n0200,1
debiased_pc_p1000_n0200_b002,Debiased PC,p1000_n0200,2
debiased_pc_p1000_n0200_b003,Debiased PC,p1000_n0200,3
debiased_pc_p1000_n0200_b004,Debiased PC,p1000_n0200,4
debiased_pc_p1000_n0200_b005,Debiased PC,p1000_n0200,5
debiased_pc_p1000_n0200_b006,Debiased PC,p1000_n0200,6
debiased_pc_p1000_n0200_b007,Debiased PC,p1000_n0200,7
debiased_pc_p1000_n0200_b008,Debiased PC,p1000_n0200,8
debiased_pc_p1000_n0200_b009,Debiased PC,p1000_n0200,9
debiased_pc_p1000_n0200_b010,Debiased PC,p1000_n0200,10
debiased_pc_p1000_n0200_b011,Debiased PC,p1000_n0200,11
debiased_pc_p1000_n0200_b012,Debiased PC,p1000_n0200,12
debiased_pc_p1000_n0200_b013,Debiased PC,p1000_n0200,13
debiased_pc_p1000_n0200_b014,Debiased PC,p1000_n0200,14
debiased_pc_p1000_n0200_b015,Debiased PC,p1000_n0200,15
debiased_pc_p1000_n0200_b016,Debiased PC,p1000_n0200,16
debiased_pc_p1000_n0200_b017,Debiased PC,p1000_n0200,17
debiased_pc_p1000_n0200_b018,Debiased PC,p1000_n0200,18
debiased_pc_p1000_n0200_b019,Debiased PC,p1000_n0200,19
debiased_pc_p1000_n0200_b020,Debiased PC,p1000_n0200,20
debiased_pc_p1000_n0200_b021,Debiased PC,p1000_n0200,21
debiased_pc_p1000_n0200_b022,Debiased PC,p1000_n0200,22
debiased_pc_p1000_n0200_b023,Debiased PC,p1000_n0200,23
debiased_pc_p1000_n0200_b024,Debiased PC,p1000_n0200,24
debiased_pc_p1000_n0200_b025,Debiased PC,p1000_n0200,25
debiased_pc_p1000_n0200_b026,Debiased PC,p1000_n0200,26
debiased_pc_p1000_n0200_b027,Debiased PC,p1000_n0200,27
debiased_pc_p1000_n0200_b028,Debiased PC,p1000_n0200,28
debiased_pc_p1000_n0200_b029,Debiased PC,p1000_n0200,29
debiased_pc_p1000_n0200_b030,Debiased PC,p1000_n0200,30
debiased_pc_p1000_n0200_b031,Debiased PC,p1000_n0200,31
debiased_pc_p1000_n0200_b032,Debiased PC,p1000_n0200,32
debiased_pc_p1000_n0200_b033,Debiased PC,p1000_n0200,33
debiased_pc_p1000_n0200_b034,Debiased PC,p1000_n0200,34
debiased_pc_p1000_n0200_b035,Debiased PC,p1000_n0200,35
debiased_pc_p1000_n0200_b036,Debiased PC,p1000_n0200,36
debiased_pc_p1000_n0200_b037,Debiased PC,p1000_n0200,37
debiased_pc_p1000_n0200_b038,Debiased PC,p1000_n0200,38
debiased_pc_p1000_n0200_b039,Debiased PC,p1000_n0200,39
debiased_pc_p1000_n0200_b040,Debiased PC,p1000_n0200,40
debiased_pc_p1000_n0200_b041,Debiased PC,p1000_n0200,41
debiased_pc_p1000_n0200_b042,Debiased PC,p1000_n0200,42
debiased_pc_p1000_n0200_b043,Debiased PC,p1000_n0200,43
debiased_pc_p1000_n0200_b044,Debiased PC,p1000_n0200,44
debiased_pc_p1000_n0200_b045,Debiased PC,p1000_n0200,45
debiased_pc_p1000_n0200_b046,Debiased PC,p1000_n0200,46
debiased_pc_p1000_n0200_b047,Debiased PC,p1000_n0200,47
debiased_pc_p1000_n0200_b048,Debiased PC,p1000_n0200,48
debiased_pc_p1000_n0200_b049,Debiased PC,p1000_n0200,49
debiased_pc_p1000_n0200_b050,Debiased PC,p1000_n0200,50
debiased_pc_p1000_n0200_b051,Debiased PC,p1000_n0200,51
debiased_pc_p1000_n0200_b052,Debiased PC,p1000_n0200,52
debiased_pc_p1000_n0200_b053,Debiased PC,p1000_n0200,53
debiased_pc_p1000_n0200_b054,Debiased PC,p1000_n0200,54
debiased_pc_p1000_n0200_b055,Debiased PC,p1000_n0200,55
debiased_pc_p1000_n0200_b056,Debiased PC,p1000_n0200,56
debiased_pc_p1000_n0200_b057,Debiased PC,p1000_n0200,57
debiased_pc_p1000_n0200_b058,Debiased PC,p1000_n0200,58
debiased_pc_p1000_n0200_b059,Debiased PC,p1000_n0200,59
debiased_pc_p1000_n0200_b060,Debiased PC,p1000_n0200,60
debiased_pc_p1000_n0200_b061,Debiased PC,p1000_n0200,61
debiased_pc_p1000_n0200_b062,Debiased PC,p1000_n0200,62
debiased_pc_p1000_n0200_b063,Debiased PC,p1000_n0200,63
debiased_pc_p1000_n0200_b064,Debiased PC,p1000_n0200,64
debiased_pc_p1000_n0200_b065,Debiased PC,p1000_n0200,65
debiased_pc_p1000_n0200_b066,Debiased PC,p1000_n0200,66
debiased_pc_p1000_n0200_b067,Debiased PC,p1000_n0200,67
debiased_pc_p1000_n0200_b068,Debiased PC,p1000_n0200,68
debiased_pc_p1000_n0200_b069,Debiased PC,p1000_n0200,69
debiased_pc_p1000_n0200_b070,Debiased PC,p1000_n0200,70
debiased_pc_p1000_n0200_b071,Debiased PC,p1000_n0200,71
debiased_pc_p1000_n0200_b072,Debiased PC,p1000_n0200,72
debiased_pc_p1000_n0200_b073,Debiased PC,p1000_n0200,73
debiased_pc_p1000_n0200_b074,Debiased PC,p1000_n0200,74
debiased_pc_p1000_n0200_b075,Debiased PC,p1000_n0200,75
debiased_pc_p1000_n0200_b076,Debiased PC,p1000_n0200,76
debiased_pc_p1000_n0200_b077,Debiased PC,p1000_n0200,77
debiased_pc_p1000_n0200_b078,Debiased PC,p1000_n0200,78
debiased_pc_p1000_n0200_b079,Debiased PC,p1000_n0200,79
debiased_pc_p1000_n0200_b080,Debiased PC,p1000_n0200,80
debiased_pc_p1000_n0200_b081,Debiased PC,p1000_n0200,81
debiased_pc_p1000_n0200_b082,Debiased PC,p1000_n0200,82
debiased_pc_p1000_n0200_b083,Debiased PC,p1000_n0200,83
debiased_pc_p1000_n0200_b084,Debiased PC,p1000_n0200,84
debiased_pc_p1000_n0200_b085,Debiased PC,p1000_n0200,85
debiased_pc_p1000_n0200_b086,Debiased PC,p1000_n0200,86
debiased_pc_p1000_n0200_b087,Debiased PC,p1000_n0200,87
debiased_pc_p1000_n0200_b088,Debiased PC,p1000_n0200,88
debiased_pc_p1000_n0200_b089,Debiased PC,p1000_n0200,89
debiased_pc_p1000_n0200_b090,Debiased PC,p1000_n0200,90
debiased_pc_p1000_n0200_b091,Debiased PC,p1000_n0200,91
debiased_pc_p1000_n0200_b092,Debiased PC,p1000_n0200,92
debiased_pc_p1000_n0200_b093,Debiased PC,p1000_n0200,93
debiased_pc_p1000_n0200_b094,Debiased PC,p1000_n0200,94
debiased_pc_p1000_n0200_b095,Debiased PC,p1000_n0200,95
debiased_pc_p1000_n0200_b096,Debiased PC,p1000_n0200,96
debiased_pc_p1000_n0200_b097,Debiased PC,p1000_n0200,97
debiased_pc_p1000_n0200_b098,Debiased PC,p1000_n0200,98
debiased_pc_p1000_n0200_b099,Debiased PC,p1000_n0200,99
debiased_pc_p1000_n0200_b100,Debiased PC,p1000_n0200,100
oracle_pc_p1000_n0200_b001,Oracle PC,p1000_n0200,1
oracle_pc_p1000_n0200_b002,Oracle PC,p1000_n0200,2
oracle_pc_p1000_n0200_b003,Oracle PC,p1000_n0200,3
oracle_pc_p1000_n0200_b004,Oracle PC,p1000_n0200,4
oracle_pc_p1000_n0200_b005,Oracle PC,p1000_n0200,5
oracle_pc_p1000_n0200_b006,Oracle PC,p1000_n0200,6
oracle_pc_p1000_n0200_b007,Oracle PC,p1000_n0200,7
oracle_pc_p1000_n0200_b008,Oracle PC,p1000_n0200,8
oracle_pc_p1000_n0200_b009,Oracle PC,p1000_n0200,9
oracle_pc_p1000_n0200_b010,Oracle PC,p1000_n0200,10
oracle_pc_p1000_n0200_b011,Oracle PC,p1000_n0200,11
oracle_pc_p1000_n0200_b012,Oracle PC,p1000_n0200,12
oracle_pc_p1000_n0200_b013,Oracle PC,p1000_n0200,13
oracle_pc_p1000_n0200_b014,Oracle PC,p1000_n0200,14
oracle_pc_p1000_n0200_b015,Oracle PC,p1000_n0200,15
oracle_pc_p1000_n0200_b016,Oracle PC,p1000_n0200,16
oracle_pc_p1000_n0200_b017,Oracle PC,p1000_n0200,17
oracle_pc_p1000_n0200_b018,Oracle PC,p1000_n0200,18
oracle_pc_p1000_n0200_b019,Oracle PC,p1000_n0200,19
oracle_pc_p1000_n0200_b020,Oracle PC,p1000_n0200,20
oracle_pc_p1000_n0200_b021,Oracle PC,p1000_n0200,21
oracle_pc_p1000_n0200_b022,Oracle PC,p1000_n0200,22
oracle_pc_p1000_n0200_b023,Oracle PC,p1000_n0200,23
oracle_pc_p1000_n0200_b024,Oracle PC,p1000_n0200,24
oracle_pc_p1000_n0200_b025,Oracle PC,p1000_n0200,25
oracle_pc_p1000_n0200_b026,Oracle PC,p1000_n0200,26
oracle_pc_p1000_n0200_b027,Oracle PC,p1000_n0200,27
oracle_pc_p1000_n0200_b028,Oracle PC,p1000_n0200,28
oracle_pc_p1000_n0200_b029,Oracle PC,p1000_n0200,29
oracle_pc_p1000_n0200_b030,Oracle PC,p1000_n0200,30
oracle_pc_p1000_n0200_b031,Oracle PC,p1000_n0200,31
oracle_pc_p1000_n0200_b032,Oracle PC,p1000_n0200,32
oracle_pc_p1000_n0200_b033,Oracle PC,p1000_n0200,33
oracle_pc_p1000_n0200_b034,Oracle PC,p1000_n0200,34
oracle_pc_p1000_n0200_b035,Oracle PC,p1000_n0200,35
oracle_pc_p1000_n0200_b036,Oracle PC,p1000_n0200,36
oracle_pc_p1000_n0200_b037,Oracle PC,p1000_n0200,37
oracle_pc_p1000_n0200_b038,Oracle PC,p1000_n0200,38
oracle_pc_p1000_n0200_b039,Oracle PC,p1000_n0200,39
oracle_pc_p1000_n0200_b040,Oracle PC,p1000_n0200,40
oracle_pc_p1000_n0200_b041,Oracle PC,p1000_n0200,41
oracle_pc_p1000_n0200_b042,Oracle PC,p1000_n0200,42
oracle_pc_p1000_n0200_b043,Oracle PC,p1000_n0200,43
oracle_pc_p1000_n0200_b044,Oracle PC,p1000_n0200,44
oracle_pc_p1000_n0200_b045,Oracle PC,p1000_n0200,45
oracle_pc_p1000_n0200_b046,Oracle PC,p1000_n0200,46
oracle_pc_p1000_n0200_b047,Oracle PC,p1000_n0200,47
oracle_pc_p1000_n0200_b048,Oracle PC,p1000_n0200,48
oracle_pc_p1000_n0200_b049,Oracle PC,p1000_n0200,49
oracle_pc_p1000_n0200_b050,Oracle PC,p1000_n0200,50
oracle_pc_p1000_n0200_b051,Oracle PC,p1000_n0200,51
oracle_pc_p1000_n0200_b052,Oracle PC,p1000_n0200,52
oracle_pc_p1000_n0200_b053,Oracle PC,p1000_n0200,53
oracle_pc_p1000_n0200_b054,Oracle PC,p1000_n0200,54
oracle_pc_p1000_n0200_b055,Oracle PC,p1000_n0200,55
oracle_pc_p1000_n0200_b056,Oracle PC,p1000_n0200,56
oracle_pc_p1000_n0200_b057,Oracle PC,p1000_n0200,57
oracle_pc_p1000_n0200_b058,Oracle PC,p1000_n0200,58
oracle_pc_p1000_n0200_b059,Oracle PC,p1000_n0200,59
oracle_pc_p1000_n0200_b060,Oracle PC,p1000_n0200,60
oracle_pc_p1000_n0200_b061,Oracle PC,p1000_n0200,61
oracle_pc_p1000_n0200_b062,Oracle PC,p1000_n0200,62
oracle_pc_p1000_n0200_b063,Oracle PC,p1000_n0200,63
oracle_pc_p1000_n0200_b064,Oracle PC,p1000_n0200,64
oracle_pc_p1000_n0200_b065,Oracle PC,p1000_n0200,65
oracle_pc_p1000_n0200_b066,Oracle PC,p1000_n0200,66
oracle_pc_p1000_n0200_b067,Oracle PC,p1000_n0200,67
oracle_pc_p1000_n0200_b068,Oracle PC,p1000_n0200,68
oracle_pc_p1000_n0200_b069,Oracle PC,p1000_n0200,69
oracle_pc_p1000_n0200_b070,Oracle PC,p1000_n0200,70
oracle_pc_p1000_n0200_b071,Oracle PC,p1000_n0200,71
oracle_pc_p1000_n0200_b072,Oracle PC,p1000_n0200,72
oracle_pc_p1000_n0200_b073,Oracle PC,p1000_n0200,73
oracle_pc_p1000_n0200_b074,Oracle PC,p1000_n0200,74
oracle_pc_p1000_n0200_b075,Oracle PC,p1000_n0200,75
oracle_pc_p1000_n0200_b076,Oracle PC,p1000_n0200,76
oracle_pc_p1000_n0200_b077,Oracle PC,p1000_n0200,77
oracle_pc_p1000_n0200_b078,Oracle PC,p1000_n0200,78
oracle_pc_p1000_n0200_b079,Oracle PC,p1000_n0200,79
oracle_pc_p1000_n0200_b080,Oracle PC,p1000_n0200,80
oracle_pc_p1000_n0200_b081,Oracle PC,p1000_n0200,81
oracle_pc_p1000_n0200_b082,Oracle PC,p1000_n0200,82
oracle_pc_p1000_n0200_b083,Oracle PC,p1000_n0200,83
oracle_pc_p1000_n0200_b084,Oracle PC,p1000_n0200,84
oracle_pc_p1000_n0200_b085,Oracle PC,p1000_n0200,85
oracle_pc_p1000_n0200_b086,Oracle PC,p1000_n0200,86
oracle_pc_p1000_n0200_b087,Oracle PC,p1000_n0200,87
oracle_pc_p1000_n0200_b088,Oracle PC,p1000_n0200,88
oracle_pc_p1000_n0200_b089,Oracle PC,p1000_n0200,89
oracle_pc_p1000_n0200_b090,Oracle PC,p1000_n0200,90
oracle_pc_p1000_n0200_b091,Oracle PC,p1000_n0200,91
oracle_pc_p1000_n0200_b092,Oracle PC,p1000_n0200,92
oracle_pc_p1000_n0200_b093,Oracle PC,p1000_n0200,93
oracle_pc_p1000_n0200_b094,Oracle PC,p1000_n0200,94
oracle_pc_p1000_n0200_b095,Oracle PC,p1000_n0200,95
oracle_pc_p1000_n0200_b096,Oracle PC,p1000_n0200,96
oracle_pc_p1000_n0200_b097,Oracle PC,p1000_n0200,97
oracle_pc_p1000_n0200_b098,Oracle PC,p1000_n0200,98
oracle_pc_p1000_n0200_b099,Oracle PC,p1000_n0200,99
oracle_pc_p1000_n0200_b100,Oracle PC,p1000_n0200,100
plug_in_pc_p1000_n0200_b001,Plug-in PC,p1000_n0200,1
plug_in_pc_p1000_n0200_b002,Plug-in PC,p1000_n0200,2
plug_in_pc_p1000_n0200_b003,Plug-in PC,p1000_n0200,3
plug_in_pc_p1000_n0200_b004,Plug-in PC,p1000_n0200,4
plug_in_pc_p1000_n0200_b005,Plug-in PC,p1000_n0200,5
plug_in_pc_p1000_n0200_b006,Plug-in PC,p1000_n0200,6
plug_in_pc_p1000_n0200_b007,Plug-in PC,p1000_n0200,7
plug_in_pc_p1000_n0200_b008,Plug-in PC,p1000_n0200,8
plug_in_pc_p1000_n0200_b009,Plug-in PC,p1000_n0200,9
plug_in_pc_p1000_n0200_b010,Plug-in PC,p1000_n0200,10
plug_in_pc_p1000_n0200_b011,Plug-in PC,p1000_n0200,11
plug_in_pc_p1000_n0200_b012,Plug-in PC,p1000_n0200,12
plug_in_pc_p1000_n0200_b013,Plug-in PC,p1000_n0200,13
plug_in_pc_p1000_n0200_b014,Plug-in PC,p1000_n0200,14
plug_in_pc_p1000_n0200_b015,Plug-in PC,p1000_n0200,15
plug_in_pc_p1000_n0200_b016,Plug-in PC,p1000_n0200,16
plug_in_pc_p1000_n0200_b017,Plug-in PC,p1000_n0200,17
plug_in_pc_p1000_n0200_b018,Plug-in PC,p1000_n0200,18
plug_in_pc_p1000_n0200_b019,Plug-in PC,p1000_n0200,19
plug_in_pc_p1000_n0200_b020,Plug-in PC,p1000_n0200,20
plug_in_pc_p1000_n0200_b021,Plug-in PC,p1000_n0200,21
plug_in_pc_p1000_n0200_b022,Plug-in PC,p1000_n0200,22
plug_in_pc_p1000_n0200_b023,Plug-in PC,p1000_n0200,23
plug_in_pc_p1000_n0200_b024,Plug-in PC,p1000_n0200,24
plug_in_pc_p1000_n0200_b025,Plug-in PC,p1000_n0200,25
plug_in_pc_p1000_n0200_b026,Plug-in PC,p1000_n0200,26
plug_in_pc_p1000_n0200_b027,Plug-in PC,p1000_n0200,27
plug_in_pc_p1000_n0200_b028,Plug-in PC,p1000_n0200,28
plug_in_pc_p1000_n0200_b029,Plug-in PC,p1000_n0200,29
plug_in_pc_p1000_n0200_b030,Plug-in PC,p1000_n0200,30
plug_in_pc_p1000_n0200_b031,Plug-in PC,p1000_n0200,31
plug_in_pc_p1000_n0200_b032,Plug-in PC,p1000_n0200,32
plug_in_pc_p1000_n0200_b033,Plug-in PC,p1000_n0200,33
plug_in_pc_p1000_n0200_b034,Plug-in PC,p1000_n0200,34
plug_in_pc_p1000_n0200_b035,Plug-in PC,p1000_n0200,35
plug_in_pc_p1000_n0200_b036,Plug-in PC,p1000_n0200,36
plug_in_pc_p1000_n0200_b037,Plug-in PC,p1000_n0200,37
plug_in_pc_p1000_n0200_b038,Plug-in PC,p1000_n0200,38
plug_in_pc_p1000_n0200_b039,Plug-in PC,p1000_n0200,39
plug_in_pc_p1000_n0200_b040,Plug-in PC,p1000_n0200,40
plug_in_pc_p1000_n0200_b041,Plug-in PC,p1000_n0200,41
plug_in_pc_p1000_n0200_b042,Plug-in PC,p1000_n0200,42
plug_in_pc_p1000_n0200_b043,Plug-in PC,p1000_n0200,43
plug_in_pc_p1000_n0200_b044,Plug-in PC,p1000_n0200,44
plug_in_pc_p1000_n0200_b045,Plug-in PC,p1000_n0200,45
plug_in_pc_p1000_n0200_b046,Plug-in PC,p1000_n0200,46
plug_in_pc_p1000_n0200_b047,Plug-in PC,p1000_n0200,47
plug_in_pc_p1000_n0200_b048,Plug-in PC,p1000_n0200,48
plug_in_pc_p1000_n0200_b049,Plug-in PC,p1000_n0200,49
plug_in_pc_p1000_n0200_b050,Plug-in PC,p1000_n0200,50
plug_in_pc_p1000_n0200_b051,Plug-in PC,p1000_n0200,51
plug_in_pc_p1000_n0200_b052,Plug-in PC,p1000_n0200,52
plug_in_pc_p1000_n0200_b053,Plug-in PC,p1000_n0200,53
plug_in_pc_p1000_n0200_b054,Plug-in PC,p1000_n0200,54
plug_in_pc_p1000_n0200_b055,Plug-in PC,p1000_n0200,55
plug_in_pc_p1000_n0200_b056,Plug-in PC,p1000_n0200,56
plug_in_pc_p1000_n0200_b057,Plug-in PC,p1000_n0200,57
plug_in_pc_p1000_n0200_b058,Plug-in PC,p1000_n0200,58
plug_in_pc_p1000_n0200_b059,Plug-in PC,p1000_n0200,59
plug_in_pc_p1000_n0200_b060,Plug-in PC,p1000_n0200,60
plug_in_pc_p1000_n0200_b061,Plug-in PC,p1000_n0200,61
plug_in_pc_p1000_n0200_b062,Plug-in PC,p1000_n0200,62
plug_in_pc_p1000_n0200_b063,Plug-in PC,p1000_n0200,63
plug_in_pc_p1000_n0200_b064,Plug-in PC,p1000_n0200,64
plug_in_pc_p1000_n0200_b065,Plug-in PC,p1000_n0200,65
plug_in_pc_p1000_n0200_b066,Plug-in PC,p1000_n0200,66
plug_in_pc_p1000_n0200_b067,Plug-in PC,p1000_n0200,67
plug_in_pc_p1000_n0200_b068,Plug-in PC,p1000_n0200,68
plug_in_pc_p1000_n0200_b069,Plug-in PC,p1000_n0200,69
plug_in_pc_p1000_n0200_b070,Plug-in PC,p1000_n0200,70
plug_in_pc_p1000_n0200_b071,Plug-in PC,p1000_n0200,71
plug_in_pc_p1000_n0200_b072,Plug-in PC,p1000_n0200,72
plug_in_pc_p1000_n0200_b073,Plug-in PC,p1000_n0200,73
plug_in_pc_p1000_n0200_b074,Plug-in PC,p1000_n0200,74
plug_in_pc_p1000_n0200_b075,Plug-in PC,p1000_n0200,75
plug_in_pc_p1000_n0200_b076,Plug-in PC,p1000_n0200,76
plug_in_pc_p1000_n0200_b077,Plug-in PC,p1000_n0200,77
plug_in_pc_p1000_n0200_b078,Plug-in PC,p1000_n0200,78
plug_in_pc_p1000_n0200_b079,Plug-in PC,p1000_n0200,79
plug_in_pc_p1000_n0200_b080,Plug-in PC,p1000_n0200,80
plug_in_pc_p1000_n0200_b081,Plug-in PC,p1000_n0200,81
plug_in_pc_p1000_n0200_b082,Plug-in PC,p1000_n0200,82
plug_in_pc_p1000_n0200_b083,Plug-in PC,p1000_n0200,83
plug_in_pc_p1000_n0200_b084,Plug-in PC,p1000_n0200,84
plug_in_pc_p1000_n0200_b085,Plug-in PC,p1000_n0200,85
plug_in_pc_p1000_n0200_b086,Plug-in PC,p1000_n0200,86
plug_in_pc_p1000_n0200_b087,Plug-in PC,p1000_n0200,87
plug_in_pc_p1000_n0200_b088,Plug-in PC,p1000_n0200,88
plug_in_pc_p1000_n0200_b089,Plug-in PC,p1000_n0200,89
plug_in_pc_p1000_n0200_b090,Plug-in PC,p1000_n0200,90
plug_in_pc_p1000_n0200_b091,Plug-in PC,p1000_n0200,91
plug_in_pc_p1000_n0200_b092,Plug-in PC,p1000_n0200,92
plug_in_pc_p1000_n0200_b093,Plug-in PC,p1000_n0200,93
plug_in_pc_p1000_n0200_b094,Plug-in PC,p1000_n0200,94
plug_in_pc_p1000_n0200_b095,Plug-in PC,p1000_n0200,95
plug_in_pc_p1000_n0200_b096,Plug-in PC,p1000_n0200,96
plug_in_pc_p1000_n0200_b097,Plug-in PC,p1000_n0200,97
plug_in_pc_p1000_n0200_b098,Plug-in PC,p1000_n0200,98
plug_in_pc_p1000_n0200_b099,Plug-in PC,p1000_n0200,99
plug_in_pc_p1000_n0200_b100,Plug-in PC,p1000_n0200,100
debiased_pc_p1000_n0400_b001,Debiased PC,p1000_n0400,1
debiased_pc_p1000_n0400_b002,Debiased PC,p1000_n0400,2
debiased_pc_p1000_n0400_b003,Debiased PC,p1000_n0400,3
debiased_pc_p1000_n0400_b004,Debiased PC,p1000_n0400,4
debiased_pc_p1000_n0400_b005,Debiased PC,p1000_n0400,5
debiased_pc_p1000_n0400_b006,Debiased PC,p1000_n0400,6
debiased_pc_p1000_n0400_b007,Debiased PC,p1000_n0400,7
debiased_pc_p1000_n0400_b008,Debiased PC,p1000_n0400,8
debiased_pc_p1000_n0400_b009,Debiased PC,p1000_n0400,9
debiased_pc_p1000_n0400_b010,Debiased PC,p1000_n0400,10
debiased_pc_p1000_n0400_b011,Debiased PC,p1000_n0400,11
debiased_pc_p1000_n0400_b012,Debiased PC,p1000_n0400,12
debiased_pc_p1000_n0400_b013,Debiased PC,p1000_n0400,13
debiased_pc_p1000_n0400_b014,Debiased PC,p1000_n0400,14
debiased_pc_p1000_n0400_b015,Debiased PC,p1000_n0400,15
debiased_pc_p1000_n0400_b016,Debiased PC,p1000_n0400,16
debiased_pc_p1000_n0400_b017,Debiased PC,p1000_n0400,17
debiased_pc_p1000_n0400_b018,Debiased PC,p1000_n0400,18
debiased_pc_p1000_n0400_b019,Debiased PC,p1000_n0400,19
debiased_pc_p1000_n0400_b020,Debiased PC,p1000_n0400,20
debiased_pc_p1000_n0400_b021,Debiased PC,p1000_n0400,21
debiased_pc_p1000_n0400_b022,Debiased PC,p1000_n0400,22
debiased_pc_p1000_n0400_b023,Debiased PC,p1000_n0400,23
debiased_pc_p1000_n0400_b024,Debiased PC,p1000_n0400,24
debiased_pc_p1000_n0400_b025,Debiased PC,p1000_n0400,25
debiased_pc_p1000_n0400_b026,Debiased PC,p1000_n0400,26
debiased_pc_p1000_n0400_b027,Debiased PC,p1000_n0400,27
debiased_pc_p1000_n0400_b028,Debiased PC,p1000_n0400,28
debiased_pc_p1000_n0400_b029,Debiased PC,p1000_n0400,29
debiased_pc_p1000_n0400_b030,Debiased PC,p1000_n0400,30
debiased_pc_p1000_n0400_b031,Debiased PC,p1000_n0400,31
debiased_pc_p1000_n0400_b032,Debiased PC,p1000_n0400,32
debiased_pc_p1000_n0400_b033,Debiased PC,p1000_n0400,33
debiased_pc_p1000_n0400_b034,Debiased PC,p1000_n0400,34
debiased_pc_p1000_n0400_b035,Debiased PC,p1000_n0400,35
debiased_pc_p1000_n0400_b036,Debiased PC,p1000_n0400,36
debiased_pc_p1000_n0400_b037,Debiased PC,p1000_n0400,37
debiased_pc_p1000_n0400_b038,Debiased PC,p1000_n0400,38
debiased_pc_p1000_n0400_b039,Debiased PC,p1000_n0400,39
debiased_pc_p1000_n0400_b040,Debiased PC,p1000_n0400,40
debiased_pc_p1000_n0400_b041,Debiased PC,p1000_n0400,41
debiased_pc_p1000_n0400_b042,Debiased PC,p1000_n0400,42
debiased_pc_p1000_n0400_b043,Debiased PC,p1000_n0400,43
debiased_pc_p1000_n0400_b044,Debiased PC,p1000_n0400,44
debiased_pc_p1000_n0400_b045,Debiased PC,p1000_n0400,45
debiased_pc_p1000_n0400_b046,Debiased PC,p1000_n0400,46
debiased_pc_p1000_n0400_b047,Debiased PC,p1000_n0400,47
debiased_pc_p1000_n0400_b048,Debiased PC,p1000_n0400,48
debiased_pc_p1000_n0400_b049,Debiased PC,p1000_n0400,49
debiased_pc_p1000_n0400_b050,Debiased PC,p1000_n0400,50
debiased_pc_p1000_n0400_b051,Debiased PC,p1000_n0400,51
debiased_pc_p1000_n0400_b052,Debiased PC,p1000_n0400,52
debiased_pc_p1000_n0400_b053,Debiased PC,p1000_n0400,53
debiased_pc_p1000_n0400_b054,Debiased PC,p1000_n0400,54
debiased_pc_p1000_n0400_b055,Debiased PC,p1000_n0400,55
debiased_pc_p1000_n0400_b056,Debiased PC,p1000_n0400,56
debiased_pc_p1000_n0400_b057,Debiased PC,p1000_n0400,57
debiased_pc_p1000_n0400_b058,Debiased PC,p1000_n0400,58
debiased_pc_p1000_n0400_b059,Debiased PC,p1000_n0400,59
debiased_pc_p1000_n0400_b060,Debiased PC,p1000_n0400,60
debiased_pc_p1000_n0400_b061,Debiased PC,p1000_n0400,61
debiased_pc_p1000_n0400_b062,Debiased PC,p1000_n0400,62
debiased_pc_p1000_n0400_b063,Debiased PC,p1000_n0400,63
debiased_pc_p1000_n0400_b064,Debiased PC,p1000_n0400,64
debiased_pc_p1000_n0400_b065,Debiased PC,p1000_n0400,65
debiased_pc_p1000_n0400_b066,Debiased PC,p1000_n0400,66
debiased_pc_p1000_n0400_b067,Debiased PC,p1000_n0400,67
debiased_pc_p1000_n0400_b068,Debiased PC,p1000_n0400,68
debiased_pc_p1000_n0400_b069,Debiased PC,p1000_n0400,69
debiased_pc_p1000_n0400_b070,Debiased PC,p1000_n0400,70
debiased_pc_p1000_n0400_b071,Debiased PC,p1000_n0400,71
debiased_pc_p1000_n0400_b072,Debiased PC,p1000_n0400,72
debiased_pc_p1000_n0400_b073,Debiased PC,p1000_n0400,73
debiased_pc_p1000_n0400_b074,Debiased PC,p1000_n0400,74
debiased_pc_p1000_n0400_b075,Debiased PC,p1000_n0400,75
debiased_pc_p1000_n0400_b076,Debiased PC,p1000_n0400,76
debiased_pc_p1000_n0400_b077,Debiased PC,p1000_n0400,77
debiased_pc_p1000_n0400_b078,Debiased PC,p1000_n0400,78
debiased_pc_p1000_n0400_b079,Debiased PC,p1000_n0400,79
debiased_pc_p1000_n0400_b080,Debiased PC,p1000_n0400,80
debiased_pc_p1000_n0400_b081,Debiased PC,p1000_n0400,81
debiased_pc_p1000_n0400_b082,Debiased PC,p1000_n0400,82
debiased_pc_p1000_n0400_b083,Debiased PC,p1000_n0400,83
debiased_pc_p1000_n0400_b084,Debiased PC,p1000_n0400,84
debiased_pc_p1000_n0400_b085,Debiased PC,p1000_n0400,85
debiased_pc_p1000_n0400_b086,Debiased PC,p1000_n0400,86
debiased_pc_p1000_n0400_b087,Debiased PC,p1000_n0400,87
debiased_pc_p1000_n0400_b088,Debiased PC,p1000_n0400,88
debiased_pc_p1000_n0400_b089,Debiased PC,p1000_n0400,89
debiased_pc_p1000_n0400_b090,Debiased PC,p1000_n0400,90
debiased_pc_p1000_n0400_b091,Debiased PC,p1000_n0400,91
debiased_pc_p1000_n0400_b092,Debiased PC,p1000_n0400,92
debiased_pc_p1000_n0400_b093,Debiased PC,p1000_n0400,93
debiased_pc_p1000_n0400_b094,Debiased PC,p1000_n0400,94
debiased_pc_p1000_n0400_b095,Debiased PC,p1000_n0400,95
debiased_pc_p1000_n0400_b096,Debiased PC,p1000_n0400,96
debiased_pc_p1000_n0400_b097,Debiased PC,p1000_n0400,97
debiased_pc_p1000_n0400_b098,Debiased PC,p1000_n0400,98
debiased_pc_p1000_n0400_b099,Debiased PC,p1000_n0400,99
debiased_pc_p1000_n0400_b100,Debiased PC,p1000_n0400,100
oracle_pc_p1000_n0400_b001,Oracle PC,p1000_n0400,1
oracle_pc_p1000_n0400_b002,Oracle PC,p1000_n0400,2
oracle_pc_p1000_n0400_b003,Oracle PC,p1000_n0400,3
oracle_pc_p1000_n0400_b004,Oracle PC,p1000_n0400,4
oracle_pc_p1000_n0400_b005,Oracle PC,p1000_n0400,5
oracle_pc_p1000_n0400_b006,Oracle PC,p1000_n0400,6
oracle_pc_p1000_n0400_b007,Oracle PC,p1000_n0400,7
oracle_pc_p1000_n0400_b008,Oracle PC,p1000_n0400,8
oracle_pc_p1000_n0400_b009,Oracle PC,p1000_n0400,9
oracle_pc_p1000_n0400_b010,Oracle PC,p1000_n0400,10
oracle_pc_p1000_n0400_b011,Oracle PC,p1000_n0400,11
oracle_pc_p1000_n0400_b012,Oracle PC,p1000_n0400,12
oracle_pc_p1000_n0400_b013,Oracle PC,p1000_n0400,13
oracle_pc_p1000_n0400_b014,Oracle PC,p1000_n0400,14
oracle_pc_p1000_n0400_b015,Oracle PC,p1000_n0400,15
oracle_pc_p1000_n0400_b016,Oracle PC,p1000_n0400,16
oracle_pc_p1000_n0400_b017,Oracle PC,p1000_n0400,17
oracle_pc_p1000_n0400_b018,Oracle PC,p1000_n0400,18
oracle_pc_p1000_n0400_b019,Oracle PC,p1000_n0400,19
oracle_pc_p1000_n0400_b020,Oracle PC,p1000_n0400,20
oracle_pc_p1000_n0400_b021,Oracle PC,p1000_n0400,21
oracle_pc_p1000_n0400_b022,Oracle PC,p1000_n0400,22
oracle_pc_p1000_n0400_b023,Oracle PC,p1000_n0400,23
oracle_pc_p1000_n0400_b024,Oracle PC,p1000_n0400,24
oracle_pc_p1000_n0400_b025,Oracle PC,p1000_n0400,25
oracle_pc_p1000_n0400_b026,Oracle PC,p1000_n0400,26
oracle_pc_p1000_n0400_b027,Oracle PC,p1000_n0400,27
oracle_pc_p1000_n0400_b028,Oracle PC,p1000_n0400,28
oracle_pc_p1000_n0400_b029,Oracle PC,p1000_n0400,29
oracle_pc_p1000_n0400_b030,Oracle PC,p1000_n0400,30
oracle_pc_p1000_n0400_b031,Oracle PC,p1000_n0400,31
oracle_pc_p1000_n0400_b032,Oracle PC,p1000_n0400,32
oracle_pc_p1000_n0400_b033,Oracle PC,p1000_n0400,33
oracle_pc_p1000_n0400_b034,Oracle PC,p1000_n0400,34
oracle_pc_p1000_n0400_b035,Oracle PC,p1000_n0400,35
oracle_pc_p1000_n0400_b036,Oracle PC,p1000_n0400,36
oracle_pc_p1000_n0400_b037,Oracle PC,p1000_n0400,37
oracle_pc_p1000_n0400_b038,Oracle PC,p1000_n0400,38
oracle_pc_p1000_n0400_b039,Oracle PC,p1000_n0400,39
oracle_pc_p1000_n0400_b040,Oracle PC,p1000_n0400,40
oracle_pc_p1000_n0400_b041,Oracle PC,p1000_n0400,41
oracle_pc_p1000_n0400_b042,Oracle PC,p1000_n0400,42
oracle_pc_p1000_n0400_b043,Oracle PC,p1000_n0400,43
oracle_pc_p1000_n0400_b044,Oracle PC,p1000_n0400,44
oracle_pc_p1000_n0400_b045,Oracle PC,p1000_n0400,45
oracle_pc_p1000_n0400_b046,Oracle PC,p1000_n0400,46
oracle_pc_p1000_n0400_b047,Oracle PC,p1000_n0400,47
oracle_pc_p1000_n0400_b048,Oracle PC,p1000_n0400,48
oracle_pc_p1000_n0400_b049,Oracle PC,p1000_n0400,49
oracle_pc_p1000_n0400_b050,Oracle PC,p1000_n0400,50
oracle_pc_p1000_n0400_b051,Oracle PC,p1000_n0400,51
oracle_pc_p1000_n0400_b052,Oracle PC,p1000_n0400,52
oracle_pc_p1000_n0400_b053,Oracle PC,p1000_n0400,53
oracle_pc_p1000_n0400_b054,Oracle PC,p1000_n0400,54
oracle_pc_p1000_n0400_b055,Oracle PC,p1000_n0400,55
oracle_pc_p1000_n0400_b056,Oracle PC,p1000_n0400,56
oracle_pc_p1000_n0400_b057,Oracle PC,p1000_n0400,57
oracle_pc_p1000_n0400_b058,Oracle PC,p1000_n0400,58
oracle_pc_p1000_n0400_b059,Oracle PC,p1000_n0400,59
oracle_pc_p1000_n0400_b060,Oracle PC,p1000_n0400,60
oracle_pc_p1000_n0400_b061,Oracle PC,p1000_n0400,61
oracle_pc_p1000_n0400_b062,Oracle PC,p1000_n0400,62
oracle_pc_p1000_n0400_b063,Oracle PC,p1000_n0400,63
oracle_pc_p1000_n0400_b064,Oracle PC,p1000_n0400,64
oracle_pc_p1000_n0400_b065,Oracle PC,p1000_n0400,65
oracle_pc_p1000_n0400_b066,Oracle PC,p1000_n0400,66
oracle_pc_p1000_n0400_b067,Oracle PC,p1000_n0400,67
oracle_pc_p1000_n0400_b068,Oracle PC,p1000_n0400,68
oracle_pc_p1000_n0400_b069,Oracle PC,p1000_n0400,69
oracle_pc_p1000_n0400_b070,Oracle PC,p1000_n0400,70
oracle_pc_p1000_n0400_b071,Oracle PC,p1000_n0400,71
oracle_pc_p1000_n0400_b072,Oracle PC,p1000_n0400,72
oracle_pc_p1000_n0400_b073,Oracle PC,p1000_n0400,73
oracle_pc_p1000_n0400_b074,Oracle PC,p1000_n0400,74
oracle_pc_p1000_n0400_b075,Oracle PC,p1000_n0400,75
oracle_pc_p1000_n0400_b076,Oracle PC,p1000_n0400,76
oracle_pc_p1000_n0400_b077,Oracle PC,p1000_n0400,77
oracle_pc_p1000_n0400_b078,Oracle PC,p1000_n0400,78
oracle_pc_p1000_n0400_b079,Oracle PC,p1000_n0400,79
oracle_pc_p1000_n0400_b080,Oracle PC,p1000_n0400,80
oracle_pc_p1000_n0400_b081,Oracle PC,p1000_n0400,81
oracle_pc_p1000_n0400_b082,Oracle PC,p1000_n0400,82
oracle_pc_p1000_n0400_b083,Oracle PC,p1000_n0400,83
oracle_pc_p1000_n0400_b084,Oracle PC,p1000_n0400,84
oracle_pc_p1000_n0400_b085,Oracle PC,p1000_n0400,85
oracle_pc_p1000_n0400_b086,Oracle PC,p1000_n0400,86
oracle_pc_p1000_n0400_b087,Oracle PC,p1000_n0400,87
oracle_pc_p1000_n0400_b088,Oracle PC,p1000_n0400,88
oracle_pc_p1000_n0400_b089,Oracle PC,p1000_n0400,89
oracle_pc_p1000_n0400_b090,Oracle PC,p1000_n0400,90
oracle_pc_p1000_n0400_b091,Oracle PC,p1000_n0400,91
oracle_pc_p1000_n0400_b092,Oracle PC,p1000_n0400,92
oracle_pc_p1000_n0400_b093,Oracle PC,p1000_n0400,93
oracle_pc_p1000_n0400_b094,Oracle PC,p1000_n0400,94
oracle_pc_p1000_n0400_b095,Oracle PC,p1000_n0400,95
oracle_pc_p1000_n0400_b096,Oracle PC,p1000_n0400,96
oracle_pc_p1000_n0400_b097,Oracle PC,p1000_n0400,97
oracle_pc_p1000_n0400_b098,Oracle PC,p1000_n0400,98
oracle_pc_p1000_n0400_b099,Oracle PC,p1000_n0400,99
oracle_pc_p1000_n0400_b100,Oracle PC,p1000_n0400,100
plug_in_pc_p1000_n0400_b001,Plug-in PC,p1000_n0400,1
plug_in_pc_p1000_n0400_b002,Plug-in PC,p1000_n0400,2
plug_in_pc_p1000_n0400_b003,Plug-in PC,p1000_n0400,3
plug_in_pc_p1000_n0400_b004,Plug-in PC,p1000_n0400,4
plug_in_pc_p1000_n0400_b005,Plug-in PC,p1000_n0400,5
plug_in_pc_p1000_n0400_b006,Plug-in PC,p1000_n0400,6
plug_in_pc_p1000_n0400_b007,Plug-in PC,p1000_n0400,7
plug_in_pc_p1000_n0400_b008,Plug-in PC,p1000_n0400,8
plug_in_pc_p1000_n0400_b009,Plug-in PC,p1000_n0400,9
plug_in_pc_p1000_n0400_b010,Plug-in PC,p1000_n0400,10
plug_in_pc_p1000_n0400_b011,Plug-in PC,p1000_n0400,11
plug_in_pc_p1000_n0400_b012,Plug-in PC,p1000_n0400,12
plug_in_pc_p1000_n0400_b013,Plug-in PC,p1000_n0400,13
plug_in_pc_p1000_n0400_b014,Plug-in PC,p1000_n0400,14
plug_in_pc_p1000_n0400_b015,Plug-in PC,p1000_n0400,15
plug_in_pc_p1000_n0400_b016,Plug-in PC,p1000_n0400,16
plug_in_pc_p1000_n0400_b017,Plug-in PC,p1000_n0400,17
plug_in_pc_p1000_n0400_b018,Plug-in PC,p1000_n0400,18
plug_in_pc_p1000_n0400_b019,Plug-in PC,p1000_n0400,19
plug_in_pc_p1000_n0400_b020,Plug-in PC,p1000_n0400,20
plug_in_pc_p1000_n0400_b021,Plug-in PC,p1000_n0400,21
plug_in_pc_p1000_n0400_b022,Plug-in PC,p1000_n0400,22
plug_in_pc_p1000_n0400_b023,Plug-in PC,p1000_n0400,23
plug_in_pc_p1000_n0400_b024,Plug-in PC,p1000_n0400,24
plug_in_pc_p1000_n0400_b025,Plug-in PC,p1000_n0400,25
plug_in_pc_p1000_n0400_b026,Plug-in PC,p1000_n0400,26
plug_in_pc_p1000_n0400_b027,Plug-in PC,p1000_n0400,27
plug_in_pc_p1000_n0400_b028,Plug-in PC,p1000_n0400,28
plug_in_pc_p1000_n0400_b029,Plug-in PC,p1000_n0400,29
plug_in_pc_p1000_n0400_b030,Plug-in PC,p1000_n0400,30
plug_in_pc_p1000_n0400_b031,Plug-in PC,p1000_n0400,31
plug_in_pc_p1000_n0400_b032,Plug-in PC,p1000_n0400,32
plug_in_pc_p1000_n0400_b033,Plug-in PC,p1000_n0400,33
plug_in_pc_p1000_n0400_b034,Plug-in PC,p1000_n0400,34
plug_in_pc_p1000_n0400_b035,Plug-in PC,p1000_n0400,35
plug_in_pc_p1000_n0400_b036,Plug-in PC,p1000_n0400,36
plug_in_pc_p1000_n0400_b037,Plug-in PC,p1000_n0400,37
plug_in_pc_p1000_n0400_b038,Plug-in PC,p1000_n0400,38
plug_in_pc_p1000_n0400_b039,Plug-in PC,p1000_n0400,39
plug_in_pc_p1000_n0400_b040,Plug-in PC,p1000_n0400,40
plug_in_pc_p1000_n0400_b041,Plug-in PC,p1000_n0400,41
plug_in_pc_p1000_n0400_b042,Plug-in PC,p1000_n0400,42
plug_in_pc_p1000_n0400_b043,Plug-in PC,p1000_n0400,43
plug_in_pc_p1000_n0400_b044,Plug-in PC,p1000_n0400,44
plug_in_pc_p1000_n0400_b045,Plug-in PC,p1000_n0400,45
plug_in_pc_p1000_n0400_b046,Plug-in PC,p1000_n0400,46
plug_in_pc_p1000_n0400_b047,Plug-in PC,p1000_n0400,47
plug_in_pc_p1000_n0400_b048,Plug-in PC,p1000_n0400,48
plug_in_pc_p1000_n0400_b049,Plug-in PC,p1000_n0400,49
plug_in_pc_p1000_n0400_b050,Plug-in PC,p1000_n0400,50
plug_in_pc_p1000_n0400_b051,Plug-in PC,p1000_n0400,51
plug_in_pc_p1000_n0400_b052,Plug-in PC,p1000_n0400,52
plug_in_pc_p1000_n0400_b053,Plug-in PC,p1000_n0400,53
plug_in_pc_p1000_n0400_b054,Plug-in PC,p1000_n0400,54
plug_in_pc_p1000_n0400_b055,Plug-in PC,p1000_n0400,55
plug_in_pc_p1000_n0400_b056,Plug-in PC,p1000_n0400,56
plug_in_pc_p1000_n0400_b057,Plug-in PC,p1000_n0400,57
plug_in_pc_p1000_n0400_b058,Plug-in PC,p1000_n0400,58
plug_in_pc_p1000_n0400_b059,Plug-in PC,p1000_n0400,59
plug_in_pc_p1000_n0400_b060,Plug-in PC,p1000_n0400,60
plug_in_pc_p1000_n0400_b061,Plug-in PC,p1000_n0400,61
plug_in_pc_p1000_n0400_b062,Plug-in PC,p1000_n0400,62
plug_in_pc_p1000_n0400_b063,Plug-in PC,p1000_n0400,63
plug_in_pc_p1000_n0400_b064,Plug-in PC,p1000_n0400,64
plug_in_pc_p1000_n0400_b065,Plug-in PC,p1000_n0400,65
plug_in_pc_p1000_n0400_b066,Plug-in PC,p1000_n0400,66
plug_in_pc_p1000_n0400_b067,Plug-in PC,p1000_n0400,67
plug_in_pc_p1000_n0400_b068,Plug-in PC,p1000_n0400,68
plug_in_pc_p1000_n0400_b069,Plug-in PC,p1000_n0400,69
plug_in_pc_p1000_n0400_b070,Plug-in PC,p1000_n0400,70
plug_in_pc_p1000_n0400_b071,Plug-in PC,p1000_n0400,71
plug_in_pc_p1000_n0400_b072,Plug-in PC,p1000_n0400,72
plug_in_pc_p1000_n0400_b073,Plug-in PC,p1000_n0400,73
plug_in_pc_p1000_n0400_b074,Plug-in PC,p1000_n0400,74
plug_in_pc_p1000_n0400_b075,Plug-in PC,p1000_n0400,75
plug_in_pc_p1000_n0400_b076,Plug-in PC,p1000_n0400,76
plug_in_pc_p1000_n0400_b077,Plug-in PC,p1000_n0400,77
plug_in_pc_p1000_n0400_b078,Plug-in PC,p1000_n0400,78
plug_in_pc_p1000_n0400_b079,Plug-in PC,p1000_n0400,79
plug_in_pc_p1000_n0400_b080,Plug-in PC,p1000_n0400,80
plug_in_pc_p1000_n0400_b081,Plug-in PC,p1000_n0400,81
plug_in_pc_p1000_n0400_b082,Plug-in PC,p1000_n0400,82
plug_in_pc_p1000_n0400_b083,Plug-in PC,p1000_n0400,83
plug_in_pc_p1000_n0400_b084,Plug-in PC,p1000_n0400,84
plug_in_pc_p1000_n0400_b085,Plug-in PC,p1000_n0400,85
plug_in_pc_p1000_n0400_b086,Plug-in PC,p1000_n0400,86
plug_in_pc_p1000_n0400_b087,Plug-in PC,p1000_n0400,87
plug_in_pc_p1000_n0400_b088,Plug-in PC,p1000_n0400,88
plug_in_pc_p1000_n0400_b089,Plug-in PC,p1000_n0400,89
plug_in_pc_p1000_n0400_b090,Plug-in PC,p1000_n0400,90
plug_in_pc_p1000_n0400_b091,Plug-in PC,p1000_n0400,91
plug_in_pc_p1000_n0400_b092,Plug-in PC,p1000_n0400,92
plug_in_pc_p1000_n0400_b093,Plug-in PC,p1000_n0400,93
plug_in_pc_p1000_n0400_b094,Plug-in PC,p1000_n0400,94
plug_in_pc_p1000_n0400_b095,Plug-in PC,p1000_n0400,95
plug_in_pc_p1000_n0400_b096,Plug-in PC,p1000_n0400,96
plug_in_pc_p1000_n0400_b097,Plug-in PC,p1000_n0400,97
plug_in_pc_p1000_n0400_b098,Plug-in PC,p1000_n0400,98
plug_in_pc_p1000_n0400_b099,Plug-in PC,p1000_n0400,99
plug_in_pc_p1000_n0400_b100,Plug-in PC,p1000_n0400,100
debiased_pc_p1000_n0600_b001,Debiased PC,p1000_n0600,1
debiased_pc_p1000_n0600_b002,Debiased PC,p1000_n0600,2
debiased_pc_p1000_n0600_b003,Debiased PC,p1000_n0600,3
debiased_pc_p1000_n0600_b004,Debiased PC,p1000_n0600,4
debiased_pc_p1000_n0600_b005,Debiased PC,p1000_n0600,5
debiased_pc_p1000_n0600_b006,Debiased PC,p1000_n0600,6
debiased_pc_p1000_n0600_b007,Debiased PC,p1000_n0600,7
debiased_pc_p1000_n0600_b008,Debiased PC,p1000_n0600,8
debiased_pc_p1000_n0600_b009,Debiased PC,p1000_n0600,9
debiased_pc_p1000_n0600_b010,Debiased PC,p1000_n0600,10
debiased_pc_p1000_n0600_b011,Debiased PC,p1000_n0600,11
debiased_pc_p1000_n0600_b012,Debiased PC,p1000_n0600,12
debiased_pc_p1000_n0600_b013,Debiased PC,p1000_n0600,13
debiased_pc_p1000_n0600_b014,Debiased PC,p1000_n0600,14
debiased_pc_p1000_n0600_b015,Debiased PC,p1000_n0600,15
debiased_pc_p1000_n0600_b016,Debiased PC,p1000_n0600,16
debiased_pc_p1000_n0600_b017,Debiased PC,p1000_n0600,17
debiased_pc_p1000_n0600_b018,Debiased PC,p1000_n0600,18
debiased_pc_p1000_n0600_b019,Debiased PC,p1000_n0600,19
debiased_pc_p1000_n0600_b020,Debiased PC,p1000_n0600,20
debiased_pc_p1000_n0600_b021,Debiased PC,p1000_n0600,21
debiased_pc_p1000_n0600_b022,Debiased PC,p1000_n0600,22
debiased_pc_p1000_n0600_b023,Debiased PC,p1000_n0600,23
debiased_pc_p1000_n0600_b024,Debiased PC,p1000_n0600,24
debiased_pc_p1000_n0600_b025,Debiased PC,p1000_n0600,25
debiased_pc_p1000_n0600_b026,Debiased PC,p1000_n0600,26
debiased_pc_p1000_n0600_b027,Debiased PC,p1000_n0600,27
debiased_pc_p1000_n0600_b028,Debiased PC,p1000_n0600,28
debiased_pc_p1000_n0600_b029,Debiased PC,p1000_n0600,29
debiased_pc_p1000_n0600_b030,Debiased PC,p1000_n0600,30
debiased_pc_p1000_n0600_b031,Debiased PC,p1000_n0600,31
debiased_pc_p1000_n0600_b032,Debiased PC,p1000_n0600,32
debiased_pc_p1000_n0600_b033,Debiased PC,p1000_n0600,33
debiased_pc_p1000_n0600_b034,Debiased PC,p1000_n0600,34
debiased_pc_p1000_n0600_b035,Debiased PC,p1000_n0600,35
debiased_pc_p1000_n0600_b036,Debiased PC,p1000_n0600,36
debiased_pc_p1000_n0600_b037,Debiased PC,p1000_n0600,37
debiased_pc_p1000_n0600_b038,Debiased PC,p1000_n0600,38
debiased_pc_p1000_n0600_b039,Debiased PC,p1000_n0600,39
debiased_pc_p1000_n0600_b040,Debiased PC,p1000_n0600,40
debiased_pc_p1000_n0600_b041,Debiased PC,p1000_n0600,41
debiased_pc_p1000_n0600_b042,Debiased PC,p1000_n0600,42
debiased_pc_p1000_n0600_b043,Debiased PC,p1000_n0600,43
debiased_pc_p1000_n0600_b044,Debiased PC,p1000_n0600,44
debiased_pc_p1000_n0600_b045,Debiased PC,p1000_n0600,45
debiased_pc_p1000_n0600_b046,Debiased PC,p1000_n0600,46
debiased_pc_p1000_n0600_b047,Debiased PC,p1000_n0600,47
debiased_pc_p1000_n0600_b048,Debiased PC,p1000_n0600,48
debiased_pc_p1000_n0600_b049,Debiased PC,p1000_n0600,49
debiased_pc_p1000_n0600_b050,Debiased PC,p1000_n0600,50
debiased_pc_p1000_n0600_b051,Debiased PC,p1000_n0600,51
debiased_pc_p1000_n0600_b052,Debiased PC,p1000_n0600,52
debiased_pc_p1000_n0600_b053,Debiased PC,p1000_n0600,53
debiased_pc_p1000_n0600_b054,Debiased PC,p1000_n0600,54
debiased_pc_p1000_n0600_b055,Debiased PC,p1000_n0600,55
debiased_pc_p1000_n0600_b056,Debiased PC,p1000_n0600,56
debiased_pc_p1000_n0600_b057,Debiased PC,p1000_n0600,57
debiased_pc_p1000_n0600_b058,Debiased PC,p1000_n0600,58
debiased_pc_p1000_n0600_b059,Debiased PC,p1000_n0600,59
debiased_pc_p1000_n0600_b060,Debiased PC,p1000_n0600,60
debiased_pc_p1000_n0600_b061,Debiased PC,p1000_n0600,61
debiased_pc_p1000_n0600_b062,Debiased PC,p1000_n0600,62
debiased_pc_p1000_n0600_b063,Debiased PC,p1000_n0600,63
debiased_pc_p1000_n0600_b064,Debiased PC,p1000_n0600,64
debiased_pc_p1000_n0600_b065,Debiased PC,p1000_n0600,65
debiased_pc_p1000_n0600_b066,Debiased PC,p1000_n0600,66
debiased_pc_p1000_n0600_b067,Debiased PC,p1000_n0600,67
debiased_pc_p1000_n0600_b068,Debiased PC,p1000_n0600,68
debiased_pc_p1000_n0600_b069,Debiased PC,p1000_n0600,69
debiased_pc_p1000_n0600_b070,Debiased PC,p1000_n0600,70
debiased_pc_p1000_n0600_b071,Debiased PC,p1000_n0600,71
debiased_pc_p1000_n0600_b072,Debiased PC,p1000_n0600,72
debiased_pc_p1000_n0600_b073,Debiased PC,p1000_n0600,73
debiased_pc_p1000_n0600_b074,Debiased PC,p1000_n0600,74
debiased_pc_p1000_n0600_b075,Debiased PC,p1000_n0600,75
debiased_pc_p1000_n0600_b076,Debiased PC,p1000_n0600,76
debiased_pc_p1000_n0600_b077,Debiased PC,p1000_n0600,77
debiased_pc_p1000_n0600_b078,Debiased PC,p1000_n0600,78
debiased_pc_p1000_n0600_b079,Debiased PC,p1000_n0600,79
debiased_pc_p1000_n0600_b080,Debiased PC,p1000_n0600,80
debiased_pc_p1000_n0600_b081,Debiased PC,p1000_n0600,81
debiased_pc_p1000_n0600_b082,Debiased PC,p1000_n0600,82
debiased_pc_p1000_n0600_b083,Debiased PC,p1000_n0600,83
debiased_pc_p1000_n0600_b084,Debiased PC,p1000_n0600,84
debiased_pc_p1000_n0600_b085,Debiased PC,p1000_n0600,85
debiased_pc_p1000_n0600_b086,Debiased PC,p1000_n0600,86
debiased_pc_p1000_n0600_b087,Debiased PC,p1000_n0600,87
debiased_pc_p1000_n0600_b088,Debiased PC,p1000_n0600,88
debiased_pc_p1000_n0600_b089,Debiased PC,p1000_n0600,89
debiased_pc_p1000_n0600_b090,Debiased PC,p1000_n0600,90
debiased_pc_p1000_n0600_b091,Debiased PC,p1000_n0600,91
debiased_pc_p1000_n0600_b092,Debiased PC,p1000_n0600,92
debiased_pc_p1000_n0600_b093,Debiased PC,p1000_n0600,93
debiased_pc_p1000_n0600_b094,Debiased PC,p1000_n0600,94
debiased_pc_p1000_n0600_b095,Debiased PC,p1000_n0600,95
debiased_pc_p1000_n0600_b096,Debiased PC,p1000_n0600,96
debiased_pc_p1000_n0600_b097,Debiased PC,p1000_n0600,97
debiased_pc_p1000_n0600_b098,Debiased PC,p1000_n0600,98
debiased_pc_p1000_n0600_b099,Debiased PC,p1000_n0600,99
debiased_pc_p1000_n0600_b100,Debiased PC,p1000_n0600,100
oracle_pc_p1000_n0600_b001,Oracle PC,p1000_n0600,1
oracle_pc_p1000_n0600_b002,Oracle PC,p1000_n0600,2
oracle_pc_p1000_n0600_b003,Oracle PC,p1000_n0600,3
oracle_pc_p1000_n0600_b004,Oracle PC,p1000_n0600,4
oracle_pc_p1000_n0600_b005,Oracle PC,p1000_n0600,5
oracle_pc_p1000_n0600_b006,Oracle PC,p1000_n0600,6
oracle_pc_p1000_n0600_b007,Oracle PC,p1000_n0600,7
oracle_pc_p1000_n0600_b008,Oracle PC,p1000_n0600,8
oracle_pc_p1000_n0600_b009,Oracle PC,p1000_n0600,9
oracle_pc_p1000_n0600_b010,Oracle PC,p1000_n0600,10
oracle_pc_p1000_n0600_b011,Oracle PC,p1000_n0600,11
oracle_pc_p1000_n0600_b012,Oracle PC,p1000_n0600,12
oracle_pc_p1000_n0600_b013,Oracle PC,p1000_n0600,13
oracle_pc_p1000_n0600_b014,Oracle PC,p1000_n0600,14
oracle_pc_p1000_n0600_b015,Oracle PC,p1000_n0600,15
oracle_pc_p1000_n0600_b016,Oracle PC,p1000_n0600,16
oracle_pc_p1000_n0600_b017,Oracle PC,p1000_n0600,17
oracle_pc_p1000_n0600_b018,Oracle PC,p1000_n0600,18
oracle_pc_p1000_n0600_b019,Oracle PC,p1000_n0600,19
oracle_pc_p1000_n0600_b020,Oracle PC,p1000_n0600,20
oracle_pc_p1000_n0600_b021,Oracle PC,p1000_n0600,21
oracle_pc_p1000_n0600_b022,Oracle PC,p1000_n0600,22
oracle_pc_p1000_n0600_b023,Oracle PC,p1000_n0600,23
oracle_pc_p1000_n0600_b024,Oracle PC,p1000_n0600,24
oracle_pc_p1000_n0600_b025,Oracle PC,p1000_n0600,25
oracle_pc_p1000_n0600_b026,Oracle PC,p1000_n0600,26
oracle_pc_p1000_n0600_b027,Oracle PC,p1000_n0600,27
oracle_pc_p1000_n0600_b028,Oracle PC,p1000_n0600,28
oracle_pc_p1000_n0600_b029,Oracle PC,p1000_n0600,29
oracle_pc_p1000_n0600_b030,Oracle PC,p1000_n0600,30
oracle_pc_p1000_n0600_b031,Oracle PC,p1000_n0600,31
oracle_pc_p1000_n0600_b032,Oracle PC,p1000_n0600,32
oracle_pc_p1000_n0600_b033,Oracle PC,p1000_n0600,33
oracle_pc_p1000_n0600_b034,Oracle PC,p1000_n0600,34
oracle_pc_p1000_n0600_b035,Oracle PC,p1000_n0600,35
oracle_pc_p1000_n0600_b036,Oracle PC,p1000_n0600,36
oracle_pc_p1000_n0600_b037,Oracle PC,p1000_n0600,37
oracle_pc_p1000_n0600_b038,Oracle PC,p1000_n0600,38
oracle_pc_p1000_n0600_b039,Oracle PC,p1000_n0600,39
oracle_pc_p1000_n0600_b040,Oracle PC,p1000_n0600,40
oracle_pc_p1000_n0600_b041,Oracle PC,p1000_n0600,41
oracle_pc_p1000_n0600_b042,Oracle PC,p1000_n0600,42
oracle_pc_p1000_n0600_b043,Oracle PC,p1000_n0600,43
oracle_pc_p1000_n0600_b044,Oracle PC,p1000_n0600,44
oracle_pc_p1000_n0600_b045,Oracle PC,p1000_n0600,45
oracle_pc_p1000_n0600_b046,Oracle PC,p1000_n0600,46
oracle_pc_p1000_n0600_b047,Oracle PC,p1000_n0600,47
oracle_pc_p1000_n0600_b048,Oracle PC,p1000_n0600,48
oracle_pc_p1000_n0600_b049,Oracle PC,p1000_n0600,49
oracle_pc_p1000_n0600_b050,Oracle PC,p1000_n0600,50
oracle_pc_p1000_n0600_b051,Oracle PC,p1000_n0600,51
oracle_pc_p1000_n0600_b052,Oracle PC,p1000_n0600,52
oracle_pc_p1000_n0600_b053,Oracle PC,p1000_n0600,53
oracle_pc_p1000_n0600_b054,Oracle PC,p1000_n0600,54
oracle_pc_p1000_n0600_b055,Oracle PC,p1000_n0600,55
oracle_pc_p1000_n0600_b056,Oracle PC,p1000_n0600,56
oracle_pc_p1000_n0600_b057,Oracle PC,p1000_n0600,57
oracle_pc_p1000_n0600_b058,Oracle PC,p1000_n0600,58
oracle_pc_p1000_n0600_b059,Oracle PC,p1000_n0600,59
oracle_pc_p1000_n0600_b060,Oracle PC,p1000_n0600,60
oracle_pc_p1000_n0600_b061,Oracle PC,p1000_n0600,61
oracle_pc_p1000_n0600_b062,Oracle PC,p1000_n0600,62
oracle_pc_p1000_n0600_b063,Oracle PC,p1000_n0600,63
oracle_pc_p1000_n0600_b064,Oracle PC,p1000_n0600,64
oracle_pc_p1000_n0600_b065,Oracle PC,p1000_n0600,65
oracle_pc_p1000_n0600_b066,Oracle PC,p1000_n0600,66
oracle_pc_p1000_n0600_b067,Oracle PC,p1000_n0600,67
oracle_pc_p1000_n0600_b068,Oracle PC,p1000_n0600,68
oracle_pc_p1000_n0600_b069,Oracle PC,p1000_n0600,69
oracle_pc_p1000_n0600_b070,Oracle PC,p1000_n0600,70
oracle_pc_p1000_n0600_b071,Oracle PC,p1000_n0600,71
oracle_pc_p1000_n0600_b072,Oracle PC,p1000_n0600,72
oracle_pc_p1000_n0600_b073,Oracle PC,p1000_n0600,73
oracle_pc_p1000_n0600_b074,Oracle PC,p1000_n0600,74
oracle_pc_p1000_n0600_b075,Oracle PC,p1000_n0600,75
oracle_pc_p1000_n0600_b076,Oracle PC,p1000_n0600,76
oracle_pc_p1000_n0600_b077,Oracle PC,p1000_n0600,77
oracle_pc_p1000_n0600_b078,Oracle PC,p1000_n0600,78
oracle_pc_p1000_n0600_b079,Oracle PC,p1000_n0600,79
oracle_pc_p1000_n0600_b080,Oracle PC,p1000_n0600,80
oracle_pc_p1000_n0600_b081,Oracle PC,p1000_n0600,81
oracle_pc_p1000_n0600_b082,Oracle PC,p1000_n0600,82
oracle_pc_p1000_n0600_b083,Oracle PC,p1000_n0600,83
oracle_pc_p1000_n0600_b084,Oracle PC,p1000_n0600,84
oracle_pc_p1000_n0600_b085,Oracle PC,p1000_n0600,85
oracle_pc_p1000_n0600_b086,Oracle PC,p1000_n0600,86
oracle_pc_p1000_n0600_b087,Oracle PC,p1000_n0600,87
oracle_pc_p1000_n0600_b088,Oracle PC,p1000_n0600,88
oracle_pc_p1000_n0600_b089,Oracle PC,p1000_n0600,89
oracle_pc_p1000_n0600_b090,Oracle PC,p1000_n0600,90
oracle_pc_p1000_n0600_b091,Oracle PC,p1000_n0600,91
oracle_pc_p1000_n0600_b092,Oracle PC,p1000_n0600,92
oracle_pc_p1000_n0600_b093,Oracle PC,p1000_n0600,93
oracle_pc_p1000_n0600_b094,Oracle PC,p1000_n0600,94
oracle_pc_p1000_n0600_b095,Oracle PC,p1000_n0600,95
oracle_pc_p1000_n0600_b096,Oracle PC,p1000_n0600,96
oracle_pc_p1000_n0600_b097,Oracle PC,p1000_n0600,97
oracle_pc_p1000_n0600_b098,Oracle PC,p1000_n0600,98
oracle_pc_p1000_n0600_b099,Oracle PC,p1000_n0600,99
oracle_pc_p1000_n0600_b100,Oracle PC,p1000_n0600,100
plug_in_pc_p1000_n0600_b001,Plug-in PC,p1000_n0600,1
plug_in_pc_p1000_n0600_b002,Plug-in PC,p1000_n0600,2
plug_in_pc_p1000_n0600_b003,Plug-in PC,p1000_n0600,3
plug_in_pc_p1000_n0600_b004,Plug-in PC,p1000_n0600,4
plug_in_pc_p1000_n0600_b005,Plug-in PC,p1000_n0600,5
plug_in_pc_p1000_n0600_b006,Plug-in PC,p1000_n0600,6
plug_in_pc_p1000_n0600_b007,Plug-in PC,p1000_n0600,7
plug_in_pc_p1000_n0600_b008,Plug-in PC,p1000_n0600,8
plug_in_pc_p1000_n0600_b009,Plug-in PC,p1000_n0600,9
plug_in_pc_p1000_n0600_b010,Plug-in PC,p1000_n0600,10
plug_in_pc_p1000_n0600_b011,Plug-in PC,p1000_n0600,11
plug_in_pc_p1000_n0600_b012,Plug-in PC,p1000_n0600,12
plug_in_pc_p1000_n0600_b013,Plug-in PC,p1000_n0600,13
plug_in_pc_p1000_n0600_b014,Plug-in PC,p1000_n0600,14
plug_in_pc_p1000_n0600_b015,Plug-in PC,p1000_n0600,15
plug_in_pc_p1000_n0600_b016,Plug-in PC,p1000_n0600,16
plug_in_pc_p1000_n0600_b017,Plug-in PC,p1000_n0600,17
plug_in_pc_p1000_n0600_b018,Plug-in PC,p1000_n0600,18
plug_in_pc_p1000_n0600_b019,Plug-in PC,p1000_n0600,19
plug_in_pc_p1000_n0600_b020,Plug-in PC,p1000_n0600,20
plug_in_pc_p1000_n0600_b021,Plug-in PC,p1000_n0600,21
plug_in_pc_p1000_n0600_b022,Plug-in PC,p1000_n0600,22
plug_in_pc_p1000_n0600_b023,Plug-in PC,p1000_n0600,23
plug_in_pc_p1000_n0600_b024,Plug-in PC,p1000_n0600,24
plug_in_pc_p1000_n0600_b025,Plug-in PC,p1000_n0600,25
plug_in_pc_p1000_n0600_b026,Plug-in PC,p1000_n0600,26
plug_in_pc_p1000_n0600_b027,Plug-in PC,p1000_n0600,27
plug_in_pc_p1000_n0600_b028,Plug-in PC,p1000_n0600,28
plug_in_pc_p1000_n0600_b029,Plug-in PC,p1000_n0600,29
plug_in_pc_p1000_n0600_b030,Plug-in PC,p1000_n0600,30
plug_in_pc_p1000_n0600_b031,Plug-in PC,p1000_n0600,31
plug_in_pc_p1000_n0600_b032,Plug-in PC,p1000_n0600,32
plug_in_pc_p1000_n0600_b033,Plug-in PC,p1000_n0600,33
plug_in_pc_p1000_n0600_b034,Plug-in PC,p1000_n0600,34
plug_in_pc_p1000_n0600_b035,Plug-in PC,p1000_n0600,35
plug_in_pc_p1000_n0600_b036,Plug-in PC,p1000_n0600,36
plug_in_pc_p1000_n0600_b037,Plug-in PC,p1000_n0600,37
plug_in_pc_p1000_n0600_b038,Plug-in PC,p1000_n0600,38
plug_in_pc_p1000_n0600_b039,Plug-in PC,p1000_n0600,39
plug_in_pc_p1000_n0600_b040,Plug-in PC,p1000_n0600,40
plug_in_pc_p1000_n0600_b041,Plug-in PC,p1000_n0600,41
plug_in_pc_p1000_n0600_b042,Plug-in PC,p1000_n0600,42
plug_in_pc_p1000_n0600_b043,Plug-in PC,p1000_n0600,43
plug_in_pc_p1000_n0600_b044,Plug-in PC,p1000_n0600,44
plug_in_pc_p1000_n0600_b045,Plug-in PC,p1000_n0600,45
plug_in_pc_p1000_n0600_b046,Plug-in PC,p1000_n0600,46
plug_in_pc_p1000_n0600_b047,Plug-in PC,p1000_n0600,47
plug_in_pc_p1000_n0600_b048,Plug-in PC,p1000_n0600,48
plug_in_pc_p1000_n0600_b049,Plug-in PC,p1000_n0600,49
plug_in_pc_p1000_n0600_b050,Plug-in PC,p1000_n0600,50
plug_in_pc_p1000_n0600_b051,Plug-in PC,p1000_n0600,51
plug_in_pc_p1000_n0600_b052,Plug-in PC,p1000_n0600,52
plug_in_pc_p1000_n0600_b053,Plug-in PC,p1000_n0600,53
plug_in_pc_p1000_n0600_b054,Plug-in PC,p1000_n0600,54
plug_in_pc_p1000_n0600_b055,Plug-in PC,p1000_n0600,55
plug_in_pc_p1000_n0600_b056,Plug-in PC,p1000_n0600,56
plug_in_pc_p1000_n0600_b057,Plug-in PC,p1000_n0600,57
plug_in_pc_p1000_n0600_b058,Plug-in PC,p1000_n0600,58
plug_in_pc_p1000_n0600_b059,Plug-in PC,p1000_n0600,59
plug_in_pc_p1000_n0600_b060,Plug-in PC,p1000_n0600,60
plug_in_pc_p1000_n0600_b061,Plug-in PC,p1000_n0600,61
plug_in_pc_p1000_n0600_b062,Plug-in PC,p1000_n0600,62
plug_in_pc_p1000_n0600_b063,Plug-in PC,p1000_n0600,63
plug_in_pc_p1000_n0600_b064,Plug-in PC,p1000_n0600,64
plug_in_pc_p1000_n0600_b065,Plug-in PC,p1000_n0600,65
plug_in_pc_p1000_n0600_b066,Plug-in PC,p1000_n0600,66
plug_in_pc_p1000_n0600_b067,Plug-in PC,p1000_n0600,67
plug_in_pc_p1000_n0600_b068,Plug-in PC,p1000_n0600,68
plug_in_pc_p1000_n0600_b069,Plug-in PC,p1000_n0600,69
plug_in_pc_p1000_n0600_b070,Plug-in PC,p1000_n0600,70
plug_in_pc_p1000_n0600_b071,Plug-in PC,p1000_n0600,71
plug_in_pc_p1000_n0600_b072,Plug-in PC,p1000_n0600,72
plug_in_pc_p1000_n0600_b073,Plug-in PC,p1000_n0600,73
plug_in_pc_p1000_n0600_b074,Plug-in PC,p1000_n0600,74
plug_in_pc_p1000_n0600_b075,Plug-in PC,p1000_n0600,75
plug_in_pc_p1000_n0600_b076,Plug-in PC,p1000_n0600,76
plug_in_pc_p1000_n0600_b077,Plug-in PC,p1000_n0600,77
plug_in_pc_p1000_n0600_b078,Plug-in PC,p1000_n0600,78
plug_in_pc_p1000_n0600_b079,Plug-in PC,p1000_n0600,79
plug_in_pc_p1000_n0600_b080,Plug-in PC,p1000_n0600,80
plug_in_pc_p1000_n0600_b081,Plug-in PC,p1000_n0600,81
plug_in_pc_p1000_n0600_b082,Plug-in PC,p1000_n0600,82
plug_in_pc_p1000_n0600_b083,Plug-in PC,p1000_n0600,83
plug_in_pc_p1000_n0600_b084,Plug-in PC,p1000_n0600,84
plug_in_pc_p1000_n0600_b085,Plug-in PC,p1000_n0600,85
plug_in_pc_p1000_n0600_b086,Plug-in PC,p1000_n0600,86
plug_in_pc_p1000_n0600_b087,Plug-in PC,p1000_n0600,87
plug_in_pc_p1000_n0600_b088,Plug-in PC,p1000_n0600,88
plug_in_pc_p1000_n0600_b089,Plug-in PC,p1000_n0600,89
plug_in_pc_p1000_n0600_b090,Plug-in PC,p1000_n0600,90
plug_in_pc_p1000_n0600_b091,Plug-in PC,p1000_n0600,91
plug_in_pc_p1000_n0600_b092,Plug-in PC,p1000_n0600,92
plug_in_pc_p1000_n0600_b093,Plug-in PC,p1000_n0600,93
plug_in_pc_p1000_n0600_b094,Plug-in PC,p1000_n0600,94
plug_in_pc_p1000_n0600_b095,Plug-in PC,p1000_n0600,95
plug_in_pc_p1000_n0600_b096,Plug-in PC,p1000_n0600,96
plug_in_pc_p1000_n0600_b097,Plug-in PC,p1000_n0600,97
plug_in_pc_p1000_n0600_b098,Plug-in PC,p1000_n0600,98
plug_in_pc_p1000_n0600_b099,Plug-in PC,p1000_n0600,99
plug_in_pc_p1000_n0600_b100,Plug-in PC,p1000_n0600,100
debiased_pc_p1000_n0800_b001,Debiased PC,p1000_n0800,1
debiased_pc_p1000_n0800_b002,Debiased PC,p1000_n0800,2
debiased_pc_p1000_n0800_b003,Debiased PC,p1000_n0800,3
debiased_pc_p1000_n0800_b004,Debiased PC,p1000_n0800,4
debiased_pc_p1000_n0800_b005,Debiased PC,p1000_n0800,5
debiased_pc_p1000_n0800_b006,Debiased PC,p1000_n0800,6
debiased_pc_p1000_n0800_b007,Debiased PC,p1000_n0800,7
debiased_pc_p1000_n0800_b008,Debiased PC,p1000_n0800,8
debiased_pc_p1000_n0800_b009,Debiased PC,p1000_n0800,9
debiased_pc_p1000_n0800_b010,Debiased PC,p1000_n0800,10
debiased_pc_p1000_n0800_b011,Debiased PC,p1000_n0800,11
debiased_pc_p1000_n0800_b012,Debiased PC,p1000_n0800,12
debiased_pc_p1000_n0800_b013,Debiased PC,p1000_n0800,13
debiased_pc_p1000_n0800_b014,Debiased PC,p1000_n0800,14
debiased_pc_p1000_n0800_b015,Debiased PC,p1000_n0800,15
debiased_pc_p1000_n0800_b016,Debiased PC,p1000_n0800,16
debiased_pc_p1000_n0800_b017,Debiased PC,p1000_n0800,17
debiased_pc_p1000_n0800_b018,Debiased PC,p1000_n0800,18
debiased_pc_p1000_n0800_b019,Debiased PC,p1000_n0800,19
debiased_pc_p1000_n0800_b020,Debiased PC,p1000_n0800,20
debiased_pc_p1000_n0800_b021,Debiased PC,p1000_n0800,21
debiased_pc_p1000_n0800_b022,Debiased PC,p1000_n0800,22
debiased_pc_p1000_n0800_b023,Debiased PC,p1000_n0800,23
debiased_pc_p1000_n0800_b024,Debiased PC,p1000_n0800,24
debiased_pc_p1000_n0800_b025,Debiased PC,p1000_n0800,25
debiased_pc_p1000_n0800_b026,Debiased PC,p1000_n0800,26
debiased_pc_p1000_n0800_b027,Debiased PC,p1000_n0800,27
debiased_pc_p1000_n0800_b028,Debiased PC,p1000_n0800,28
debiased_pc_p1000_n0800_b029,Debiased PC,p1000_n0800,29
debiased_pc_p1000_n0800_b030,Debiased PC,p1000_n0800,30
debiased_pc_p1000_n0800_b031,Debiased PC,p1000_n0800,31
debiased_pc_p1000_n0800_b032,Debiased PC,p1000_n0800,32
debiased_pc_p1000_n0800_b033,Debiased PC,p1000_n0800,33
debiased_pc_p1000_n0800_b034,Debiased PC,p1000_n0800,34
debiased_pc_p1000_n0800_b035,Debiased PC,p1000_n0800,35
debiased_pc_p1000_n0800_b036,Debiased PC,p1000_n0800,36
debiased_pc_p1000_n0800_b037,Debiased PC,p1000_n0800,37
debiased_pc_p1000_n0800_b038,Debiased PC,p1000_n0800,38
debiased_pc_p1000_n0800_b039,Debiased PC,p1000_n0800,39
debiased_pc_p1000_n0800_b040,Debiased PC,p1000_n0800,40
debiased_pc_p1000_n0800_b041,Debiased PC,p1000_n0800,41
debiased_pc_p1000_n0800_b042,Debiased PC,p1000_n0800,42
debiased_pc_p1000_n0800_b043,Debiased PC,p1000_n0800,43
debiased_pc_p1000_n0800_b044,Debiased PC,p1000_n0800,44
debiased_pc_p1000_n0800_b045,Debiased PC,p1000_n0800,45
debiased_pc_p1000_n0800_b046,Debiased PC,p1000_n0800,46
debiased_pc_p1000_n0800_b047,Debiased PC,p1000_n0800,47
debiased_pc_p1000_n0800_b048,Debiased PC,p1000_n0800,48
debiased_pc_p1000_n0800_b049,Debiased PC,p1000_n0800,49
debiased_pc_p1000_n0800_b050,Debiased PC,p1000_n0800,50
debiased_pc_p1000_n0800_b051,Debiased PC,p1000_n0800,51
debiased_pc_p1000_n0800_b052,Debiased PC,p1000_n0800,52
debiased_pc_p1000_n0800_b053,Debiased PC,p1000_n0800,53
debiased_pc_p1000_n0800_b054,Debiased PC,p1000_n0800,54
debiased_pc_p1000_n0800_b055,Debiased PC,p1000_n0800,55
debiased_pc_p1000_n0800_b056,Debiased PC,p1000_n0800,56
debiased_pc_p1000_n0800_b057,Debiased PC,p1000_n0800,57
debiased_pc_p1000_n0800_b058,Debiased PC,p1000_n0800,58
debiased_pc_p1000_n0800_b059,Debiased PC,p1000_n0800,59
debiased_pc_p1000_n0800_b060,Debiased PC,p1000_n0800,60
debiased_pc_p1000_n0800_b061,Debiased PC,p1000_n0800,61
debiased_pc_p1000_n0800_b062,Debiased PC,p1000_n0800,62
debiased_pc_p1000_n0800_b063,Debiased PC,p1000_n0800,63
debiased_pc_p1000_n0800_b064,Debiased PC,p1000_n0800,64
debiased_pc_p1000_n0800_b065,Debiased PC,p1000_n0800,65
debiased_pc_p1000_n0800_b066,Debiased PC,p1000_n0800,66
debiased_pc_p1000_n0800_b067,Debiased PC,p1000_n0800,67
debiased_pc_p1000_n0800_b068,Debiased PC,p1000_n0800,68
debiased_pc_p1000_n0800_b069,Debiased PC,p1000_n0800,69
debiased_pc_p1000_n0800_b070,Debiased PC,p1000_n0800,70
debiased_pc_p1000_n0800_b071,Debiased PC,p1000_n0800,71
debiased_pc_p1000_n0800_b072,Debiased PC,p1000_n0800,72
debiased_pc_p1000_n0800_b073,Debiased PC,p1000_n0800,73
debiased_pc_p1000_n0800_b074,Debiased PC,p1000_n0800,74
debiased_pc_p1000_n0800_b075,Debiased PC,p1000_n0800,75
debiased_pc_p1000_n0800_b076,Debiased PC,p1000_n0800,76
debiased_pc_p1000_n0800_b077,Debiased PC,p1000_n0800,77
debiased_pc_p1000_n0800_b078,Debiased PC,p1000_n0800,78
debiased_pc_p1000_n0800_b079,Debiased PC,p1000_n0800,79
debiased_pc_p1000_n0800_b080,Debiased PC,p1000_n0800,80
debiased_pc_p1000_n0800_b081,Debiased PC,p1000_n0800,81
debiased_pc_p1000_n0800_b082,Debiased PC,p1000_n0800,82
debiased_pc_p1000_n0800_b083,Debiased PC,p1000_n0800,83
debiased_pc_p1000_n0800_b084,Debiased PC,p1000_n0800,84
debiased_pc_p1000_n0800_b085,Debiased PC,p1000_n0800,85
debiased_pc_p1000_n0800_b086,Debiased PC,p1000_n0800,86
debiased_pc_p1000_n0800_b087,Debiased PC,p1000_n0800,87
debiased_pc_p1000_n0800_b088,Debiased PC,p1000_n0800,88
debiased_pc_p1000_n0800_b089,Debiased PC,p1000_n0800,89
debiased_pc_p1000_n0800_b090,Debiased PC,p1000_n0800,90
debiased_pc_p1000_n0800_b091,Debiased PC,p1000_n0800,91
debiased_pc_p1000_n0800_b092,Debiased PC,p1000_n0800,92
debiased_pc_p1000_n0800_b093,Debiased PC,p1000_n0800,93
debiased_pc_p1000_n0800_b094,Debiased PC,p1000_n0800,94
debiased_pc_p1000_n0800_b095,Debiased PC,p1000_n0800,95
debiased_pc_p1000_n0800_b096,Debiased PC,p1000_n0800,96
debiased_pc_p1000_n0800_b097,Debiased PC,p1000_n0800,97
debiased_pc_p1000_n0800_b098,Debiased PC,p1000_n0800,98
debiased_pc_p1000_n0800_b099,Debiased PC,p1000_n0800,99
debiased_pc_p1000_n0800_b100,Debiased PC,p1000_n0800,100
oracle_pc_p1000_n0800_b001,Oracle PC,p1000_n0800,1
oracle_pc_p1000_n0800_b002,Oracle PC,p1000_n0800,2
oracle_pc_p1000_n0800_b003,Oracle PC,p1000_n0800,3
oracle_pc_p1000_n0800_b004,Oracle PC,p1000_n0800,4
oracle_pc_p1000_n0800_b005,Oracle PC,p1000_n0800,5
oracle_pc_p1000_n0800_b006,Oracle PC,p1000_n0800,6
oracle_pc_p1000_n0800_b007,Oracle PC,p1000_n0800,7
oracle_pc_p1000_n0800_b008,Oracle PC,p1000_n0800,8
oracle_pc_p1000_n0800_b009,Oracle PC,p1000_n0800,9
oracle_pc_p1000_n0800_b010,Oracle PC,p1000_n0800,10
oracle_pc_p1000_n0800_b011,Oracle PC,p1000_n0800,11
oracle_pc_p1000_n0800_b012,Oracle PC,p1000_n0800,12
oracle_pc_p1000_n0800_b013,Oracle PC,p1000_n0800,13
oracle_pc_p1000_n0800_b014,Oracle PC,p1000_n0800,14
oracle_pc_p1000_n0800_b015,Oracle PC,p1000_n0800,15
oracle_pc_p1000_n0800_b016,Oracle PC,p1000_n0800,16
oracle_pc_p1000_n0800_b017,Oracle PC,p1000_n0800,17
oracle_pc_p1000_n0800_b018,Oracle PC,p1000_n0800,18
oracle_pc_p1000_n0800_b019,Oracle PC,p1000_n0800,19
oracle_pc_p1000_n0800_b020,Oracle PC,p1000_n0800,20
oracle_pc_p1000_n0800_b021,Oracle PC,p1000_n0800,21
oracle_pc_p1000_n0800_b022,Oracle PC,p1000_n0800,22
oracle_pc_p1000_n0800_b023,Oracle PC,p1000_n0800,23
oracle_pc_p1000_n0800_b024,Oracle PC,p1000_n0800,24
oracle_pc_p1000_n0800_b025,Oracle PC,p1000_n0800,25
oracle_pc_p1000_n0800_b026,Oracle PC,p1000_n0800,26
oracle_pc_p1000_n0800_b027,Oracle PC,p1000_n0800,27
oracle_pc_p1000_n0800_b028,Oracle PC,p1000_n0800,28
oracle_pc_p1000_n0800_b029,Oracle PC,p1000_n0800,29
oracle_pc_p1000_n0800_b030,Oracle PC,p1000_n0800,30
oracle_pc_p1000_n0800_b031,Oracle PC,p1000_n0800,31
oracle_pc_p1000_n0800_b032,Oracle PC,p1000_n0800,32
oracle_pc_p1000_n0800_b033,Oracle PC,p1000_n0800,33
oracle_pc_p1000_n0800_b034,Oracle PC,p1000_n0800,34
oracle_pc_p1000_n0800_b035,Oracle PC,p1000_n0800,35
oracle_pc_p1000_n0800_b036,Oracle PC,p1000_n0800,36
oracle_pc_p1000_n0800_b037,Oracle PC,p1000_n0800,37
oracle_pc_p1000_n0800_b038,Oracle PC,p1000_n0800,38
oracle_pc_p1000_n0800_b039,Oracle PC,p1000_n0800,39
oracle_pc_p1000_n0800_b040,Oracle PC,p1000_n0800,40
oracle_pc_p1000_n0800_b041,Oracle PC,p1000_n0800,41
oracle_pc_p1000_n0800_b042,Oracle PC,p1000_n0800,42
oracle_pc_p1000_n0800_b043,Oracle PC,p1000_n0800,43
oracle_pc_p1000_n0800_b044,Oracle PC,p1000_n0800,44
oracle_pc_p1000_n0800_b045,Oracle PC,p1000_n0800,45
oracle_pc_p1000_n0800_b046,Oracle PC,p1000_n0800,46
oracle_pc_p1000_n0800_b047,Oracle PC,p1000_n0800,47
oracle_pc_p1000_n0800_b048,Oracle PC,p1000_n0800,48
oracle_pc_p1000_n0800_b049,Oracle PC,p1000_n0800,49
oracle_pc_p1000_n0800_b050,Oracle PC,p1000_n0800,50
oracle_pc_p1000_n0800_b051,Oracle PC,p1000_n0800,51
oracle_pc_p1000_n0800_b052,Oracle PC,p1000_n0800,52
oracle_pc_p1000_n0800_b053,Oracle PC,p1000_n0800,53
oracle_pc_p1000_n0800_b054,Oracle PC,p1000_n0800,54
oracle_pc_p1000_n0800_b055,Oracle PC,p1000_n0800,55
oracle_pc_p1000_n0800_b056,Oracle PC,p1000_n0800,56
oracle_pc_p1000_n0800_b057,Oracle PC,p1000_n0800,57
oracle_pc_p1000_n0800_b058,Oracle PC,p1000_n0800,58
oracle_pc_p1000_n0800_b059,Oracle PC,p1000_n0800,59
oracle_pc_p1000_n0800_b060,Oracle PC,p1000_n0800,60
oracle_pc_p1000_n0800_b061,Oracle PC,p1000_n0800,61
oracle_pc_p1000_n0800_b062,Oracle PC,p1000_n0800,62
oracle_pc_p1000_n0800_b063,Oracle PC,p1000_n0800,63
oracle_pc_p1000_n0800_b064,Oracle PC,p1000_n0800,64
oracle_pc_p1000_n0800_b065,Oracle PC,p1000_n0800,65
oracle_pc_p1000_n0800_b066,Oracle PC,p1000_n0800,66
oracle_pc_p1000_n0800_b067,Oracle PC,p1000_n0800,67
oracle_pc_p1000_n0800_b068,Oracle PC,p1000_n0800,68
oracle_pc_p1000_n0800_b069,Oracle PC,p1000_n0800,69
oracle_pc_p1000_n0800_b070,Oracle PC,p1000_n0800,70
oracle_pc_p1000_n0800_b071,Oracle PC,p1000_n0800,71
oracle_pc_p1000_n0800_b072,Oracle PC,p1000_n0800,72
oracle_pc_p1000_n0800_b073,Oracle PC,p1000_n0800,73
oracle_pc_p1000_n0800_b074,Oracle PC,p1000_n0800,74
oracle_pc_p1000_n0800_b075,Oracle PC,p1000_n0800,75
oracle_pc_p1000_n0800_b076,Oracle PC,p1000_n0800,76
oracle_pc_p1000_n0800_b077,Oracle PC,p1000_n0800,77
oracle_pc_p1000_n0800_b078,Oracle PC,p1000_n0800,78
oracle_pc_p1000_n0800_b079,Oracle PC,p1000_n0800,79
oracle_pc_p1000_n0800_b080,Oracle PC,p1000_n0800,80
oracle_pc_p1000_n0800_b081,Oracle PC,p1000_n0800,81
oracle_pc_p1000_n0800_b082,Oracle PC,p1000_n0800,82
oracle_pc_p1000_n0800_b083,Oracle PC,p1000_n0800,83
oracle_pc_p1000_n0800_b084,Oracle PC,p1000_n0800,84
oracle_pc_p1000_n0800_b085,Oracle PC,p1000_n0800,85
oracle_pc_p1000_n0800_b086,Oracle PC,p1000_n0800,86
oracle_pc_p1000_n0800_b087,Oracle PC,p1000_n0800,87
oracle_pc_p1000_n0800_b088,Oracle PC,p1000_n0800,88
oracle_pc_p1000_n0800_b089,Oracle PC,p1000_n0800,89
oracle_pc_p1000_n0800_b090,Oracle PC,p1000_n0800,90
oracle_pc_p1000_n0800_b091,Oracle PC,p1000_n0800,91
oracle_pc_p1000_n0800_b092,Oracle PC,p1000_n0800,92
oracle_pc_p1000_n0800_b093,Oracle PC,p1000_n0800,93
oracle_pc_p1000_n0800_b094,Oracle PC,p1000_n0800,94
oracle_pc_p1000_n0800_b095,Oracle PC,p1000_n0800,95
oracle_pc_p1000_n0800_b096,Oracle PC,p1000_n0800,96
oracle_pc_p1000_n0800_b097,Oracle PC,p1000_n0800,97
oracle_pc_p1000_n0800_b098,Oracle PC,p1000_n0800,98
oracle_pc_p1000_n0800_b099,Oracle PC,p1000_n0800,99
oracle_pc_p1000_n0800_b100,Oracle PC,p1000_n0800,100
plug_in_pc_p1000_n0800_b001,Plug-in PC,p1000_n0800,1
plug_in_pc_p1000_n0800_b002,Plug-in PC,p1000_n0800,2
plug_in_pc_p1000_n0800_b003,Plug-in PC,p1000_n0800,3
plug_in_pc_p1000_n0800_b004,Plug-in PC,p1000_n0800,4
plug_in_pc_p1000_n0800_b005,Plug-in PC,p1000_n0800,5
plug_in_pc_p1000_n0800_b006,Plug-in PC,p1000_n0800,6
plug_in_pc_p1000_n0800_b007,Plug-in PC,p1000_n0800,7
plug_in_pc_p1000_n0800_b008,Plug-in PC,p1000_n0800,8
plug_in_pc_p1000_n0800_b009,Plug-in PC,p1000_n0800,9
plug_in_pc_p1000_n0800_b010,Plug-in PC,p1000_n0800,10
plug_in_pc_p1000_n0800_b011,Plug-in PC,p1000_n0800,11
plug_in_pc_p1000_n0800_b012,Plug-in PC,p1000_n0800,12
plug_in_pc_p1000_n0800_b013,Plug-in PC,p1000_n0800,13
plug_in_pc_p1000_n0800_b014,Plug-in PC,p1000_n0800,14
plug_in_pc_p1000_n0800_b015,Plug-in PC,p1000_n0800,15
plug_in_pc_p1000_n0800_b016,Plug-in PC,p1000_n0800,16
plug_in_pc_p1000_n0800_b017,Plug-in PC,p1000_n0800,17
plug_in_pc_p1000_n0800_b018,Plug-in PC,p1000_n0800,18
plug_in_pc_p1000_n0800_b019,Plug-in PC,p1000_n0800,19
plug_in_pc_p1000_n0800_b020,Plug-in PC,p1000_n0800,20
plug_in_pc_p1000_n0800_b021,Plug-in PC,p1000_n0800,21
plug_in_pc_p1000_n0800_b022,Plug-in PC,p1000_n0800,22
plug_in_pc_p1000_n0800_b023,Plug-in PC,p1000_n0800,23
plug_in_pc_p1000_n0800_b024,Plug-in PC,p1000_n0800,24
plug_in_pc_p1000_n0800_b025,Plug-in PC,p1000_n0800,25
plug_in_pc_p1000_n0800_b026,Plug-in PC,p1000_n0800,26
plug_in_pc_p1000_n0800_b027,Plug-in PC,p1000_n0800,27
plug_in_pc_p1000_n0800_b028,Plug-in PC,p1000_n0800,28
plug_in_pc_p1000_n0800_b029,Plug-in PC,p1000_n0800,29
plug_in_pc_p1000_n0800_b030,Plug-in PC,p1000_n0800,30
plug_in_pc_p1000_n0800_b031,Plug-in PC,p1000_n0800,31
plug_in_pc_p1000_n0800_b032,Plug-in PC,p1000_n0800,32
plug_in_pc_p1000_n0800_b033,Plug-in PC,p1000_n0800,33
plug_in_pc_p1000_n0800_b034,Plug-in PC,p1000_n0800,34
plug_in_pc_p1000_n0800_b035,Plug-in PC,p1000_n0800,35
plug_in_pc_p1000_n0800_b036,Plug-in PC,p1000_n0800,36
plug_in_pc_p1000_n0800_b037,Plug-in PC,p1000_n0800,37
plug_in_pc_p1000_n0800_b038,Plug-in PC,p1000_n0800,38
plug_in_pc_p1000_n0800_b039,Plug-in PC,p1000_n0800,39
plug_in_pc_p1000_n0800_b040,Plug-in PC,p1000_n0800,40
plug_in_pc_p1000_n0800_b041,Plug-in PC,p1000_n0800,41
plug_in_pc_p1000_n0800_b042,Plug-in PC,p1000_n0800,42
plug_in_pc_p1000_n0800_b043,Plug-in PC,p1000_n0800,43
plug_in_pc_p1000_n0800_b044,Plug-in PC,p1000_n0800,44
plug_in_pc_p1000_n0800_b045,Plug-in PC,p1000_n0800,45
plug_in_pc_p1000_n0800_b046,Plug-in PC,p1000_n0800,46
plug_in_pc_p1000_n0800_b047,Plug-in PC,p1000_n0800,47
plug_in_pc_p1000_n0800_b048,Plug-in PC,p1000_n0800,48
plug_in_pc_p1000_n0800_b049,Plug-in PC,p1000_n0800,49
plug_in_pc_p1000_n0800_b050,Plug-in PC,p1000_n0800,50
plug_in_pc_p1000_n0800_b051,Plug-in PC,p1000_n0800,51
plug_in_pc_p1000_n0800_b052,Plug-in PC,p1000_n0800,52
plug_in_pc_p1000_n0800_b053,Plug-in PC,p1000_n0800,53
plug_in_pc_p1000_n0800_b054,Plug-in PC,p1000_n0800,54
plug_in_pc_p1000_n0800_b055,Plug-in PC,p1000_n0800,55
plug_in_pc_p1000_n0800_b056,Plug-in PC,p1000_n0800,56
plug_in_pc_p1000_n0800_b057,Plug-in PC,p1000_n0800,57
plug_in_pc_p1000_n0800_b058,Plug-in PC,p1000_n0800,58
plug_in_pc_p1000_n0800_b059,Plug-in PC,p1000_n0800,59
plug_in_pc_p1000_n0800_b060,Plug-in PC,p1000_n0800,60
plug_in_pc_p1000_n0800_b061,Plug-in PC,p1000_n0800,61
plug_in_pc_p1000_n0800_b062,Plug-in PC,p1000_n0800,62
plug_in_pc_p1000_n0800_b063,Plug-in PC,p1000_n0800,63
plug_in_pc_p1000_n0800_b064,Plug-in PC,p1000_n0800,64
plug_in_pc_p1000_n0800_b065,Plug-in PC,p1000_n0800,65
plug_in_pc_p1000_n0800_b066,Plug-in PC,p1000_n0800,66
plug_in_pc_p1000_n0800_b067,Plug-in PC,p1000_n0800,67
plug_in_pc_p1000_n0800_b068,Plug-in PC,p1000_n0800,68
plug_in_pc_p1000_n0800_b069,Plug-in PC,p1000_n0800,69
plug_in_pc_p1000_n0800_b070,Plug-in PC,p1000_n0800,70
plug_in_pc_p1000_n0800_b071,Plug-in PC,p1000_n0800,71
plug_in_pc_p1000_n0800_b072,Plug-in PC,p1000_n0800,72
plug_in_pc_p1000_n0800_b073,Plug-in PC,p1000_n0800,73
plug_in_pc_p1000_n0800_b074,Plug-in PC,p1000_n0800,74
plug_in_pc_p1000_n0800_b075,Plug-in PC,p1000_n0800,75
plug_in_pc_p1000_n0800_b076,Plug-in PC,p1000_n0800,76
plug_in_pc_p1000_n0800_b077,Plug-in PC,p1000_n0800,77
plug_in_pc_p1000_n0800_b078,Plug-in PC,p1000_n0800,78
plug_in_pc_p1000_n0800_b079,Plug-in PC,p1000_n0800,79
plug_in_pc_p1000_n0800_b080,Plug-in PC,p1000_n0800,80
plug_in_pc_p1000_n0800_b081,Plug-in PC,p1000_n0800,81
plug_in_pc_p1000_n0800_b082,Plug-in PC,p1000_n0800,82
plug_in_pc_p1000_n0800_b083,Plug-in PC,p1000_n0800,83
plug_in_pc_p1000_n0800_b084,Plug-in PC,p1000_n0800,84
plug_in_pc_p1000_n0800_b085,Plug-in PC,p1000_n0800,85
plug_in_pc_p1000_n0800_b086,Plug-in PC,p1000_n0800,86
plug_in_pc_p1000_n0800_b087,Plug-in PC,p1000_n0800,87
plug_in_pc_p1000_n0800_b088,Plug-in PC,p1000_n0800,88
plug_in_pc_p1000_n0800_b089,Plug-in PC,p1000_n0800,89
plug_in_pc_p1000_n0800_b090,Plug-in PC,p1000_n0800,90
plug_in_pc_p1000_n0800_b091,Plug-in PC,p1000_n0800,91
plug_in_pc_p1000_n0800_b092,Plug-in PC,p1000_n0800,92
plug_in_pc_p1000_n0800_b093,Plug-in PC,p1000_n0800,93
plug_in_pc_p1000_n0800_b094,Plug-in PC,p1000_n0800,94
plug_in_pc_p1000_n0800_b095,Plug-in PC,p1000_n0800,95
plug_in_pc_p1000_n0800_b096,Plug-in PC,p1000_n0800,96
plug_in_pc_p1000_n0800_b097,Plug-in PC,p1000_n0800,97
plug_in_pc_p1000_n0800_b098,Plug-in PC,p1000_n0800,98
plug_in_pc_p1000_n0800_b099,Plug-in PC,p1000_n0800,99
plug_in_pc_p1000_n0800_b100,Plug-in PC,p1000_n0800,100
